suite,variant,mode,evaluation_run_id,task,episodes,planned_episodes,successes,success_rate_percent,task_complete,suite_complete,observed_at_utc
libero_spatial,reference,stk,arc-se-20261003-spatial-reference-stk-eval,pick_up_the_black_bowl_between_the_plate_and_the_ramekin_and_place_it_on_the_plate,250,250,140,56.0,True,True,2026-10-07T04:15:51.411544+00:00
libero_spatial,reference,stk,arc-se-20261003-spatial-reference-stk-eval,pick_up_the_black_bowl_from_table_center_and_place_it_on_the_plate,250,250,203,81.2,True,True,2026-10-07T04:15:51.411544+00:00
libero_spatial,reference,stk,arc-se-20261003-spatial-reference-stk-eval,pick_up_the_black_bowl_in_the_top_drawer_of_the_wooden_cabinet_and_place_it_on_the_plate,250,250,204,81.6,True,True,2026-10-07T04:15:51.411544+00:00
libero_spatial,reference,stk,arc-se-20261003-spatial-reference-stk-eval,pick_up_the_black_bowl_next_to_the_cookie_box_and_place_it_on_the_plate,250,250,189,75.6,True,True,2026-10-07T04:15:51.411544+00:00
libero_spatial,reference,stk,arc-se-20261003-spatial-reference-stk-eval,pick_up_the_black_bowl_next_to_the_plate_and_place_it_on_the_plate,250,250,135,54.0,True,True,2026-10-07T04:15:51.411544+00:00
libero_spatial,reference,stk,arc-se-20261003-spatial-reference-stk-eval,pick_up_the_black_bowl_next_to_the_ramekin_and_place_it_on_the_plate,250,250,212,84.8,True,True,2026-10-07T04:15:51.411544+00:00
libero_spatial,reference,stk,arc-se-20261003-spatial-reference-stk-eval,pick_up_the_black_bowl_on_the_cookie_box_and_place_it_on_the_plate,250,250,232,92.8,True,True,2026-10-07T04:15:51.411544+00:00
libero_spatial,reference,stk,arc-se-20261003-spatial-reference-stk-eval,pick_up_the_black_bowl_on_the_ramekin_and_place_it_on_the_plate,250,250,15,6.0,True,True,2026-10-07T04:15:51.411544+00:00
libero_spatial,reference,stk,arc-se-20261003-spatial-reference-stk-eval,pick_up_the_black_bowl_on_the_stove_and_place_it_on_the_plate,250,250,229,91.6,True,True,2026-10-07T04:15:51.411544+00:00
libero_spatial,reference,stk,arc-se-20261003-spatial-reference-stk-eval,pick_up_the_black_bowl_on_the_wooden_cabinet_and_place_it_on_the_plate,250,250,157,62.8,True,True,2026-10-07T04:15:51.411544+00:00
libero_spatial,reference,dur,arc-sr-20261003-spatial-reference-dur-eval,pick_up_the_black_bowl_between_the_plate_and_the_ramekin_and_place_it_on_the_plate,250,250,154,61.6,True,True,2026-10-07T04:15:51.411544+00:00
libero_spatial,reference,dur,arc-sr-20261003-spatial-reference-dur-eval,pick_up_the_black_bowl_from_table_center_and_place_it_on_the_plate,250,250,206,82.4,True,True,2026-10-07T04:15:51.411544+00:00
libero_spatial,reference,dur,arc-sr-20261003-spatial-reference-dur-eval,pick_up_the_black_bowl_in_the_top_drawer_of_the_wooden_cabinet_and_place_it_on_the_plate,250,250,185,74.0,True,True,2026-10-07T04:15:51.411544+00:00
libero_spatial,reference,dur,arc-sr-20261003-spatial-reference-dur-eval,pick_up_the_black_bowl_next_to_the_cookie_box_and_place_it_on_the_plate,250,250,211,84.4,True,True,2026-10-07T04:15:51.411544+00:00
libero_spatial,reference,dur,arc-sr-20261003-spatial-reference-dur-eval,pick_up_the_black_bowl_next_to_the_plate_and_place_it_on_the_plate,250,250,146,58.4,True,True,2026-10-07T04:15:51.411544+00:00
libero_spatial,reference,dur,arc-sr-20261003-spatial-reference-dur-eval,pick_up_the_black_bowl_next_to_the_ramekin_and_place_it_on_the_plate,250,250,197,78.8,True,True,2026-10-07T04:15:51.411544+00:00
libero_spatial,reference,dur,arc-sr-20261003-spatial-reference-dur-eval,pick_up_the_black_bowl_on_the_cookie_box_and_place_it_on_the_plate,250,250,218,87.2,True,True,2026-10-07T04:15:51.411544+00:00
libero_spatial,reference,dur,arc-sr-20261003-spatial-reference-dur-eval,pick_up_the_black_bowl_on_the_ramekin_and_place_it_on_the_plate,250,250,9,3.6,True,True,2026-10-07T04:15:51.411544+00:00
libero_spatial,reference,dur,arc-sr-20261003-spatial-reference-dur-eval,pick_up_the_black_bowl_on_the_stove_and_place_it_on_the_plate,250,250,240,96.0,True,True,2026-10-07T04:15:51.411544+00:00
libero_spatial,reference,dur,arc-sr-20261003-spatial-reference-dur-eval,pick_up_the_black_bowl_on_the_wooden_cabinet_and_place_it_on_the_plate,250,250,171,68.4,True,True,2026-10-07T04:15:51.411544+00:00
libero_spatial,gripper,stk,arc-st-20261005-spatial-gripper-stk-eval,pick_up_the_black_bowl_between_the_plate_and_the_ramekin_and_place_it_on_the_plate,250,250,142,56.8,True,True,2026-10-07T04:15:51.411544+00:00
libero_spatial,gripper,stk,arc-st-20261005-spatial-gripper-stk-eval,pick_up_the_black_bowl_from_table_center_and_place_it_on_the_plate,250,250,208,83.2,True,True,2026-10-07T04:15:51.411544+00:00
libero_spatial,gripper,stk,arc-st-20261005-spatial-gripper-stk-eval,pick_up_the_black_bowl_in_the_top_drawer_of_the_wooden_cabinet_and_place_it_on_the_plate,250,250,176,70.4,True,True,2026-10-07T04:15:51.411544+00:00
libero_spatial,gripper,stk,arc-st-20261005-spatial-gripper-stk-eval,pick_up_the_black_bowl_next_to_the_cookie_box_and_place_it_on_the_plate,250,250,193,77.2,True,True,2026-10-07T04:15:51.411544+00:00
libero_spatial,gripper,stk,arc-st-20261005-spatial-gripper-stk-eval,pick_up_the_black_bowl_next_to_the_plate_and_place_it_on_the_plate,250,250,116,46.4,True,True,2026-10-07T04:15:51.411544+00:00
libero_spatial,gripper,stk,arc-st-20261005-spatial-gripper-stk-eval,pick_up_the_black_bowl_next_to_the_ramekin_and_place_it_on_the_plate,250,250,196,78.4,True,True,2026-10-07T04:15:51.411544+00:00
libero_spatial,gripper,stk,arc-st-20261005-spatial-gripper-stk-eval,pick_up_the_black_bowl_on_the_cookie_box_and_place_it_on_the_plate,250,250,223,89.2,True,True,2026-10-07T04:15:51.411544+00:00
libero_spatial,gripper,stk,arc-st-20261005-spatial-gripper-stk-eval,pick_up_the_black_bowl_on_the_ramekin_and_place_it_on_the_plate,250,250,6,2.4,True,True,2026-10-07T04:15:51.411544+00:00
libero_spatial,gripper,stk,arc-st-20261005-spatial-gripper-stk-eval,pick_up_the_black_bowl_on_the_stove_and_place_it_on_the_plate,250,250,230,92.0,True,True,2026-10-07T04:15:51.411544+00:00
libero_spatial,gripper,stk,arc-st-20261005-spatial-gripper-stk-eval,pick_up_the_black_bowl_on_the_wooden_cabinet_and_place_it_on_the_plate,250,250,159,63.6,True,True,2026-10-07T04:15:51.411544+00:00
libero_spatial,component_time,dur,arc-st-20261005-spatial-component-time-dur-eval,pick_up_the_black_bowl_between_the_plate_and_the_ramekin_and_place_it_on_the_plate,250,250,140,56.0,True,True,2026-10-07T04:15:51.411544+00:00
libero_spatial,component_time,dur,arc-st-20261005-spatial-component-time-dur-eval,pick_up_the_black_bowl_from_table_center_and_place_it_on_the_plate,250,250,207,82.8,True,True,2026-10-07T04:15:51.411544+00:00
libero_spatial,component_time,dur,arc-st-20261005-spatial-component-time-dur-eval,pick_up_the_black_bowl_in_the_top_drawer_of_the_wooden_cabinet_and_place_it_on_the_plate,250,250,176,70.4,True,True,2026-10-07T04:15:51.411544+00:00
libero_spatial,component_time,dur,arc-st-20261005-spatial-component-time-dur-eval,pick_up_the_black_bowl_next_to_the_cookie_box_and_place_it_on_the_plate,250,250,203,81.2,True,True,2026-10-07T04:15:51.411544+00:00
libero_spatial,component_time,dur,arc-st-20261005-spatial-component-time-dur-eval,pick_up_the_black_bowl_next_to_the_plate_and_place_it_on_the_plate,250,250,170,68.0,True,True,2026-10-07T04:15:51.411544+00:00
libero_spatial,component_time,dur,arc-st-20261005-spatial-component-time-dur-eval,pick_up_the_black_bowl_next_to_the_ramekin_and_place_it_on_the_plate,250,250,193,77.2,True,True,2026-10-07T04:15:51.411544+00:00
libero_spatial,component_time,dur,arc-st-20261005-spatial-component-time-dur-eval,pick_up_the_black_bowl_on_the_cookie_box_and_place_it_on_the_plate,250,250,222,88.8,True,True,2026-10-07T04:15:51.411544+00:00
libero_spatial,component_time,dur,arc-st-20261005-spatial-component-time-dur-eval,pick_up_the_black_bowl_on_the_ramekin_and_place_it_on_the_plate,250,250,3,1.2,True,True,2026-10-07T04:15:51.411544+00:00
libero_spatial,component_time,dur,arc-st-20261005-spatial-component-time-dur-eval,pick_up_the_black_bowl_on_the_stove_and_place_it_on_the_plate,250,250,228,91.2,True,True,2026-10-07T04:15:51.411544+00:00
libero_spatial,component_time,dur,arc-st-20261005-spatial-component-time-dur-eval,pick_up_the_black_bowl_on_the_wooden_cabinet_and_place_it_on_the_plate,250,250,164,65.6,True,True,2026-10-07T04:15:51.411544+00:00
libero_spatial,gripper,dur,arc-st-20261005-spatial-gripper-dur-eval,pick_up_the_black_bowl_between_the_plate_and_the_ramekin_and_place_it_on_the_plate,250,250,124,49.6,True,True,2026-10-07T04:15:51.411544+00:00
libero_spatial,gripper,dur,arc-st-20261005-spatial-gripper-dur-eval,pick_up_the_black_bowl_from_table_center_and_place_it_on_the_plate,250,250,205,82.0,True,True,2026-10-07T04:15:51.411544+00:00
libero_spatial,gripper,dur,arc-st-20261005-spatial-gripper-dur-eval,pick_up_the_black_bowl_in_the_top_drawer_of_the_wooden_cabinet_and_place_it_on_the_plate,250,250,184,73.6,True,True,2026-10-07T04:15:51.411544+00:00
libero_spatial,gripper,dur,arc-st-20261005-spatial-gripper-dur-eval,pick_up_the_black_bowl_next_to_the_cookie_box_and_place_it_on_the_plate,250,250,200,80.0,True,True,2026-10-07T04:15:51.411544+00:00
libero_spatial,gripper,dur,arc-st-20261005-spatial-gripper-dur-eval,pick_up_the_black_bowl_next_to_the_plate_and_place_it_on_the_plate,250,250,153,61.2,True,True,2026-10-07T04:15:51.411544+00:00
libero_spatial,gripper,dur,arc-st-20261005-spatial-gripper-dur-eval,pick_up_the_black_bowl_next_to_the_ramekin_and_place_it_on_the_plate,250,250,188,75.2,True,True,2026-10-07T04:15:51.411544+00:00
libero_spatial,gripper,dur,arc-st-20261005-spatial-gripper-dur-eval,pick_up_the_black_bowl_on_the_cookie_box_and_place_it_on_the_plate,250,250,220,88.0,True,True,2026-10-07T04:15:51.411544+00:00
libero_spatial,gripper,dur,arc-st-20261005-spatial-gripper-dur-eval,pick_up_the_black_bowl_on_the_ramekin_and_place_it_on_the_plate,250,250,4,1.6,True,True,2026-10-07T04:15:51.411544+00:00
libero_spatial,gripper,dur,arc-st-20261005-spatial-gripper-dur-eval,pick_up_the_black_bowl_on_the_stove_and_place_it_on_the_plate,250,250,243,97.2,True,True,2026-10-07T04:15:51.411544+00:00
libero_spatial,gripper,dur,arc-st-20261005-spatial-gripper-dur-eval,pick_up_the_black_bowl_on_the_wooden_cabinet_and_place_it_on_the_plate,250,250,155,62.0,True,True,2026-10-07T04:15:51.411544+00:00
libero_spatial,xyz_scalar,stk,arc-st-20261005-spatial-xyz-scalar-stk-eval,pick_up_the_black_bowl_between_the_plate_and_the_ramekin_and_place_it_on_the_plate,250,250,144,57.6,True,True,2026-10-07T04:15:51.411544+00:00
libero_spatial,xyz_scalar,stk,arc-st-20261005-spatial-xyz-scalar-stk-eval,pick_up_the_black_bowl_from_table_center_and_place_it_on_the_plate,250,250,169,67.6,True,True,2026-10-07T04:15:51.411544+00:00
libero_spatial,xyz_scalar,stk,arc-st-20261005-spatial-xyz-scalar-stk-eval,pick_up_the_black_bowl_in_the_top_drawer_of_the_wooden_cabinet_and_place_it_on_the_plate,250,250,107,42.8,True,True,2026-10-07T04:15:51.411544+00:00
libero_spatial,xyz_scalar,stk,arc-st-20261005-spatial-xyz-scalar-stk-eval,pick_up_the_black_bowl_next_to_the_cookie_box_and_place_it_on_the_plate,250,250,123,49.2,True,True,2026-10-07T04:15:51.411544+00:00
libero_spatial,xyz_scalar,stk,arc-st-20261005-spatial-xyz-scalar-stk-eval,pick_up_the_black_bowl_next_to_the_plate_and_place_it_on_the_plate,250,250,147,58.8,True,True,2026-10-07T04:15:51.411544+00:00
libero_spatial,xyz_scalar,stk,arc-st-20261005-spatial-xyz-scalar-stk-eval,pick_up_the_black_bowl_next_to_the_ramekin_and_place_it_on_the_plate,250,250,184,73.6,True,True,2026-10-07T04:15:51.411544+00:00
libero_spatial,xyz_scalar,stk,arc-st-20261005-spatial-xyz-scalar-stk-eval,pick_up_the_black_bowl_on_the_cookie_box_and_place_it_on_the_plate,250,250,94,37.6,True,True,2026-10-07T04:15:51.411544+00:00
libero_spatial,xyz_scalar,stk,arc-st-20261005-spatial-xyz-scalar-stk-eval,pick_up_the_black_bowl_on_the_ramekin_and_place_it_on_the_plate,250,250,36,14.4,True,True,2026-10-07T04:15:51.411544+00:00
libero_spatial,xyz_scalar,stk,arc-st-20261005-spatial-xyz-scalar-stk-eval,pick_up_the_black_bowl_on_the_stove_and_place_it_on_the_plate,250,250,161,64.4,True,True,2026-10-07T04:15:51.411544+00:00
libero_spatial,xyz_scalar,stk,arc-st-20261005-spatial-xyz-scalar-stk-eval,pick_up_the_black_bowl_on_the_wooden_cabinet_and_place_it_on_the_plate,250,250,127,50.8,True,True,2026-10-07T04:15:51.411544+00:00
libero_spatial,xyz_scalar,dur,arc-st-20261005-spatial-xyz-scalar-dur-eval,pick_up_the_black_bowl_between_the_plate_and_the_ramekin_and_place_it_on_the_plate,250,250,118,47.2,True,True,2026-10-07T04:15:51.411544+00:00
libero_spatial,xyz_scalar,dur,arc-st-20261005-spatial-xyz-scalar-dur-eval,pick_up_the_black_bowl_from_table_center_and_place_it_on_the_plate,250,250,208,83.2,True,True,2026-10-07T04:15:51.411544+00:00
libero_spatial,xyz_scalar,dur,arc-st-20261005-spatial-xyz-scalar-dur-eval,pick_up_the_black_bowl_in_the_top_drawer_of_the_wooden_cabinet_and_place_it_on_the_plate,250,250,202,80.8,True,True,2026-10-07T04:15:51.411544+00:00
libero_spatial,xyz_scalar,dur,arc-st-20261005-spatial-xyz-scalar-dur-eval,pick_up_the_black_bowl_next_to_the_cookie_box_and_place_it_on_the_plate,250,250,199,79.6,True,True,2026-10-07T04:15:51.411544+00:00
libero_spatial,xyz_scalar,dur,arc-st-20261005-spatial-xyz-scalar-dur-eval,pick_up_the_black_bowl_next_to_the_plate_and_place_it_on_the_plate,250,250,142,56.8,True,True,2026-10-07T04:15:51.411544+00:00
libero_spatial,xyz_scalar,dur,arc-st-20261005-spatial-xyz-scalar-dur-eval,pick_up_the_black_bowl_next_to_the_ramekin_and_place_it_on_the_plate,250,250,177,70.8,True,True,2026-10-07T04:15:51.411544+00:00
libero_spatial,xyz_scalar,dur,arc-st-20261005-spatial-xyz-scalar-dur-eval,pick_up_the_black_bowl_on_the_cookie_box_and_place_it_on_the_plate,250,250,226,90.4,True,True,2026-10-07T04:15:51.411544+00:00
libero_spatial,xyz_scalar,dur,arc-st-20261005-spatial-xyz-scalar-dur-eval,pick_up_the_black_bowl_on_the_ramekin_and_place_it_on_the_plate,250,250,2,0.8,True,True,2026-10-07T04:15:51.411544+00:00
libero_spatial,xyz_scalar,dur,arc-st-20261005-spatial-xyz-scalar-dur-eval,pick_up_the_black_bowl_on_the_stove_and_place_it_on_the_plate,250,250,236,94.4,True,True,2026-10-07T04:15:51.411544+00:00
libero_spatial,xyz_scalar,dur,arc-st-20261005-spatial-xyz-scalar-dur-eval,pick_up_the_black_bowl_on_the_wooden_cabinet_and_place_it_on_the_plate,250,250,159,63.6,True,True,2026-10-07T04:15:51.411544+00:00
libero_spatial,component_velocity,stk,arc-st-20261005-spatial-component-velocity-stk-eval,pick_up_the_black_bowl_between_the_plate_and_the_ramekin_and_place_it_on_the_plate,250,250,119,47.6,True,True,2026-10-07T04:15:51.411544+00:00
libero_spatial,component_velocity,stk,arc-st-20261005-spatial-component-velocity-stk-eval,pick_up_the_black_bowl_from_table_center_and_place_it_on_the_plate,250,250,173,69.2,True,True,2026-10-07T04:15:51.411544+00:00
libero_spatial,component_velocity,stk,arc-st-20261005-spatial-component-velocity-stk-eval,pick_up_the_black_bowl_in_the_top_drawer_of_the_wooden_cabinet_and_place_it_on_the_plate,250,250,163,65.2,True,True,2026-10-07T04:15:51.411544+00:00
libero_spatial,component_velocity,stk,arc-st-20261005-spatial-component-velocity-stk-eval,pick_up_the_black_bowl_next_to_the_cookie_box_and_place_it_on_the_plate,250,250,184,73.6,True,True,2026-10-07T04:15:51.411544+00:00
libero_spatial,component_velocity,stk,arc-st-20261005-spatial-component-velocity-stk-eval,pick_up_the_black_bowl_next_to_the_plate_and_place_it_on_the_plate,250,250,141,56.4,True,True,2026-10-07T04:15:51.411544+00:00
libero_spatial,component_velocity,stk,arc-st-20261005-spatial-component-velocity-stk-eval,pick_up_the_black_bowl_next_to_the_ramekin_and_place_it_on_the_plate,250,250,233,93.2,True,True,2026-10-07T04:15:51.411544+00:00
libero_spatial,component_velocity,stk,arc-st-20261005-spatial-component-velocity-stk-eval,pick_up_the_black_bowl_on_the_cookie_box_and_place_it_on_the_plate,250,250,204,81.6,True,True,2026-10-07T04:15:51.411544+00:00
libero_spatial,component_velocity,stk,arc-st-20261005-spatial-component-velocity-stk-eval,pick_up_the_black_bowl_on_the_ramekin_and_place_it_on_the_plate,250,250,2,0.8,True,True,2026-10-07T04:15:51.411544+00:00
libero_spatial,component_velocity,stk,arc-st-20261005-spatial-component-velocity-stk-eval,pick_up_the_black_bowl_on_the_stove_and_place_it_on_the_plate,250,250,223,89.2,True,True,2026-10-07T04:15:51.411544+00:00
libero_spatial,component_velocity,stk,arc-st-20261005-spatial-component-velocity-stk-eval,pick_up_the_black_bowl_on_the_wooden_cabinet_and_place_it_on_the_plate,250,250,148,59.2,True,True,2026-10-07T04:15:51.411544+00:00
libero_spatial,component_velocity,dur,arc-st-20261005-spatial-component-velocity-dur-eval,pick_up_the_black_bowl_between_the_plate_and_the_ramekin_and_place_it_on_the_plate,250,250,131,52.4,True,True,2026-10-07T04:15:51.411544+00:00
libero_spatial,component_velocity,dur,arc-st-20261005-spatial-component-velocity-dur-eval,pick_up_the_black_bowl_from_table_center_and_place_it_on_the_plate,250,250,210,84.0,True,True,2026-10-07T04:15:51.411544+00:00
libero_spatial,component_velocity,dur,arc-st-20261005-spatial-component-velocity-dur-eval,pick_up_the_black_bowl_in_the_top_drawer_of_the_wooden_cabinet_and_place_it_on_the_plate,250,250,172,68.8,True,True,2026-10-07T04:15:51.411544+00:00
libero_spatial,component_velocity,dur,arc-st-20261005-spatial-component-velocity-dur-eval,pick_up_the_black_bowl_next_to_the_cookie_box_and_place_it_on_the_plate,250,250,199,79.6,True,True,2026-10-07T04:15:51.411544+00:00
libero_spatial,component_velocity,dur,arc-st-20261005-spatial-component-velocity-dur-eval,pick_up_the_black_bowl_next_to_the_plate_and_place_it_on_the_plate,250,250,161,64.4,True,True,2026-10-07T04:15:51.411544+00:00
libero_spatial,component_velocity,dur,arc-st-20261005-spatial-component-velocity-dur-eval,pick_up_the_black_bowl_next_to_the_ramekin_and_place_it_on_the_plate,250,250,199,79.6,True,True,2026-10-07T04:15:51.411544+00:00
libero_spatial,component_velocity,dur,arc-st-20261005-spatial-component-velocity-dur-eval,pick_up_the_black_bowl_on_the_cookie_box_and_place_it_on_the_plate,250,250,216,86.4,True,True,2026-10-07T04:15:51.411544+00:00
libero_spatial,component_velocity,dur,arc-st-20261005-spatial-component-velocity-dur-eval,pick_up_the_black_bowl_on_the_ramekin_and_place_it_on_the_plate,250,250,5,2.0,True,True,2026-10-07T04:15:51.411544+00:00
libero_spatial,component_velocity,dur,arc-st-20261005-spatial-component-velocity-dur-eval,pick_up_the_black_bowl_on_the_stove_and_place_it_on_the_plate,250,250,230,92.0,True,True,2026-10-07T04:15:51.411544+00:00
libero_spatial,component_velocity,dur,arc-st-20261005-spatial-component-velocity-dur-eval,pick_up_the_black_bowl_on_the_wooden_cabinet_and_place_it_on_the_plate,250,250,160,64.0,True,True,2026-10-07T04:15:51.411544+00:00
libero_spatial,component_time,stk,arc-st-20261005-spatial-component-time-stk-eval,pick_up_the_black_bowl_between_the_plate_and_the_ramekin_and_place_it_on_the_plate,250,250,113,45.2,True,True,2026-10-07T04:15:51.411544+00:00
libero_spatial,component_time,stk,arc-st-20261005-spatial-component-time-stk-eval,pick_up_the_black_bowl_from_table_center_and_place_it_on_the_plate,250,250,137,54.8,True,True,2026-10-07T04:15:51.411544+00:00
libero_spatial,component_time,stk,arc-st-20261005-spatial-component-time-stk-eval,pick_up_the_black_bowl_in_the_top_drawer_of_the_wooden_cabinet_and_place_it_on_the_plate,250,250,80,32.0,True,True,2026-10-07T04:15:51.411544+00:00
libero_spatial,component_time,stk,arc-st-20261005-spatial-component-time-stk-eval,pick_up_the_black_bowl_next_to_the_cookie_box_and_place_it_on_the_plate,250,250,114,45.6,True,True,2026-10-07T04:15:51.411544+00:00
libero_spatial,component_time,stk,arc-st-20261005-spatial-component-time-stk-eval,pick_up_the_black_bowl_next_to_the_plate_and_place_it_on_the_plate,250,250,116,46.4,True,True,2026-10-07T04:15:51.411544+00:00
libero_spatial,component_time,stk,arc-st-20261005-spatial-component-time-stk-eval,pick_up_the_black_bowl_next_to_the_ramekin_and_place_it_on_the_plate,250,250,174,69.6,True,True,2026-10-07T04:15:51.411544+00:00
libero_spatial,component_time,stk,arc-st-20261005-spatial-component-time-stk-eval,pick_up_the_black_bowl_on_the_cookie_box_and_place_it_on_the_plate,250,250,149,59.6,True,True,2026-10-07T04:15:51.411544+00:00
libero_spatial,component_time,stk,arc-st-20261005-spatial-component-time-stk-eval,pick_up_the_black_bowl_on_the_ramekin_and_place_it_on_the_plate,250,250,11,4.4,True,True,2026-10-07T04:15:51.411544+00:00
libero_spatial,component_time,stk,arc-st-20261005-spatial-component-time-stk-eval,pick_up_the_black_bowl_on_the_stove_and_place_it_on_the_plate,250,250,189,75.6,True,True,2026-10-07T04:15:51.411544+00:00
libero_spatial,component_time,stk,arc-st-20261005-spatial-component-time-stk-eval,pick_up_the_black_bowl_on_the_wooden_cabinet_and_place_it_on_the_plate,250,250,123,49.2,True,True,2026-10-07T04:15:51.411544+00:00
libero_spatial,x_yz,stk,arc-st-20261005-spatial-x-yz-stk-eval,pick_up_the_black_bowl_between_the_plate_and_the_ramekin_and_place_it_on_the_plate,250,250,131,52.4,True,True,2026-10-07T04:15:51.411544+00:00
libero_spatial,x_yz,stk,arc-st-20261005-spatial-x-yz-stk-eval,pick_up_the_black_bowl_from_table_center_and_place_it_on_the_plate,250,250,186,74.4,True,True,2026-10-07T04:15:51.411544+00:00
libero_spatial,x_yz,stk,arc-st-20261005-spatial-x-yz-stk-eval,pick_up_the_black_bowl_in_the_top_drawer_of_the_wooden_cabinet_and_place_it_on_the_plate,250,250,160,64.0,True,True,2026-10-07T04:15:51.411544+00:00
libero_spatial,x_yz,stk,arc-st-20261005-spatial-x-yz-stk-eval,pick_up_the_black_bowl_next_to_the_cookie_box_and_place_it_on_the_plate,250,250,183,73.2,True,True,2026-10-07T04:15:51.411544+00:00
libero_spatial,x_yz,stk,arc-st-20261005-spatial-x-yz-stk-eval,pick_up_the_black_bowl_next_to_the_plate_and_place_it_on_the_plate,250,250,131,52.4,True,True,2026-10-07T04:15:51.411544+00:00
libero_spatial,x_yz,stk,arc-st-20261005-spatial-x-yz-stk-eval,pick_up_the_black_bowl_next_to_the_ramekin_and_place_it_on_the_plate,250,250,178,71.2,True,True,2026-10-07T04:15:51.411544+00:00
libero_spatial,x_yz,stk,arc-st-20261005-spatial-x-yz-stk-eval,pick_up_the_black_bowl_on_the_cookie_box_and_place_it_on_the_plate,250,250,230,92.0,True,True,2026-10-07T04:15:51.411544+00:00
libero_spatial,x_yz,stk,arc-st-20261005-spatial-x-yz-stk-eval,pick_up_the_black_bowl_on_the_ramekin_and_place_it_on_the_plate,250,250,30,12.0,True,True,2026-10-07T04:15:51.411544+00:00
libero_spatial,x_yz,stk,arc-st-20261005-spatial-x-yz-stk-eval,pick_up_the_black_bowl_on_the_stove_and_place_it_on_the_plate,250,250,168,67.2,True,True,2026-10-07T04:15:51.411544+00:00
libero_spatial,x_yz,stk,arc-st-20261005-spatial-x-yz-stk-eval,pick_up_the_black_bowl_on_the_wooden_cabinet_and_place_it_on_the_plate,250,250,162,64.8,True,True,2026-10-07T04:15:51.411544+00:00
libero_spatial,x_yz,dur,arc-st-20261005-spatial-x-yz-dur-eval,pick_up_the_black_bowl_between_the_plate_and_the_ramekin_and_place_it_on_the_plate,250,250,97,38.8,True,True,2026-10-07T04:15:51.411544+00:00
libero_spatial,x_yz,dur,arc-st-20261005-spatial-x-yz-dur-eval,pick_up_the_black_bowl_from_table_center_and_place_it_on_the_plate,250,250,202,80.8,True,True,2026-10-07T04:15:51.411544+00:00
libero_spatial,x_yz,dur,arc-st-20261005-spatial-x-yz-dur-eval,pick_up_the_black_bowl_in_the_top_drawer_of_the_wooden_cabinet_and_place_it_on_the_plate,250,250,197,78.8,True,True,2026-10-07T04:15:51.411544+00:00
libero_spatial,x_yz,dur,arc-st-20261005-spatial-x-yz-dur-eval,pick_up_the_black_bowl_next_to_the_cookie_box_and_place_it_on_the_plate,250,250,186,74.4,True,True,2026-10-07T04:15:51.411544+00:00
libero_spatial,x_yz,dur,arc-st-20261005-spatial-x-yz-dur-eval,pick_up_the_black_bowl_next_to_the_plate_and_place_it_on_the_plate,250,250,155,62.0,True,True,2026-10-07T04:15:51.411544+00:00
libero_spatial,x_yz,dur,arc-st-20261005-spatial-x-yz-dur-eval,pick_up_the_black_bowl_next_to_the_ramekin_and_place_it_on_the_plate,250,250,177,70.8,True,True,2026-10-07T04:15:51.411544+00:00
libero_spatial,x_yz,dur,arc-st-20261005-spatial-x-yz-dur-eval,pick_up_the_black_bowl_on_the_cookie_box_and_place_it_on_the_plate,250,250,239,95.6,True,True,2026-10-07T04:15:51.411544+00:00
libero_spatial,x_yz,dur,arc-st-20261005-spatial-x-yz-dur-eval,pick_up_the_black_bowl_on_the_ramekin_and_place_it_on_the_plate,250,250,2,0.8,True,True,2026-10-07T04:15:51.411544+00:00
libero_spatial,x_yz,dur,arc-st-20261005-spatial-x-yz-dur-eval,pick_up_the_black_bowl_on_the_stove_and_place_it_on_the_plate,250,250,232,92.8,True,True,2026-10-07T04:15:51.411544+00:00
libero_spatial,x_yz,dur,arc-st-20261005-spatial-x-yz-dur-eval,pick_up_the_black_bowl_on_the_wooden_cabinet_and_place_it_on_the_plate,250,250,169,67.6,True,True,2026-10-07T04:15:51.411544+00:00
libero_spatial,y_xz,stk,arc-st-20261005-spatial-y-xz-stk-eval,pick_up_the_black_bowl_between_the_plate_and_the_ramekin_and_place_it_on_the_plate,250,250,133,53.2,True,True,2026-10-07T04:15:51.411544+00:00
libero_spatial,y_xz,stk,arc-st-20261005-spatial-y-xz-stk-eval,pick_up_the_black_bowl_from_table_center_and_place_it_on_the_plate,250,250,187,74.8,True,True,2026-10-07T04:15:51.411544+00:00
libero_spatial,y_xz,stk,arc-st-20261005-spatial-y-xz-stk-eval,pick_up_the_black_bowl_in_the_top_drawer_of_the_wooden_cabinet_and_place_it_on_the_plate,250,250,124,49.6,True,True,2026-10-07T04:15:51.411544+00:00
libero_spatial,y_xz,stk,arc-st-20261005-spatial-y-xz-stk-eval,pick_up_the_black_bowl_next_to_the_cookie_box_and_place_it_on_the_plate,250,250,114,45.6,True,True,2026-10-07T04:15:51.411544+00:00
libero_spatial,y_xz,stk,arc-st-20261005-spatial-y-xz-stk-eval,pick_up_the_black_bowl_next_to_the_plate_and_place_it_on_the_plate,250,250,114,45.6,True,True,2026-10-07T04:15:51.411544+00:00
libero_spatial,y_xz,stk,arc-st-20261005-spatial-y-xz-stk-eval,pick_up_the_black_bowl_next_to_the_ramekin_and_place_it_on_the_plate,250,250,216,86.4,True,True,2026-10-07T04:15:51.411544+00:00
libero_spatial,y_xz,stk,arc-st-20261005-spatial-y-xz-stk-eval,pick_up_the_black_bowl_on_the_cookie_box_and_place_it_on_the_plate,250,250,184,73.6,True,True,2026-10-07T04:15:51.411544+00:00
libero_spatial,y_xz,stk,arc-st-20261005-spatial-y-xz-stk-eval,pick_up_the_black_bowl_on_the_ramekin_and_place_it_on_the_plate,250,250,11,4.4,True,True,2026-10-07T04:15:51.411544+00:00
libero_spatial,y_xz,stk,arc-st-20261005-spatial-y-xz-stk-eval,pick_up_the_black_bowl_on_the_stove_and_place_it_on_the_plate,250,250,222,88.8,True,True,2026-10-07T04:15:51.411544+00:00
libero_spatial,y_xz,stk,arc-st-20261005-spatial-y-xz-stk-eval,pick_up_the_black_bowl_on_the_wooden_cabinet_and_place_it_on_the_plate,250,250,129,51.6,True,True,2026-10-07T04:15:51.411544+00:00
libero_spatial,y_xz,dur,arc-st-20261005-spatial-y-xz-dur-eval,pick_up_the_black_bowl_between_the_plate_and_the_ramekin_and_place_it_on_the_plate,250,250,132,52.8,True,True,2026-10-07T04:15:51.411544+00:00
libero_spatial,y_xz,dur,arc-st-20261005-spatial-y-xz-dur-eval,pick_up_the_black_bowl_from_table_center_and_place_it_on_the_plate,250,250,193,77.2,True,True,2026-10-07T04:15:51.411544+00:00
libero_spatial,y_xz,dur,arc-st-20261005-spatial-y-xz-dur-eval,pick_up_the_black_bowl_in_the_top_drawer_of_the_wooden_cabinet_and_place_it_on_the_plate,250,250,149,59.6,True,True,2026-10-07T04:15:51.411544+00:00
libero_spatial,y_xz,dur,arc-st-20261005-spatial-y-xz-dur-eval,pick_up_the_black_bowl_next_to_the_cookie_box_and_place_it_on_the_plate,250,250,184,73.6,True,True,2026-10-07T04:15:51.411544+00:00
libero_spatial,y_xz,dur,arc-st-20261005-spatial-y-xz-dur-eval,pick_up_the_black_bowl_next_to_the_plate_and_place_it_on_the_plate,250,250,142,56.8,True,True,2026-10-07T04:15:51.411544+00:00
libero_spatial,y_xz,dur,arc-st-20261005-spatial-y-xz-dur-eval,pick_up_the_black_bowl_next_to_the_ramekin_and_place_it_on_the_plate,250,250,171,68.4,True,True,2026-10-07T04:15:51.411544+00:00
libero_spatial,y_xz,dur,arc-st-20261005-spatial-y-xz-dur-eval,pick_up_the_black_bowl_on_the_cookie_box_and_place_it_on_the_plate,250,250,227,90.8,True,True,2026-10-07T04:15:51.411544+00:00
libero_spatial,y_xz,dur,arc-st-20261005-spatial-y-xz-dur-eval,pick_up_the_black_bowl_on_the_ramekin_and_place_it_on_the_plate,250,250,4,1.6,True,True,2026-10-07T04:15:51.411544+00:00
libero_spatial,y_xz,dur,arc-st-20261005-spatial-y-xz-dur-eval,pick_up_the_black_bowl_on_the_stove_and_place_it_on_the_plate,250,250,227,90.8,True,True,2026-10-07T04:15:51.411544+00:00
libero_spatial,y_xz,dur,arc-st-20261005-spatial-y-xz-dur-eval,pick_up_the_black_bowl_on_the_wooden_cabinet_and_place_it_on_the_plate,250,250,169,67.6,True,True,2026-10-07T04:15:51.411544+00:00
libero_spatial,z_xy,stk,arc-st-20261005-spatial-z-xy-stk-eval,pick_up_the_black_bowl_between_the_plate_and_the_ramekin_and_place_it_on_the_plate,250,250,122,48.8,True,True,2026-10-07T04:15:51.411544+00:00
libero_spatial,z_xy,stk,arc-st-20261005-spatial-z-xy-stk-eval,pick_up_the_black_bowl_from_table_center_and_place_it_on_the_plate,250,250,182,72.8,True,True,2026-10-07T04:15:51.411544+00:00
libero_spatial,z_xy,stk,arc-st-20261005-spatial-z-xy-stk-eval,pick_up_the_black_bowl_in_the_top_drawer_of_the_wooden_cabinet_and_place_it_on_the_plate,250,250,132,52.8,True,True,2026-10-07T04:15:51.411544+00:00
libero_spatial,z_xy,stk,arc-st-20261005-spatial-z-xy-stk-eval,pick_up_the_black_bowl_next_to_the_cookie_box_and_place_it_on_the_plate,250,250,202,80.8,True,True,2026-10-07T04:15:51.411544+00:00
libero_spatial,z_xy,stk,arc-st-20261005-spatial-z-xy-stk-eval,pick_up_the_black_bowl_next_to_the_plate_and_place_it_on_the_plate,250,250,145,58.0,True,True,2026-10-07T04:15:51.411544+00:00
libero_spatial,z_xy,stk,arc-st-20261005-spatial-z-xy-stk-eval,pick_up_the_black_bowl_next_to_the_ramekin_and_place_it_on_the_plate,250,250,198,79.2,True,True,2026-10-07T04:15:51.411544+00:00
libero_spatial,z_xy,stk,arc-st-20261005-spatial-z-xy-stk-eval,pick_up_the_black_bowl_on_the_cookie_box_and_place_it_on_the_plate,250,250,177,70.8,True,True,2026-10-07T04:15:51.411544+00:00
libero_spatial,z_xy,stk,arc-st-20261005-spatial-z-xy-stk-eval,pick_up_the_black_bowl_on_the_ramekin_and_place_it_on_the_plate,250,250,32,12.8,True,True,2026-10-07T04:15:51.411544+00:00
libero_spatial,z_xy,stk,arc-st-20261005-spatial-z-xy-stk-eval,pick_up_the_black_bowl_on_the_stove_and_place_it_on_the_plate,250,250,233,93.2,True,True,2026-10-07T04:15:51.411544+00:00
libero_spatial,z_xy,stk,arc-st-20261005-spatial-z-xy-stk-eval,pick_up_the_black_bowl_on_the_wooden_cabinet_and_place_it_on_the_plate,250,250,153,61.2,True,True,2026-10-07T04:15:51.411544+00:00
libero_spatial,z_xy,dur,arc-st-20261005-spatial-z-xy-dur-eval,pick_up_the_black_bowl_between_the_plate_and_the_ramekin_and_place_it_on_the_plate,250,250,114,45.6,True,True,2026-10-07T04:15:51.411544+00:00
libero_spatial,z_xy,dur,arc-st-20261005-spatial-z-xy-dur-eval,pick_up_the_black_bowl_from_table_center_and_place_it_on_the_plate,250,250,205,82.0,True,True,2026-10-07T04:15:51.411544+00:00
libero_spatial,z_xy,dur,arc-st-20261005-spatial-z-xy-dur-eval,pick_up_the_black_bowl_in_the_top_drawer_of_the_wooden_cabinet_and_place_it_on_the_plate,250,250,181,72.4,True,True,2026-10-07T04:15:51.411544+00:00
libero_spatial,z_xy,dur,arc-st-20261005-spatial-z-xy-dur-eval,pick_up_the_black_bowl_next_to_the_cookie_box_and_place_it_on_the_plate,250,250,178,71.2,True,True,2026-10-07T04:15:51.411544+00:00
libero_spatial,z_xy,dur,arc-st-20261005-spatial-z-xy-dur-eval,pick_up_the_black_bowl_next_to_the_plate_and_place_it_on_the_plate,250,250,132,52.8,True,True,2026-10-07T04:15:51.411544+00:00
libero_spatial,z_xy,dur,arc-st-20261005-spatial-z-xy-dur-eval,pick_up_the_black_bowl_next_to_the_ramekin_and_place_it_on_the_plate,250,250,193,77.2,True,True,2026-10-07T04:15:51.411544+00:00
libero_spatial,z_xy,dur,arc-st-20261005-spatial-z-xy-dur-eval,pick_up_the_black_bowl_on_the_cookie_box_and_place_it_on_the_plate,250,250,218,87.2,True,True,2026-10-07T04:15:51.411544+00:00
libero_spatial,z_xy,dur,arc-st-20261005-spatial-z-xy-dur-eval,pick_up_the_black_bowl_on_the_ramekin_and_place_it_on_the_plate,250,250,1,0.4,True,True,2026-10-07T04:15:51.411544+00:00
libero_spatial,z_xy,dur,arc-st-20261005-spatial-z-xy-dur-eval,pick_up_the_black_bowl_on_the_stove_and_place_it_on_the_plate,250,250,239,95.6,True,True,2026-10-07T04:15:51.411544+00:00
libero_spatial,z_xy,dur,arc-st-20261005-spatial-z-xy-dur-eval,pick_up_the_black_bowl_on_the_wooden_cabinet_and_place_it_on_the_plate,250,250,178,71.2,True,True,2026-10-07T04:15:51.411544+00:00
libero_spatial,angular_driver,stk,arc-st-20261005-spatial-angular-driver-stk-eval,pick_up_the_black_bowl_between_the_plate_and_the_ramekin_and_place_it_on_the_plate,250,250,139,55.6,True,True,2026-10-07T04:15:51.411544+00:00
libero_spatial,angular_driver,stk,arc-st-20261005-spatial-angular-driver-stk-eval,pick_up_the_black_bowl_from_table_center_and_place_it_on_the_plate,250,250,219,87.6,True,True,2026-10-07T04:15:51.411544+00:00
libero_spatial,angular_driver,stk,arc-st-20261005-spatial-angular-driver-stk-eval,pick_up_the_black_bowl_in_the_top_drawer_of_the_wooden_cabinet_and_place_it_on_the_plate,250,250,233,93.2,True,True,2026-10-07T04:15:51.411544+00:00
libero_spatial,angular_driver,stk,arc-st-20261005-spatial-angular-driver-stk-eval,pick_up_the_black_bowl_next_to_the_cookie_box_and_place_it_on_the_plate,250,250,205,82.0,True,True,2026-10-07T04:15:51.411544+00:00
libero_spatial,angular_driver,stk,arc-st-20261005-spatial-angular-driver-stk-eval,pick_up_the_black_bowl_next_to_the_plate_and_place_it_on_the_plate,250,250,161,64.4,True,True,2026-10-07T04:15:51.411544+00:00
libero_spatial,angular_driver,stk,arc-st-20261005-spatial-angular-driver-stk-eval,pick_up_the_black_bowl_next_to_the_ramekin_and_place_it_on_the_plate,250,250,212,84.8,True,True,2026-10-07T04:15:51.411544+00:00
libero_spatial,angular_driver,stk,arc-st-20261005-spatial-angular-driver-stk-eval,pick_up_the_black_bowl_on_the_cookie_box_and_place_it_on_the_plate,250,250,232,92.8,True,True,2026-10-07T04:15:51.411544+00:00
libero_spatial,angular_driver,stk,arc-st-20261005-spatial-angular-driver-stk-eval,pick_up_the_black_bowl_on_the_ramekin_and_place_it_on_the_plate,250,250,5,2.0,True,True,2026-10-07T04:15:51.411544+00:00
libero_spatial,angular_driver,stk,arc-st-20261005-spatial-angular-driver-stk-eval,pick_up_the_black_bowl_on_the_stove_and_place_it_on_the_plate,250,250,229,91.6,True,True,2026-10-07T04:15:51.411544+00:00
libero_spatial,angular_driver,stk,arc-st-20261005-spatial-angular-driver-stk-eval,pick_up_the_black_bowl_on_the_wooden_cabinet_and_place_it_on_the_plate,250,250,168,67.2,True,True,2026-10-07T04:15:51.411544+00:00
libero_spatial,angular_driver,dur,arc-st-20261005-spatial-angular-driver-dur-eval,pick_up_the_black_bowl_between_the_plate_and_the_ramekin_and_place_it_on_the_plate,250,250,137,54.8,True,True,2026-10-07T04:15:51.411544+00:00
libero_spatial,angular_driver,dur,arc-st-20261005-spatial-angular-driver-dur-eval,pick_up_the_black_bowl_from_table_center_and_place_it_on_the_plate,250,250,217,86.8,True,True,2026-10-07T04:15:51.411544+00:00
libero_spatial,angular_driver,dur,arc-st-20261005-spatial-angular-driver-dur-eval,pick_up_the_black_bowl_in_the_top_drawer_of_the_wooden_cabinet_and_place_it_on_the_plate,250,250,163,65.2,True,True,2026-10-07T04:15:51.411544+00:00
libero_spatial,angular_driver,dur,arc-st-20261005-spatial-angular-driver-dur-eval,pick_up_the_black_bowl_next_to_the_cookie_box_and_place_it_on_the_plate,250,250,222,88.8,True,True,2026-10-07T04:15:51.411544+00:00
libero_spatial,angular_driver,dur,arc-st-20261005-spatial-angular-driver-dur-eval,pick_up_the_black_bowl_next_to_the_plate_and_place_it_on_the_plate,250,250,149,59.6,True,True,2026-10-07T04:15:51.411544+00:00
libero_spatial,angular_driver,dur,arc-st-20261005-spatial-angular-driver-dur-eval,pick_up_the_black_bowl_next_to_the_ramekin_and_place_it_on_the_plate,250,250,207,82.8,True,True,2026-10-07T04:15:51.411544+00:00
libero_spatial,angular_driver,dur,arc-st-20261005-spatial-angular-driver-dur-eval,pick_up_the_black_bowl_on_the_cookie_box_and_place_it_on_the_plate,250,250,235,94.0,True,True,2026-10-07T04:15:51.411544+00:00
libero_spatial,angular_driver,dur,arc-st-20261005-spatial-angular-driver-dur-eval,pick_up_the_black_bowl_on_the_ramekin_and_place_it_on_the_plate,250,250,21,8.4,True,True,2026-10-07T04:15:51.411544+00:00
libero_spatial,angular_driver,dur,arc-st-20261005-spatial-angular-driver-dur-eval,pick_up_the_black_bowl_on_the_stove_and_place_it_on_the_plate,250,250,243,97.2,True,True,2026-10-07T04:15:51.411544+00:00
libero_spatial,angular_driver,dur,arc-st-20261005-spatial-angular-driver-dur-eval,pick_up_the_black_bowl_on_the_wooden_cabinet_and_place_it_on_the_plate,250,250,200,80.0,True,True,2026-10-07T04:15:51.411544+00:00
libero_spatial,angular_scalar,stk,arc-st-20261005-spatial-angular-scalar-stk-eval,pick_up_the_black_bowl_between_the_plate_and_the_ramekin_and_place_it_on_the_plate,250,250,143,57.2,True,True,2026-10-07T04:15:51.411544+00:00
libero_spatial,angular_scalar,stk,arc-st-20261005-spatial-angular-scalar-stk-eval,pick_up_the_black_bowl_from_table_center_and_place_it_on_the_plate,250,250,215,86.0,True,True,2026-10-07T04:15:51.411544+00:00
libero_spatial,angular_scalar,stk,arc-st-20261005-spatial-angular-scalar-stk-eval,pick_up_the_black_bowl_in_the_top_drawer_of_the_wooden_cabinet_and_place_it_on_the_plate,250,250,166,66.4,True,True,2026-10-07T04:15:51.411544+00:00
libero_spatial,angular_scalar,stk,arc-st-20261005-spatial-angular-scalar-stk-eval,pick_up_the_black_bowl_next_to_the_cookie_box_and_place_it_on_the_plate,250,250,222,88.8,True,True,2026-10-07T04:15:51.411544+00:00
libero_spatial,angular_scalar,stk,arc-st-20261005-spatial-angular-scalar-stk-eval,pick_up_the_black_bowl_next_to_the_plate_and_place_it_on_the_plate,250,250,115,46.0,True,True,2026-10-07T04:15:51.411544+00:00
libero_spatial,angular_scalar,stk,arc-st-20261005-spatial-angular-scalar-stk-eval,pick_up_the_black_bowl_next_to_the_ramekin_and_place_it_on_the_plate,250,250,178,71.2,True,True,2026-10-07T04:15:51.411544+00:00
libero_spatial,angular_scalar,stk,arc-st-20261005-spatial-angular-scalar-stk-eval,pick_up_the_black_bowl_on_the_cookie_box_and_place_it_on_the_plate,250,250,242,96.8,True,True,2026-10-07T04:15:51.411544+00:00
libero_spatial,angular_scalar,stk,arc-st-20261005-spatial-angular-scalar-stk-eval,pick_up_the_black_bowl_on_the_ramekin_and_place_it_on_the_plate,250,250,7,2.8,True,True,2026-10-07T04:15:51.411544+00:00
libero_spatial,angular_scalar,stk,arc-st-20261005-spatial-angular-scalar-stk-eval,pick_up_the_black_bowl_on_the_stove_and_place_it_on_the_plate,250,250,232,92.8,True,True,2026-10-07T04:15:51.411544+00:00
libero_spatial,angular_scalar,stk,arc-st-20261005-spatial-angular-scalar-stk-eval,pick_up_the_black_bowl_on_the_wooden_cabinet_and_place_it_on_the_plate,250,250,191,76.4,True,True,2026-10-07T04:15:51.411544+00:00
libero_spatial,angular_scalar,dur,arc-st-20261005-spatial-angular-scalar-dur-eval,pick_up_the_black_bowl_between_the_plate_and_the_ramekin_and_place_it_on_the_plate,250,250,171,68.4,True,True,2026-10-07T04:15:51.411544+00:00
libero_spatial,angular_scalar,dur,arc-st-20261005-spatial-angular-scalar-dur-eval,pick_up_the_black_bowl_from_table_center_and_place_it_on_the_plate,250,250,219,87.6,True,True,2026-10-07T04:15:51.411544+00:00
libero_spatial,angular_scalar,dur,arc-st-20261005-spatial-angular-scalar-dur-eval,pick_up_the_black_bowl_in_the_top_drawer_of_the_wooden_cabinet_and_place_it_on_the_plate,250,250,135,54.0,True,True,2026-10-07T04:15:51.411544+00:00
libero_spatial,angular_scalar,dur,arc-st-20261005-spatial-angular-scalar-dur-eval,pick_up_the_black_bowl_next_to_the_cookie_box_and_place_it_on_the_plate,250,250,205,82.0,True,True,2026-10-07T04:15:51.411544+00:00
libero_spatial,angular_scalar,dur,arc-st-20261005-spatial-angular-scalar-dur-eval,pick_up_the_black_bowl_next_to_the_plate_and_place_it_on_the_plate,250,250,172,68.8,True,True,2026-10-07T04:15:51.411544+00:00
libero_spatial,angular_scalar,dur,arc-st-20261005-spatial-angular-scalar-dur-eval,pick_up_the_black_bowl_next_to_the_ramekin_and_place_it_on_the_plate,250,250,190,76.0,True,True,2026-10-07T04:15:51.411544+00:00
libero_spatial,angular_scalar,dur,arc-st-20261005-spatial-angular-scalar-dur-eval,pick_up_the_black_bowl_on_the_cookie_box_and_place_it_on_the_plate,250,250,230,92.0,True,True,2026-10-07T04:15:51.411544+00:00
libero_spatial,angular_scalar,dur,arc-st-20261005-spatial-angular-scalar-dur-eval,pick_up_the_black_bowl_on_the_ramekin_and_place_it_on_the_plate,250,250,19,7.6,True,True,2026-10-07T04:15:51.411544+00:00
libero_spatial,angular_scalar,dur,arc-st-20261005-spatial-angular-scalar-dur-eval,pick_up_the_black_bowl_on_the_stove_and_place_it_on_the_plate,250,250,243,97.2,True,True,2026-10-07T04:15:51.411544+00:00
libero_spatial,angular_scalar,dur,arc-st-20261005-spatial-angular-scalar-dur-eval,pick_up_the_black_bowl_on_the_wooden_cabinet_and_place_it_on_the_plate,250,250,176,70.4,True,True,2026-10-07T04:15:51.411544+00:00
libero_spatial,all_scalar,stk,arc-st-20261005-spatial-all-scalar-stk-eval,pick_up_the_black_bowl_between_the_plate_and_the_ramekin_and_place_it_on_the_plate,250,250,129,51.6,True,True,2026-10-07T04:15:51.411544+00:00
libero_spatial,all_scalar,stk,arc-st-20261005-spatial-all-scalar-stk-eval,pick_up_the_black_bowl_from_table_center_and_place_it_on_the_plate,250,250,170,68.0,True,True,2026-10-07T04:15:51.411544+00:00
libero_spatial,all_scalar,stk,arc-st-20261005-spatial-all-scalar-stk-eval,pick_up_the_black_bowl_in_the_top_drawer_of_the_wooden_cabinet_and_place_it_on_the_plate,250,250,59,23.6,True,True,2026-10-07T04:15:51.411544+00:00
libero_spatial,all_scalar,stk,arc-st-20261005-spatial-all-scalar-stk-eval,pick_up_the_black_bowl_next_to_the_cookie_box_and_place_it_on_the_plate,250,250,135,54.0,True,True,2026-10-07T04:15:51.411544+00:00
libero_spatial,all_scalar,stk,arc-st-20261005-spatial-all-scalar-stk-eval,pick_up_the_black_bowl_next_to_the_plate_and_place_it_on_the_plate,250,250,135,54.0,True,True,2026-10-07T04:15:51.411544+00:00
libero_spatial,all_scalar,stk,arc-st-20261005-spatial-all-scalar-stk-eval,pick_up_the_black_bowl_next_to_the_ramekin_and_place_it_on_the_plate,250,250,169,67.6,True,True,2026-10-07T04:15:51.411544+00:00
libero_spatial,all_scalar,stk,arc-st-20261005-spatial-all-scalar-stk-eval,pick_up_the_black_bowl_on_the_cookie_box_and_place_it_on_the_plate,250,250,146,58.4,True,True,2026-10-07T04:15:51.411544+00:00
libero_spatial,all_scalar,stk,arc-st-20261005-spatial-all-scalar-stk-eval,pick_up_the_black_bowl_on_the_ramekin_and_place_it_on_the_plate,250,250,34,13.6,True,True,2026-10-07T04:15:51.411544+00:00
libero_spatial,all_scalar,stk,arc-st-20261005-spatial-all-scalar-stk-eval,pick_up_the_black_bowl_on_the_stove_and_place_it_on_the_plate,250,250,177,70.8,True,True,2026-10-07T04:15:51.411544+00:00
libero_spatial,all_scalar,stk,arc-st-20261005-spatial-all-scalar-stk-eval,pick_up_the_black_bowl_on_the_wooden_cabinet_and_place_it_on_the_plate,250,250,150,60.0,True,True,2026-10-07T04:15:51.411544+00:00
libero_spatial,all_scalar,dur,arc-st-20261005-spatial-all-scalar-dur-eval,pick_up_the_black_bowl_between_the_plate_and_the_ramekin_and_place_it_on_the_plate,250,250,168,67.2,True,False,2026-10-07T04:15:51.411544+00:00
libero_spatial,all_scalar,dur,arc-st-20261005-spatial-all-scalar-dur-eval,pick_up_the_black_bowl_from_table_center_and_place_it_on_the_plate,250,250,205,82.0,True,False,2026-10-07T04:15:51.411544+00:00
libero_spatial,all_scalar,dur,arc-st-20261005-spatial-all-scalar-dur-eval,pick_up_the_black_bowl_in_the_top_drawer_of_the_wooden_cabinet_and_place_it_on_the_plate,250,250,206,82.4,True,False,2026-10-07T04:15:51.411544+00:00
libero_spatial,all_scalar,dur,arc-st-20261005-spatial-all-scalar-dur-eval,pick_up_the_black_bowl_next_to_the_cookie_box_and_place_it_on_the_plate,250,250,209,83.6,True,False,2026-10-07T04:15:51.411544+00:00
libero_spatial,all_scalar,dur,arc-st-20261005-spatial-all-scalar-dur-eval,pick_up_the_black_bowl_next_to_the_plate_and_place_it_on_the_plate,246,250,145,58.94308943089431,False,False,2026-10-07T04:15:51.411544+00:00
libero_spatial,all_scalar,dur,arc-st-20261005-spatial-all-scalar-dur-eval,pick_up_the_black_bowl_next_to_the_ramekin_and_place_it_on_the_plate,250,250,185,74.0,True,False,2026-10-07T04:15:51.411544+00:00
libero_spatial,all_scalar,dur,arc-st-20261005-spatial-all-scalar-dur-eval,pick_up_the_black_bowl_on_the_cookie_box_and_place_it_on_the_plate,250,250,231,92.4,True,False,2026-10-07T04:15:51.411544+00:00
libero_spatial,all_scalar,dur,arc-st-20261005-spatial-all-scalar-dur-eval,pick_up_the_black_bowl_on_the_ramekin_and_place_it_on_the_plate,250,250,18,7.2,True,False,2026-10-07T04:15:51.411544+00:00
libero_spatial,all_scalar,dur,arc-st-20261005-spatial-all-scalar-dur-eval,pick_up_the_black_bowl_on_the_stove_and_place_it_on_the_plate,250,250,242,96.8,True,False,2026-10-07T04:15:51.411544+00:00
libero_spatial,all_scalar,dur,arc-st-20261005-spatial-all-scalar-dur-eval,pick_up_the_black_bowl_on_the_wooden_cabinet_and_place_it_on_the_plate,56,250,46,82.14285714285714,False,False,2026-10-07T04:15:51.411544+00:00
libero_object,reference,stk,arc-sr-20261003-object-reference-stk-eval,pick_up_the_alphabet_soup_and_place_it_in_the_basket,250,250,246,98.4,True,True,2026-10-07T04:15:51.411544+00:00
libero_object,reference,stk,arc-sr-20261003-object-reference-stk-eval,pick_up_the_bbq_sauce_and_place_it_in_the_basket,250,250,50,20.0,True,True,2026-10-07T04:15:51.411544+00:00
libero_object,reference,stk,arc-sr-20261003-object-reference-stk-eval,pick_up_the_butter_and_place_it_in_the_basket,250,250,37,14.8,True,True,2026-10-07T04:15:51.411544+00:00
libero_object,reference,stk,arc-sr-20261003-object-reference-stk-eval,pick_up_the_chocolate_pudding_and_place_it_in_the_basket,250,250,30,12.0,True,True,2026-10-07T04:15:51.411544+00:00
libero_object,reference,stk,arc-sr-20261003-object-reference-stk-eval,pick_up_the_cream_cheese_and_place_it_in_the_basket,250,250,7,2.8,True,True,2026-10-07T04:15:51.411544+00:00
libero_object,reference,stk,arc-sr-20261003-object-reference-stk-eval,pick_up_the_ketchup_and_place_it_in_the_basket,250,250,243,97.2,True,True,2026-10-07T04:15:51.411544+00:00
libero_object,reference,stk,arc-sr-20261003-object-reference-stk-eval,pick_up_the_milk_and_place_it_in_the_basket,250,250,228,91.2,True,True,2026-10-07T04:15:51.411544+00:00
libero_object,reference,stk,arc-sr-20261003-object-reference-stk-eval,pick_up_the_orange_juice_and_place_it_in_the_basket,250,250,234,93.6,True,True,2026-10-07T04:15:51.411544+00:00
libero_object,reference,stk,arc-sr-20261003-object-reference-stk-eval,pick_up_the_salad_dressing_and_place_it_in_the_basket,250,250,104,41.6,True,True,2026-10-07T04:15:51.411544+00:00
libero_object,reference,stk,arc-sr-20261003-object-reference-stk-eval,pick_up_the_tomato_sauce_and_place_it_in_the_basket,250,250,0,0.0,True,True,2026-10-07T04:15:51.411544+00:00
libero_object,reference,dur,arc-sc-20261004-object-reference-dur-eval,pick_up_the_alphabet_soup_and_place_it_in_the_basket,250,250,67,26.8,True,True,2026-10-07T04:15:51.411544+00:00
libero_object,reference,dur,arc-sc-20261004-object-reference-dur-eval,pick_up_the_bbq_sauce_and_place_it_in_the_basket,250,250,2,0.8,True,True,2026-10-07T04:15:51.411544+00:00
libero_object,reference,dur,arc-sc-20261004-object-reference-dur-eval,pick_up_the_butter_and_place_it_in_the_basket,250,250,0,0.0,True,True,2026-10-07T04:15:51.411544+00:00
libero_object,reference,dur,arc-sc-20261004-object-reference-dur-eval,pick_up_the_chocolate_pudding_and_place_it_in_the_basket,250,250,1,0.4,True,True,2026-10-07T04:15:51.411544+00:00
libero_object,reference,dur,arc-sc-20261004-object-reference-dur-eval,pick_up_the_cream_cheese_and_place_it_in_the_basket,250,250,3,1.2,True,True,2026-10-07T04:15:51.411544+00:00
libero_object,reference,dur,arc-sc-20261004-object-reference-dur-eval,pick_up_the_ketchup_and_place_it_in_the_basket,250,250,250,100.0,True,True,2026-10-07T04:15:51.411544+00:00
libero_object,reference,dur,arc-sc-20261004-object-reference-dur-eval,pick_up_the_milk_and_place_it_in_the_basket,250,250,245,98.0,True,True,2026-10-07T04:15:51.411544+00:00
libero_object,reference,dur,arc-sc-20261004-object-reference-dur-eval,pick_up_the_orange_juice_and_place_it_in_the_basket,250,250,231,92.4,True,True,2026-10-07T04:15:51.411544+00:00
libero_object,reference,dur,arc-sc-20261004-object-reference-dur-eval,pick_up_the_salad_dressing_and_place_it_in_the_basket,250,250,250,100.0,True,True,2026-10-07T04:15:51.411544+00:00
libero_object,reference,dur,arc-sc-20261004-object-reference-dur-eval,pick_up_the_tomato_sauce_and_place_it_in_the_basket,250,250,0,0.0,True,True,2026-10-07T04:15:51.411544+00:00
libero_object,gripper,stk,arc-ss-20261005-object-gripper-stk-eval,pick_up_the_alphabet_soup_and_place_it_in_the_basket,250,250,172,68.8,True,True,2026-10-07T04:15:51.411544+00:00
libero_object,gripper,stk,arc-ss-20261005-object-gripper-stk-eval,pick_up_the_bbq_sauce_and_place_it_in_the_basket,250,250,207,82.8,True,True,2026-10-07T04:15:51.411544+00:00
libero_object,gripper,stk,arc-ss-20261005-object-gripper-stk-eval,pick_up_the_butter_and_place_it_in_the_basket,250,250,45,18.0,True,True,2026-10-07T04:15:51.411544+00:00
libero_object,gripper,stk,arc-ss-20261005-object-gripper-stk-eval,pick_up_the_chocolate_pudding_and_place_it_in_the_basket,250,250,18,7.2,True,True,2026-10-07T04:15:51.411544+00:00
libero_object,gripper,stk,arc-ss-20261005-object-gripper-stk-eval,pick_up_the_cream_cheese_and_place_it_in_the_basket,250,250,17,6.8,True,True,2026-10-07T04:15:51.411544+00:00
libero_object,gripper,stk,arc-ss-20261005-object-gripper-stk-eval,pick_up_the_ketchup_and_place_it_in_the_basket,250,250,146,58.4,True,True,2026-10-07T04:15:51.411544+00:00
libero_object,gripper,stk,arc-ss-20261005-object-gripper-stk-eval,pick_up_the_milk_and_place_it_in_the_basket,250,250,237,94.8,True,True,2026-10-07T04:15:51.411544+00:00
libero_object,gripper,stk,arc-ss-20261005-object-gripper-stk-eval,pick_up_the_orange_juice_and_place_it_in_the_basket,250,250,232,92.8,True,True,2026-10-07T04:15:51.411544+00:00
libero_object,gripper,stk,arc-ss-20261005-object-gripper-stk-eval,pick_up_the_salad_dressing_and_place_it_in_the_basket,250,250,248,99.2,True,True,2026-10-07T04:15:51.411544+00:00
libero_object,gripper,stk,arc-ss-20261005-object-gripper-stk-eval,pick_up_the_tomato_sauce_and_place_it_in_the_basket,250,250,33,13.2,True,True,2026-10-07T04:15:51.411544+00:00
libero_object,component_time,dur,arc-ss-20261005-object-component-time-dur-eval,pick_up_the_alphabet_soup_and_place_it_in_the_basket,250,250,132,52.8,True,True,2026-10-07T04:15:51.411544+00:00
libero_object,component_time,dur,arc-ss-20261005-object-component-time-dur-eval,pick_up_the_bbq_sauce_and_place_it_in_the_basket,250,250,200,80.0,True,True,2026-10-07T04:15:51.411544+00:00
libero_object,component_time,dur,arc-ss-20261005-object-component-time-dur-eval,pick_up_the_butter_and_place_it_in_the_basket,250,250,3,1.2,True,True,2026-10-07T04:15:51.411544+00:00
libero_object,component_time,dur,arc-ss-20261005-object-component-time-dur-eval,pick_up_the_chocolate_pudding_and_place_it_in_the_basket,250,250,9,3.6,True,True,2026-10-07T04:15:51.411544+00:00
libero_object,component_time,dur,arc-ss-20261005-object-component-time-dur-eval,pick_up_the_cream_cheese_and_place_it_in_the_basket,250,250,12,4.8,True,True,2026-10-07T04:15:51.411544+00:00
libero_object,component_time,dur,arc-ss-20261005-object-component-time-dur-eval,pick_up_the_ketchup_and_place_it_in_the_basket,250,250,247,98.8,True,True,2026-10-07T04:15:51.411544+00:00
libero_object,component_time,dur,arc-ss-20261005-object-component-time-dur-eval,pick_up_the_milk_and_place_it_in_the_basket,250,250,246,98.4,True,True,2026-10-07T04:15:51.411544+00:00
libero_object,component_time,dur,arc-ss-20261005-object-component-time-dur-eval,pick_up_the_orange_juice_and_place_it_in_the_basket,250,250,206,82.4,True,True,2026-10-07T04:15:51.411544+00:00
libero_object,component_time,dur,arc-ss-20261005-object-component-time-dur-eval,pick_up_the_salad_dressing_and_place_it_in_the_basket,250,250,250,100.0,True,True,2026-10-07T04:15:51.411544+00:00
libero_object,component_time,dur,arc-ss-20261005-object-component-time-dur-eval,pick_up_the_tomato_sauce_and_place_it_in_the_basket,250,250,4,1.6,True,True,2026-10-07T04:15:51.411544+00:00
libero_object,gripper,dur,arc-ss-20261005-object-gripper-dur-eval,pick_up_the_alphabet_soup_and_place_it_in_the_basket,250,250,176,70.4,True,True,2026-10-07T04:15:51.411544+00:00
libero_object,gripper,dur,arc-ss-20261005-object-gripper-dur-eval,pick_up_the_bbq_sauce_and_place_it_in_the_basket,250,250,219,87.6,True,True,2026-10-07T04:15:51.411544+00:00
libero_object,gripper,dur,arc-ss-20261005-object-gripper-dur-eval,pick_up_the_butter_and_place_it_in_the_basket,250,250,68,27.2,True,True,2026-10-07T04:15:51.411544+00:00
libero_object,gripper,dur,arc-ss-20261005-object-gripper-dur-eval,pick_up_the_chocolate_pudding_and_place_it_in_the_basket,250,250,122,48.8,True,True,2026-10-07T04:15:51.411544+00:00
libero_object,gripper,dur,arc-ss-20261005-object-gripper-dur-eval,pick_up_the_cream_cheese_and_place_it_in_the_basket,250,250,34,13.6,True,True,2026-10-07T04:15:51.411544+00:00
libero_object,gripper,dur,arc-ss-20261005-object-gripper-dur-eval,pick_up_the_ketchup_and_place_it_in_the_basket,250,250,248,99.2,True,True,2026-10-07T04:15:51.411544+00:00
libero_object,gripper,dur,arc-ss-20261005-object-gripper-dur-eval,pick_up_the_milk_and_place_it_in_the_basket,250,250,215,86.0,True,True,2026-10-07T04:15:51.411544+00:00
libero_object,gripper,dur,arc-ss-20261005-object-gripper-dur-eval,pick_up_the_orange_juice_and_place_it_in_the_basket,250,250,244,97.6,True,True,2026-10-07T04:15:51.411544+00:00
libero_object,gripper,dur,arc-ss-20261005-object-gripper-dur-eval,pick_up_the_salad_dressing_and_place_it_in_the_basket,250,250,249,99.6,True,True,2026-10-07T04:15:51.411544+00:00
libero_object,gripper,dur,arc-ss-20261005-object-gripper-dur-eval,pick_up_the_tomato_sauce_and_place_it_in_the_basket,250,250,18,7.2,True,True,2026-10-07T04:15:51.411544+00:00
libero_object,xyz_scalar,stk,arc-ss-20261005-object-xyz-scalar-stk-eval,pick_up_the_alphabet_soup_and_place_it_in_the_basket,250,250,100,40.0,True,True,2026-10-07T04:15:51.411544+00:00
libero_object,xyz_scalar,stk,arc-ss-20261005-object-xyz-scalar-stk-eval,pick_up_the_bbq_sauce_and_place_it_in_the_basket,250,250,23,9.2,True,True,2026-10-07T04:15:51.411544+00:00
libero_object,xyz_scalar,stk,arc-ss-20261005-object-xyz-scalar-stk-eval,pick_up_the_butter_and_place_it_in_the_basket,250,250,0,0.0,True,True,2026-10-07T04:15:51.411544+00:00
libero_object,xyz_scalar,stk,arc-ss-20261005-object-xyz-scalar-stk-eval,pick_up_the_chocolate_pudding_and_place_it_in_the_basket,250,250,158,63.2,True,True,2026-10-07T04:15:51.411544+00:00
libero_object,xyz_scalar,stk,arc-ss-20261005-object-xyz-scalar-stk-eval,pick_up_the_cream_cheese_and_place_it_in_the_basket,250,250,5,2.0,True,True,2026-10-07T04:15:51.411544+00:00
libero_object,xyz_scalar,stk,arc-ss-20261005-object-xyz-scalar-stk-eval,pick_up_the_ketchup_and_place_it_in_the_basket,250,250,169,67.6,True,True,2026-10-07T04:15:51.411544+00:00
libero_object,xyz_scalar,stk,arc-ss-20261005-object-xyz-scalar-stk-eval,pick_up_the_milk_and_place_it_in_the_basket,250,250,227,90.8,True,True,2026-10-07T04:15:51.411544+00:00
libero_object,xyz_scalar,stk,arc-ss-20261005-object-xyz-scalar-stk-eval,pick_up_the_orange_juice_and_place_it_in_the_basket,250,250,124,49.6,True,True,2026-10-07T04:15:51.411544+00:00
libero_object,xyz_scalar,stk,arc-ss-20261005-object-xyz-scalar-stk-eval,pick_up_the_salad_dressing_and_place_it_in_the_basket,250,250,209,83.6,True,True,2026-10-07T04:15:51.411544+00:00
libero_object,xyz_scalar,stk,arc-ss-20261005-object-xyz-scalar-stk-eval,pick_up_the_tomato_sauce_and_place_it_in_the_basket,250,250,0,0.0,True,True,2026-10-07T04:15:51.411544+00:00
libero_object,xyz_scalar,dur,arc-ss-20261005-object-xyz-scalar-dur-eval,pick_up_the_alphabet_soup_and_place_it_in_the_basket,250,250,220,88.0,True,True,2026-10-07T04:15:51.411544+00:00
libero_object,xyz_scalar,dur,arc-ss-20261005-object-xyz-scalar-dur-eval,pick_up_the_bbq_sauce_and_place_it_in_the_basket,250,250,223,89.2,True,True,2026-10-07T04:15:51.411544+00:00
libero_object,xyz_scalar,dur,arc-ss-20261005-object-xyz-scalar-dur-eval,pick_up_the_butter_and_place_it_in_the_basket,250,250,4,1.6,True,True,2026-10-07T04:15:51.411544+00:00
libero_object,xyz_scalar,dur,arc-ss-20261005-object-xyz-scalar-dur-eval,pick_up_the_chocolate_pudding_and_place_it_in_the_basket,250,250,0,0.0,True,True,2026-10-07T04:15:51.411544+00:00
libero_object,xyz_scalar,dur,arc-ss-20261005-object-xyz-scalar-dur-eval,pick_up_the_cream_cheese_and_place_it_in_the_basket,250,250,78,31.2,True,True,2026-10-07T04:15:51.411544+00:00
libero_object,xyz_scalar,dur,arc-ss-20261005-object-xyz-scalar-dur-eval,pick_up_the_ketchup_and_place_it_in_the_basket,250,250,0,0.0,True,True,2026-10-07T04:15:51.411544+00:00
libero_object,xyz_scalar,dur,arc-ss-20261005-object-xyz-scalar-dur-eval,pick_up_the_milk_and_place_it_in_the_basket,250,250,18,7.2,True,True,2026-10-07T04:15:51.411544+00:00
libero_object,xyz_scalar,dur,arc-ss-20261005-object-xyz-scalar-dur-eval,pick_up_the_orange_juice_and_place_it_in_the_basket,250,250,242,96.8,True,True,2026-10-07T04:15:51.411544+00:00
libero_object,xyz_scalar,dur,arc-ss-20261005-object-xyz-scalar-dur-eval,pick_up_the_salad_dressing_and_place_it_in_the_basket,250,250,146,58.4,True,True,2026-10-07T04:15:51.411544+00:00
libero_object,xyz_scalar,dur,arc-ss-20261005-object-xyz-scalar-dur-eval,pick_up_the_tomato_sauce_and_place_it_in_the_basket,250,250,215,86.0,True,True,2026-10-07T04:15:51.411544+00:00
libero_object,component_velocity,stk,arc-ss-20261005-object-component-velocity-stk-eval,pick_up_the_alphabet_soup_and_place_it_in_the_basket,250,250,232,92.8,True,True,2026-10-07T04:15:51.411544+00:00
libero_object,component_velocity,stk,arc-ss-20261005-object-component-velocity-stk-eval,pick_up_the_bbq_sauce_and_place_it_in_the_basket,250,250,42,16.8,True,True,2026-10-07T04:15:51.411544+00:00
libero_object,component_velocity,stk,arc-ss-20261005-object-component-velocity-stk-eval,pick_up_the_butter_and_place_it_in_the_basket,250,250,0,0.0,True,True,2026-10-07T04:15:51.411544+00:00
libero_object,component_velocity,stk,arc-ss-20261005-object-component-velocity-stk-eval,pick_up_the_chocolate_pudding_and_place_it_in_the_basket,250,250,0,0.0,True,True,2026-10-07T04:15:51.411544+00:00
libero_object,component_velocity,stk,arc-ss-20261005-object-component-velocity-stk-eval,pick_up_the_cream_cheese_and_place_it_in_the_basket,250,250,0,0.0,True,True,2026-10-07T04:15:51.411544+00:00
libero_object,component_velocity,stk,arc-ss-20261005-object-component-velocity-stk-eval,pick_up_the_ketchup_and_place_it_in_the_basket,250,250,250,100.0,True,True,2026-10-07T04:15:51.411544+00:00
libero_object,component_velocity,stk,arc-ss-20261005-object-component-velocity-stk-eval,pick_up_the_milk_and_place_it_in_the_basket,250,250,235,94.0,True,True,2026-10-07T04:15:51.411544+00:00
libero_object,component_velocity,stk,arc-ss-20261005-object-component-velocity-stk-eval,pick_up_the_orange_juice_and_place_it_in_the_basket,250,250,236,94.4,True,True,2026-10-07T04:15:51.411544+00:00
libero_object,component_velocity,stk,arc-ss-20261005-object-component-velocity-stk-eval,pick_up_the_salad_dressing_and_place_it_in_the_basket,250,250,244,97.6,True,True,2026-10-07T04:15:51.411544+00:00
libero_object,component_velocity,stk,arc-ss-20261005-object-component-velocity-stk-eval,pick_up_the_tomato_sauce_and_place_it_in_the_basket,250,250,0,0.0,True,True,2026-10-07T04:15:51.411544+00:00
libero_object,component_velocity,dur,arc-ss-20261005-object-component-velocity-dur-eval,pick_up_the_alphabet_soup_and_place_it_in_the_basket,250,250,140,56.0,True,True,2026-10-07T04:15:51.411544+00:00
libero_object,component_velocity,dur,arc-ss-20261005-object-component-velocity-dur-eval,pick_up_the_bbq_sauce_and_place_it_in_the_basket,250,250,217,86.8,True,True,2026-10-07T04:15:51.411544+00:00
libero_object,component_velocity,dur,arc-ss-20261005-object-component-velocity-dur-eval,pick_up_the_butter_and_place_it_in_the_basket,250,250,1,0.4,True,True,2026-10-07T04:15:51.411544+00:00
libero_object,component_velocity,dur,arc-ss-20261005-object-component-velocity-dur-eval,pick_up_the_chocolate_pudding_and_place_it_in_the_basket,250,250,5,2.0,True,True,2026-10-07T04:15:51.411544+00:00
libero_object,component_velocity,dur,arc-ss-20261005-object-component-velocity-dur-eval,pick_up_the_cream_cheese_and_place_it_in_the_basket,250,250,9,3.6,True,True,2026-10-07T04:15:51.411544+00:00
libero_object,component_velocity,dur,arc-ss-20261005-object-component-velocity-dur-eval,pick_up_the_ketchup_and_place_it_in_the_basket,250,250,247,98.8,True,True,2026-10-07T04:15:51.411544+00:00
libero_object,component_velocity,dur,arc-ss-20261005-object-component-velocity-dur-eval,pick_up_the_milk_and_place_it_in_the_basket,250,250,250,100.0,True,True,2026-10-07T04:15:51.411544+00:00
libero_object,component_velocity,dur,arc-ss-20261005-object-component-velocity-dur-eval,pick_up_the_orange_juice_and_place_it_in_the_basket,250,250,194,77.6,True,True,2026-10-07T04:15:51.411544+00:00
libero_object,component_velocity,dur,arc-ss-20261005-object-component-velocity-dur-eval,pick_up_the_salad_dressing_and_place_it_in_the_basket,250,250,249,99.6,True,True,2026-10-07T04:15:51.411544+00:00
libero_object,component_velocity,dur,arc-ss-20261005-object-component-velocity-dur-eval,pick_up_the_tomato_sauce_and_place_it_in_the_basket,250,250,4,1.6,True,True,2026-10-07T04:15:51.411544+00:00
libero_object,component_time,stk,arc-ss-20261005-object-component-time-stk-eval,pick_up_the_alphabet_soup_and_place_it_in_the_basket,250,250,221,88.4,True,True,2026-10-07T04:15:51.411544+00:00
libero_object,component_time,stk,arc-ss-20261005-object-component-time-stk-eval,pick_up_the_bbq_sauce_and_place_it_in_the_basket,250,250,47,18.8,True,True,2026-10-07T04:15:51.411544+00:00
libero_object,component_time,stk,arc-ss-20261005-object-component-time-stk-eval,pick_up_the_butter_and_place_it_in_the_basket,250,250,2,0.8,True,True,2026-10-07T04:15:51.411544+00:00
libero_object,component_time,stk,arc-ss-20261005-object-component-time-stk-eval,pick_up_the_chocolate_pudding_and_place_it_in_the_basket,250,250,0,0.0,True,True,2026-10-07T04:15:51.411544+00:00
libero_object,component_time,stk,arc-ss-20261005-object-component-time-stk-eval,pick_up_the_cream_cheese_and_place_it_in_the_basket,250,250,6,2.4,True,True,2026-10-07T04:15:51.411544+00:00
libero_object,component_time,stk,arc-ss-20261005-object-component-time-stk-eval,pick_up_the_ketchup_and_place_it_in_the_basket,250,250,243,97.2,True,True,2026-10-07T04:15:51.411544+00:00
libero_object,component_time,stk,arc-ss-20261005-object-component-time-stk-eval,pick_up_the_milk_and_place_it_in_the_basket,250,250,225,90.0,True,True,2026-10-07T04:15:51.411544+00:00
libero_object,component_time,stk,arc-ss-20261005-object-component-time-stk-eval,pick_up_the_orange_juice_and_place_it_in_the_basket,250,250,215,86.0,True,True,2026-10-07T04:15:51.411544+00:00
libero_object,component_time,stk,arc-ss-20261005-object-component-time-stk-eval,pick_up_the_salad_dressing_and_place_it_in_the_basket,250,250,138,55.2,True,True,2026-10-07T04:15:51.411544+00:00
libero_object,component_time,stk,arc-ss-20261005-object-component-time-stk-eval,pick_up_the_tomato_sauce_and_place_it_in_the_basket,250,250,0,0.0,True,True,2026-10-07T04:15:51.411544+00:00
libero_object,x_yz,stk,arc-ss-20261005-object-x-yz-stk-eval,pick_up_the_alphabet_soup_and_place_it_in_the_basket,250,250,62,24.8,True,True,2026-10-07T04:15:51.411544+00:00
libero_object,x_yz,stk,arc-ss-20261005-object-x-yz-stk-eval,pick_up_the_bbq_sauce_and_place_it_in_the_basket,250,250,125,50.0,True,True,2026-10-07T04:15:51.411544+00:00
libero_object,x_yz,stk,arc-ss-20261005-object-x-yz-stk-eval,pick_up_the_butter_and_place_it_in_the_basket,250,250,0,0.0,True,True,2026-10-07T04:15:51.411544+00:00
libero_object,x_yz,stk,arc-ss-20261005-object-x-yz-stk-eval,pick_up_the_chocolate_pudding_and_place_it_in_the_basket,250,250,13,5.2,True,True,2026-10-07T04:15:51.411544+00:00
libero_object,x_yz,stk,arc-ss-20261005-object-x-yz-stk-eval,pick_up_the_cream_cheese_and_place_it_in_the_basket,250,250,0,0.0,True,True,2026-10-07T04:15:51.411544+00:00
libero_object,x_yz,stk,arc-ss-20261005-object-x-yz-stk-eval,pick_up_the_ketchup_and_place_it_in_the_basket,250,250,248,99.2,True,True,2026-10-07T04:15:51.411544+00:00
libero_object,x_yz,stk,arc-ss-20261005-object-x-yz-stk-eval,pick_up_the_milk_and_place_it_in_the_basket,250,250,210,84.0,True,True,2026-10-07T04:15:51.411544+00:00
libero_object,x_yz,stk,arc-ss-20261005-object-x-yz-stk-eval,pick_up_the_orange_juice_and_place_it_in_the_basket,250,250,229,91.6,True,True,2026-10-07T04:15:51.411544+00:00
libero_object,x_yz,stk,arc-ss-20261005-object-x-yz-stk-eval,pick_up_the_salad_dressing_and_place_it_in_the_basket,250,250,236,94.4,True,True,2026-10-07T04:15:51.411544+00:00
libero_object,x_yz,stk,arc-ss-20261005-object-x-yz-stk-eval,pick_up_the_tomato_sauce_and_place_it_in_the_basket,250,250,0,0.0,True,True,2026-10-07T04:15:51.411544+00:00
libero_object,x_yz,dur,arc-ss-20261005-object-x-yz-dur-eval,pick_up_the_alphabet_soup_and_place_it_in_the_basket,250,250,183,73.2,True,True,2026-10-07T04:15:51.411544+00:00
libero_object,x_yz,dur,arc-ss-20261005-object-x-yz-dur-eval,pick_up_the_bbq_sauce_and_place_it_in_the_basket,250,250,240,96.0,True,True,2026-10-07T04:15:51.411544+00:00
libero_object,x_yz,dur,arc-ss-20261005-object-x-yz-dur-eval,pick_up_the_butter_and_place_it_in_the_basket,250,250,1,0.4,True,True,2026-10-07T04:15:51.411544+00:00
libero_object,x_yz,dur,arc-ss-20261005-object-x-yz-dur-eval,pick_up_the_chocolate_pudding_and_place_it_in_the_basket,250,250,0,0.0,True,True,2026-10-07T04:15:51.411544+00:00
libero_object,x_yz,dur,arc-ss-20261005-object-x-yz-dur-eval,pick_up_the_cream_cheese_and_place_it_in_the_basket,250,250,29,11.6,True,True,2026-10-07T04:15:51.411544+00:00
libero_object,x_yz,dur,arc-ss-20261005-object-x-yz-dur-eval,pick_up_the_ketchup_and_place_it_in_the_basket,250,250,133,53.2,True,True,2026-10-07T04:15:51.411544+00:00
libero_object,x_yz,dur,arc-ss-20261005-object-x-yz-dur-eval,pick_up_the_milk_and_place_it_in_the_basket,250,250,91,36.4,True,True,2026-10-07T04:15:51.411544+00:00
libero_object,x_yz,dur,arc-ss-20261005-object-x-yz-dur-eval,pick_up_the_orange_juice_and_place_it_in_the_basket,250,250,249,99.6,True,True,2026-10-07T04:15:51.411544+00:00
libero_object,x_yz,dur,arc-ss-20261005-object-x-yz-dur-eval,pick_up_the_salad_dressing_and_place_it_in_the_basket,250,250,173,69.2,True,True,2026-10-07T04:15:51.411544+00:00
libero_object,x_yz,dur,arc-ss-20261005-object-x-yz-dur-eval,pick_up_the_tomato_sauce_and_place_it_in_the_basket,250,250,180,72.0,True,True,2026-10-07T04:15:51.411544+00:00
libero_object,y_xz,stk,arc-ss-20261005-object-y-xz-stk-eval,pick_up_the_alphabet_soup_and_place_it_in_the_basket,250,250,201,80.4,True,True,2026-10-07T04:15:51.411544+00:00
libero_object,y_xz,stk,arc-ss-20261005-object-y-xz-stk-eval,pick_up_the_bbq_sauce_and_place_it_in_the_basket,250,250,26,10.4,True,True,2026-10-07T04:15:51.411544+00:00
libero_object,y_xz,stk,arc-ss-20261005-object-y-xz-stk-eval,pick_up_the_butter_and_place_it_in_the_basket,250,250,10,4.0,True,True,2026-10-07T04:15:51.411544+00:00
libero_object,y_xz,stk,arc-ss-20261005-object-y-xz-stk-eval,pick_up_the_chocolate_pudding_and_place_it_in_the_basket,250,250,50,20.0,True,True,2026-10-07T04:15:51.411544+00:00
libero_object,y_xz,stk,arc-ss-20261005-object-y-xz-stk-eval,pick_up_the_cream_cheese_and_place_it_in_the_basket,250,250,0,0.0,True,True,2026-10-07T04:15:51.411544+00:00
libero_object,y_xz,stk,arc-ss-20261005-object-y-xz-stk-eval,pick_up_the_ketchup_and_place_it_in_the_basket,250,250,236,94.4,True,True,2026-10-07T04:15:51.411544+00:00
libero_object,y_xz,stk,arc-ss-20261005-object-y-xz-stk-eval,pick_up_the_milk_and_place_it_in_the_basket,250,250,191,76.4,True,True,2026-10-07T04:15:51.411544+00:00
libero_object,y_xz,stk,arc-ss-20261005-object-y-xz-stk-eval,pick_up_the_orange_juice_and_place_it_in_the_basket,250,250,113,45.2,True,True,2026-10-07T04:15:51.411544+00:00
libero_object,y_xz,stk,arc-ss-20261005-object-y-xz-stk-eval,pick_up_the_salad_dressing_and_place_it_in_the_basket,250,250,48,19.2,True,True,2026-10-07T04:15:51.411544+00:00
libero_object,y_xz,stk,arc-ss-20261005-object-y-xz-stk-eval,pick_up_the_tomato_sauce_and_place_it_in_the_basket,250,250,0,0.0,True,True,2026-10-07T04:15:51.411544+00:00
libero_object,y_xz,dur,arc-ss-20261005-object-y-xz-dur-eval,pick_up_the_alphabet_soup_and_place_it_in_the_basket,250,250,172,68.8,True,True,2026-10-07T04:15:51.411544+00:00
libero_object,y_xz,dur,arc-ss-20261005-object-y-xz-dur-eval,pick_up_the_bbq_sauce_and_place_it_in_the_basket,250,250,126,50.4,True,True,2026-10-07T04:15:51.411544+00:00
libero_object,y_xz,dur,arc-ss-20261005-object-y-xz-dur-eval,pick_up_the_butter_and_place_it_in_the_basket,250,250,0,0.0,True,True,2026-10-07T04:15:51.411544+00:00
libero_object,y_xz,dur,arc-ss-20261005-object-y-xz-dur-eval,pick_up_the_chocolate_pudding_and_place_it_in_the_basket,250,250,1,0.4,True,True,2026-10-07T04:15:51.411544+00:00
libero_object,y_xz,dur,arc-ss-20261005-object-y-xz-dur-eval,pick_up_the_cream_cheese_and_place_it_in_the_basket,250,250,9,3.6,True,True,2026-10-07T04:15:51.411544+00:00
libero_object,y_xz,dur,arc-ss-20261005-object-y-xz-dur-eval,pick_up_the_ketchup_and_place_it_in_the_basket,250,250,241,96.4,True,True,2026-10-07T04:15:51.411544+00:00
libero_object,y_xz,dur,arc-ss-20261005-object-y-xz-dur-eval,pick_up_the_milk_and_place_it_in_the_basket,250,250,248,99.2,True,True,2026-10-07T04:15:51.411544+00:00
libero_object,y_xz,dur,arc-ss-20261005-object-y-xz-dur-eval,pick_up_the_orange_juice_and_place_it_in_the_basket,250,250,248,99.2,True,True,2026-10-07T04:15:51.411544+00:00
libero_object,y_xz,dur,arc-ss-20261005-object-y-xz-dur-eval,pick_up_the_salad_dressing_and_place_it_in_the_basket,250,250,247,98.8,True,True,2026-10-07T04:15:51.411544+00:00
libero_object,y_xz,dur,arc-ss-20261005-object-y-xz-dur-eval,pick_up_the_tomato_sauce_and_place_it_in_the_basket,250,250,4,1.6,True,True,2026-10-07T04:15:51.411544+00:00
libero_object,z_xy,stk,arc-ss-20261005-object-z-xy-stk-eval,pick_up_the_alphabet_soup_and_place_it_in_the_basket,250,250,1,0.4,True,True,2026-10-07T04:15:51.411544+00:00
libero_object,z_xy,stk,arc-ss-20261005-object-z-xy-stk-eval,pick_up_the_bbq_sauce_and_place_it_in_the_basket,250,250,42,16.8,True,True,2026-10-07T04:15:51.411544+00:00
libero_object,z_xy,stk,arc-ss-20261005-object-z-xy-stk-eval,pick_up_the_butter_and_place_it_in_the_basket,250,250,8,3.2,True,True,2026-10-07T04:15:51.411544+00:00
libero_object,z_xy,stk,arc-ss-20261005-object-z-xy-stk-eval,pick_up_the_chocolate_pudding_and_place_it_in_the_basket,250,250,0,0.0,True,True,2026-10-07T04:15:51.411544+00:00
libero_object,z_xy,stk,arc-ss-20261005-object-z-xy-stk-eval,pick_up_the_cream_cheese_and_place_it_in_the_basket,250,250,9,3.6,True,True,2026-10-07T04:15:51.411544+00:00
libero_object,z_xy,stk,arc-ss-20261005-object-z-xy-stk-eval,pick_up_the_ketchup_and_place_it_in_the_basket,250,250,171,68.4,True,True,2026-10-07T04:15:51.411544+00:00
libero_object,z_xy,stk,arc-ss-20261005-object-z-xy-stk-eval,pick_up_the_milk_and_place_it_in_the_basket,250,250,233,93.2,True,True,2026-10-07T04:15:51.411544+00:00
libero_object,z_xy,stk,arc-ss-20261005-object-z-xy-stk-eval,pick_up_the_orange_juice_and_place_it_in_the_basket,250,250,241,96.4,True,True,2026-10-07T04:15:51.411544+00:00
libero_object,z_xy,stk,arc-ss-20261005-object-z-xy-stk-eval,pick_up_the_salad_dressing_and_place_it_in_the_basket,250,250,246,98.4,True,True,2026-10-07T04:15:51.411544+00:00
libero_object,z_xy,stk,arc-ss-20261005-object-z-xy-stk-eval,pick_up_the_tomato_sauce_and_place_it_in_the_basket,250,250,1,0.4,True,True,2026-10-07T04:15:51.411544+00:00
libero_object,z_xy,dur,arc-ss-20261005-object-z-xy-dur-eval,pick_up_the_alphabet_soup_and_place_it_in_the_basket,250,250,127,50.8,True,True,2026-10-07T04:15:51.411544+00:00
libero_object,z_xy,dur,arc-ss-20261005-object-z-xy-dur-eval,pick_up_the_bbq_sauce_and_place_it_in_the_basket,250,250,224,89.6,True,True,2026-10-07T04:15:51.411544+00:00
libero_object,z_xy,dur,arc-ss-20261005-object-z-xy-dur-eval,pick_up_the_butter_and_place_it_in_the_basket,250,250,2,0.8,True,True,2026-10-07T04:15:51.411544+00:00
libero_object,z_xy,dur,arc-ss-20261005-object-z-xy-dur-eval,pick_up_the_chocolate_pudding_and_place_it_in_the_basket,250,250,1,0.4,True,True,2026-10-07T04:15:51.411544+00:00
libero_object,z_xy,dur,arc-ss-20261005-object-z-xy-dur-eval,pick_up_the_cream_cheese_and_place_it_in_the_basket,250,250,0,0.0,True,True,2026-10-07T04:15:51.411544+00:00
libero_object,z_xy,dur,arc-ss-20261005-object-z-xy-dur-eval,pick_up_the_ketchup_and_place_it_in_the_basket,250,250,139,55.6,True,True,2026-10-07T04:15:51.411544+00:00
libero_object,z_xy,dur,arc-ss-20261005-object-z-xy-dur-eval,pick_up_the_milk_and_place_it_in_the_basket,250,250,247,98.8,True,True,2026-10-07T04:15:51.411544+00:00
libero_object,z_xy,dur,arc-ss-20261005-object-z-xy-dur-eval,pick_up_the_orange_juice_and_place_it_in_the_basket,250,250,241,96.4,True,True,2026-10-07T04:15:51.411544+00:00
libero_object,z_xy,dur,arc-ss-20261005-object-z-xy-dur-eval,pick_up_the_salad_dressing_and_place_it_in_the_basket,250,250,241,96.4,True,True,2026-10-07T04:15:51.411544+00:00
libero_object,z_xy,dur,arc-ss-20261005-object-z-xy-dur-eval,pick_up_the_tomato_sauce_and_place_it_in_the_basket,250,250,32,12.8,True,True,2026-10-07T04:15:51.411544+00:00
libero_object,angular_driver,stk,arc-ss-20261005-object-angular-driver-stk-eval,pick_up_the_alphabet_soup_and_place_it_in_the_basket,250,250,0,0.0,True,True,2026-10-07T04:15:51.411544+00:00
libero_object,angular_driver,stk,arc-ss-20261005-object-angular-driver-stk-eval,pick_up_the_bbq_sauce_and_place_it_in_the_basket,250,250,228,91.2,True,True,2026-10-07T04:15:51.411544+00:00
libero_object,angular_driver,stk,arc-ss-20261005-object-angular-driver-stk-eval,pick_up_the_butter_and_place_it_in_the_basket,250,250,22,8.8,True,True,2026-10-07T04:15:51.411544+00:00
libero_object,angular_driver,stk,arc-ss-20261005-object-angular-driver-stk-eval,pick_up_the_chocolate_pudding_and_place_it_in_the_basket,250,250,3,1.2,True,True,2026-10-07T04:15:51.411544+00:00
libero_object,angular_driver,stk,arc-ss-20261005-object-angular-driver-stk-eval,pick_up_the_cream_cheese_and_place_it_in_the_basket,250,250,244,97.6,True,True,2026-10-07T04:15:51.411544+00:00
libero_object,angular_driver,stk,arc-ss-20261005-object-angular-driver-stk-eval,pick_up_the_ketchup_and_place_it_in_the_basket,250,250,0,0.0,True,True,2026-10-07T04:15:51.411544+00:00
libero_object,angular_driver,stk,arc-ss-20261005-object-angular-driver-stk-eval,pick_up_the_milk_and_place_it_in_the_basket,250,250,37,14.8,True,True,2026-10-07T04:15:51.411544+00:00
libero_object,angular_driver,stk,arc-ss-20261005-object-angular-driver-stk-eval,pick_up_the_orange_juice_and_place_it_in_the_basket,250,250,241,96.4,True,True,2026-10-07T04:15:51.411544+00:00
libero_object,angular_driver,stk,arc-ss-20261005-object-angular-driver-stk-eval,pick_up_the_salad_dressing_and_place_it_in_the_basket,250,250,147,58.8,True,True,2026-10-07T04:15:51.411544+00:00
libero_object,angular_driver,stk,arc-ss-20261005-object-angular-driver-stk-eval,pick_up_the_tomato_sauce_and_place_it_in_the_basket,250,250,247,98.8,True,True,2026-10-07T04:15:51.411544+00:00
libero_object,angular_driver,dur,arc-ss-20261005-object-angular-driver-dur-eval,pick_up_the_alphabet_soup_and_place_it_in_the_basket,250,250,3,1.2,True,True,2026-10-07T04:15:51.411544+00:00
libero_object,angular_driver,dur,arc-ss-20261005-object-angular-driver-dur-eval,pick_up_the_bbq_sauce_and_place_it_in_the_basket,250,250,233,93.2,True,True,2026-10-07T04:15:51.411544+00:00
libero_object,angular_driver,dur,arc-ss-20261005-object-angular-driver-dur-eval,pick_up_the_butter_and_place_it_in_the_basket,250,250,15,6.0,True,True,2026-10-07T04:15:51.411544+00:00
libero_object,angular_driver,dur,arc-ss-20261005-object-angular-driver-dur-eval,pick_up_the_chocolate_pudding_and_place_it_in_the_basket,250,250,3,1.2,True,True,2026-10-07T04:15:51.411544+00:00
libero_object,angular_driver,dur,arc-ss-20261005-object-angular-driver-dur-eval,pick_up_the_cream_cheese_and_place_it_in_the_basket,250,250,244,97.6,True,True,2026-10-07T04:15:51.411544+00:00
libero_object,angular_driver,dur,arc-ss-20261005-object-angular-driver-dur-eval,pick_up_the_ketchup_and_place_it_in_the_basket,250,250,9,3.6,True,True,2026-10-07T04:15:51.411544+00:00
libero_object,angular_driver,dur,arc-ss-20261005-object-angular-driver-dur-eval,pick_up_the_milk_and_place_it_in_the_basket,250,250,109,43.6,True,True,2026-10-07T04:15:51.411544+00:00
libero_object,angular_driver,dur,arc-ss-20261005-object-angular-driver-dur-eval,pick_up_the_orange_juice_and_place_it_in_the_basket,250,250,250,100.0,True,True,2026-10-07T04:15:51.411544+00:00
libero_object,angular_driver,dur,arc-ss-20261005-object-angular-driver-dur-eval,pick_up_the_salad_dressing_and_place_it_in_the_basket,250,250,190,76.0,True,True,2026-10-07T04:15:51.411544+00:00
libero_object,angular_driver,dur,arc-ss-20261005-object-angular-driver-dur-eval,pick_up_the_tomato_sauce_and_place_it_in_the_basket,250,250,246,98.4,True,True,2026-10-07T04:15:51.411544+00:00
libero_object,angular_scalar,stk,arc-ss-20261005-object-angular-scalar-stk-eval,pick_up_the_alphabet_soup_and_place_it_in_the_basket,250,250,29,11.6,True,True,2026-10-07T04:15:51.411544+00:00
libero_object,angular_scalar,stk,arc-ss-20261005-object-angular-scalar-stk-eval,pick_up_the_bbq_sauce_and_place_it_in_the_basket,250,250,206,82.4,True,True,2026-10-07T04:15:51.411544+00:00
libero_object,angular_scalar,stk,arc-ss-20261005-object-angular-scalar-stk-eval,pick_up_the_butter_and_place_it_in_the_basket,250,250,24,9.6,True,True,2026-10-07T04:15:51.411544+00:00
libero_object,angular_scalar,stk,arc-ss-20261005-object-angular-scalar-stk-eval,pick_up_the_chocolate_pudding_and_place_it_in_the_basket,250,250,87,34.8,True,True,2026-10-07T04:15:51.411544+00:00
libero_object,angular_scalar,stk,arc-ss-20261005-object-angular-scalar-stk-eval,pick_up_the_cream_cheese_and_place_it_in_the_basket,250,250,88,35.2,True,True,2026-10-07T04:15:51.411544+00:00
libero_object,angular_scalar,stk,arc-ss-20261005-object-angular-scalar-stk-eval,pick_up_the_ketchup_and_place_it_in_the_basket,250,250,239,95.6,True,True,2026-10-07T04:15:51.411544+00:00
libero_object,angular_scalar,stk,arc-ss-20261005-object-angular-scalar-stk-eval,pick_up_the_milk_and_place_it_in_the_basket,250,250,180,72.0,True,True,2026-10-07T04:15:51.411544+00:00
libero_object,angular_scalar,stk,arc-ss-20261005-object-angular-scalar-stk-eval,pick_up_the_orange_juice_and_place_it_in_the_basket,250,250,241,96.4,True,True,2026-10-07T04:15:51.411544+00:00
libero_object,angular_scalar,stk,arc-ss-20261005-object-angular-scalar-stk-eval,pick_up_the_salad_dressing_and_place_it_in_the_basket,250,250,214,85.6,True,True,2026-10-07T04:15:51.411544+00:00
libero_object,angular_scalar,stk,arc-ss-20261005-object-angular-scalar-stk-eval,pick_up_the_tomato_sauce_and_place_it_in_the_basket,250,250,0,0.0,True,True,2026-10-07T04:15:51.411544+00:00
libero_object,angular_scalar,dur,arc-ss-20261005-object-angular-scalar-dur-eval,pick_up_the_alphabet_soup_and_place_it_in_the_basket,250,250,238,95.2,True,True,2026-10-07T04:15:51.411544+00:00
libero_object,angular_scalar,dur,arc-ss-20261005-object-angular-scalar-dur-eval,pick_up_the_bbq_sauce_and_place_it_in_the_basket,250,250,217,86.8,True,True,2026-10-07T04:15:51.411544+00:00
libero_object,angular_scalar,dur,arc-ss-20261005-object-angular-scalar-dur-eval,pick_up_the_butter_and_place_it_in_the_basket,250,250,205,82.0,True,True,2026-10-07T04:15:51.411544+00:00
libero_object,angular_scalar,dur,arc-ss-20261005-object-angular-scalar-dur-eval,pick_up_the_chocolate_pudding_and_place_it_in_the_basket,250,250,66,26.4,True,True,2026-10-07T04:15:51.411544+00:00
libero_object,angular_scalar,dur,arc-ss-20261005-object-angular-scalar-dur-eval,pick_up_the_cream_cheese_and_place_it_in_the_basket,250,250,203,81.2,True,True,2026-10-07T04:15:51.411544+00:00
libero_object,angular_scalar,dur,arc-ss-20261005-object-angular-scalar-dur-eval,pick_up_the_ketchup_and_place_it_in_the_basket,250,250,73,29.2,True,True,2026-10-07T04:15:51.411544+00:00
libero_object,angular_scalar,dur,arc-ss-20261005-object-angular-scalar-dur-eval,pick_up_the_milk_and_place_it_in_the_basket,250,250,119,47.6,True,True,2026-10-07T04:15:51.411544+00:00
libero_object,angular_scalar,dur,arc-ss-20261005-object-angular-scalar-dur-eval,pick_up_the_orange_juice_and_place_it_in_the_basket,250,250,221,88.4,True,True,2026-10-07T04:15:51.411544+00:00
libero_object,angular_scalar,dur,arc-ss-20261005-object-angular-scalar-dur-eval,pick_up_the_salad_dressing_and_place_it_in_the_basket,250,250,153,61.2,True,True,2026-10-07T04:15:51.411544+00:00
libero_object,angular_scalar,dur,arc-ss-20261005-object-angular-scalar-dur-eval,pick_up_the_tomato_sauce_and_place_it_in_the_basket,250,250,203,81.2,True,True,2026-10-07T04:15:51.411544+00:00
libero_object,all_scalar,stk,arc-ss-20261005-object-all-scalar-stk-eval,pick_up_the_alphabet_soup_and_place_it_in_the_basket,250,250,147,58.8,True,True,2026-10-07T04:15:51.411544+00:00
libero_object,all_scalar,stk,arc-ss-20261005-object-all-scalar-stk-eval,pick_up_the_bbq_sauce_and_place_it_in_the_basket,250,250,2,0.8,True,True,2026-10-07T04:15:51.411544+00:00
libero_object,all_scalar,stk,arc-ss-20261005-object-all-scalar-stk-eval,pick_up_the_butter_and_place_it_in_the_basket,250,250,1,0.4,True,True,2026-10-07T04:15:51.411544+00:00
libero_object,all_scalar,stk,arc-ss-20261005-object-all-scalar-stk-eval,pick_up_the_chocolate_pudding_and_place_it_in_the_basket,250,250,29,11.6,True,True,2026-10-07T04:15:51.411544+00:00
libero_object,all_scalar,stk,arc-ss-20261005-object-all-scalar-stk-eval,pick_up_the_cream_cheese_and_place_it_in_the_basket,250,250,0,0.0,True,True,2026-10-07T04:15:51.411544+00:00
libero_object,all_scalar,stk,arc-ss-20261005-object-all-scalar-stk-eval,pick_up_the_ketchup_and_place_it_in_the_basket,250,250,122,48.8,True,True,2026-10-07T04:15:51.411544+00:00
libero_object,all_scalar,stk,arc-ss-20261005-object-all-scalar-stk-eval,pick_up_the_milk_and_place_it_in_the_basket,250,250,158,63.2,True,True,2026-10-07T04:15:51.411544+00:00
libero_object,all_scalar,stk,arc-ss-20261005-object-all-scalar-stk-eval,pick_up_the_orange_juice_and_place_it_in_the_basket,250,250,3,1.2,True,True,2026-10-07T04:15:51.411544+00:00
libero_object,all_scalar,stk,arc-ss-20261005-object-all-scalar-stk-eval,pick_up_the_salad_dressing_and_place_it_in_the_basket,250,250,0,0.0,True,True,2026-10-07T04:15:51.411544+00:00
libero_object,all_scalar,stk,arc-ss-20261005-object-all-scalar-stk-eval,pick_up_the_tomato_sauce_and_place_it_in_the_basket,250,250,0,0.0,True,True,2026-10-07T04:15:51.411544+00:00
libero_object,all_scalar,dur,arc-ss-20261005-object-all-scalar-dur-eval,pick_up_the_alphabet_soup_and_place_it_in_the_basket,250,250,0,0.0,True,True,2026-10-07T04:15:51.411544+00:00
libero_object,all_scalar,dur,arc-ss-20261005-object-all-scalar-dur-eval,pick_up_the_bbq_sauce_and_place_it_in_the_basket,250,250,233,93.2,True,True,2026-10-07T04:15:51.411544+00:00
libero_object,all_scalar,dur,arc-ss-20261005-object-all-scalar-dur-eval,pick_up_the_butter_and_place_it_in_the_basket,250,250,0,0.0,True,True,2026-10-07T04:15:51.411544+00:00
libero_object,all_scalar,dur,arc-ss-20261005-object-all-scalar-dur-eval,pick_up_the_chocolate_pudding_and_place_it_in_the_basket,250,250,0,0.0,True,True,2026-10-07T04:15:51.411544+00:00
libero_object,all_scalar,dur,arc-ss-20261005-object-all-scalar-dur-eval,pick_up_the_cream_cheese_and_place_it_in_the_basket,250,250,41,16.4,True,True,2026-10-07T04:15:51.411544+00:00
libero_object,all_scalar,dur,arc-ss-20261005-object-all-scalar-dur-eval,pick_up_the_ketchup_and_place_it_in_the_basket,250,250,0,0.0,True,True,2026-10-07T04:15:51.411544+00:00
libero_object,all_scalar,dur,arc-ss-20261005-object-all-scalar-dur-eval,pick_up_the_milk_and_place_it_in_the_basket,250,250,0,0.0,True,True,2026-10-07T04:15:51.411544+00:00
libero_object,all_scalar,dur,arc-ss-20261005-object-all-scalar-dur-eval,pick_up_the_orange_juice_and_place_it_in_the_basket,250,250,244,97.6,True,True,2026-10-07T04:15:51.411544+00:00
libero_object,all_scalar,dur,arc-ss-20261005-object-all-scalar-dur-eval,pick_up_the_salad_dressing_and_place_it_in_the_basket,250,250,203,81.2,True,True,2026-10-07T04:15:51.411544+00:00
libero_object,all_scalar,dur,arc-ss-20261005-object-all-scalar-dur-eval,pick_up_the_tomato_sauce_and_place_it_in_the_basket,250,250,242,96.8,True,True,2026-10-07T04:15:51.411544+00:00
libero_goal,reference,stk,arc-se-20261003-goal-reference-stk-eval,open_the_middle_drawer_of_the_cabinet,250,250,249,99.6,True,True,2026-10-07T04:15:51.411544+00:00
libero_goal,reference,stk,arc-se-20261003-goal-reference-stk-eval,open_the_top_drawer_and_put_the_bowl_inside,250,250,180,72.0,True,True,2026-10-07T04:15:51.411544+00:00
libero_goal,reference,stk,arc-se-20261003-goal-reference-stk-eval,push_the_plate_to_the_front_of_the_stove,250,250,193,77.2,True,True,2026-10-07T04:15:51.411544+00:00
libero_goal,reference,stk,arc-se-20261003-goal-reference-stk-eval,put_the_bowl_on_the_plate,250,250,192,76.8,True,True,2026-10-07T04:15:51.411544+00:00
libero_goal,reference,stk,arc-se-20261003-goal-reference-stk-eval,put_the_bowl_on_the_stove,250,250,246,98.4,True,True,2026-10-07T04:15:51.411544+00:00
libero_goal,reference,stk,arc-se-20261003-goal-reference-stk-eval,put_the_bowl_on_top_of_the_cabinet,250,250,236,94.4,True,True,2026-10-07T04:15:51.411544+00:00
libero_goal,reference,stk,arc-se-20261003-goal-reference-stk-eval,put_the_cream_cheese_in_the_bowl,250,250,165,66.0,True,True,2026-10-07T04:15:51.411544+00:00
libero_goal,reference,stk,arc-se-20261003-goal-reference-stk-eval,put_the_wine_bottle_on_the_rack,250,250,210,84.0,True,True,2026-10-07T04:15:51.411544+00:00
libero_goal,reference,stk,arc-se-20261003-goal-reference-stk-eval,put_the_wine_bottle_on_top_of_the_cabinet,250,250,218,87.2,True,True,2026-10-07T04:15:51.411544+00:00
libero_goal,reference,stk,arc-se-20261003-goal-reference-stk-eval,turn_on_the_stove,250,250,249,99.6,True,True,2026-10-07T04:15:51.411544+00:00
libero_goal,reference,dur,arc-sr-20261003-goal-reference-dur-eval,open_the_middle_drawer_of_the_cabinet,250,250,249,99.6,True,True,2026-10-07T04:15:51.411544+00:00
libero_goal,reference,dur,arc-sr-20261003-goal-reference-dur-eval,open_the_top_drawer_and_put_the_bowl_inside,250,250,203,81.2,True,True,2026-10-07T04:15:51.411544+00:00
libero_goal,reference,dur,arc-sr-20261003-goal-reference-dur-eval,push_the_plate_to_the_front_of_the_stove,250,250,208,83.2,True,True,2026-10-07T04:15:51.411544+00:00
libero_goal,reference,dur,arc-sr-20261003-goal-reference-dur-eval,put_the_bowl_on_the_plate,250,250,200,80.0,True,True,2026-10-07T04:15:51.411544+00:00
libero_goal,reference,dur,arc-sr-20261003-goal-reference-dur-eval,put_the_bowl_on_the_stove,250,250,241,96.4,True,True,2026-10-07T04:15:51.411544+00:00
libero_goal,reference,dur,arc-sr-20261003-goal-reference-dur-eval,put_the_bowl_on_top_of_the_cabinet,250,250,241,96.4,True,True,2026-10-07T04:15:51.411544+00:00
libero_goal,reference,dur,arc-sr-20261003-goal-reference-dur-eval,put_the_cream_cheese_in_the_bowl,250,250,194,77.6,True,True,2026-10-07T04:15:51.411544+00:00
libero_goal,reference,dur,arc-sr-20261003-goal-reference-dur-eval,put_the_wine_bottle_on_the_rack,250,250,222,88.8,True,True,2026-10-07T04:15:51.411544+00:00
libero_goal,reference,dur,arc-sr-20261003-goal-reference-dur-eval,put_the_wine_bottle_on_top_of_the_cabinet,250,250,230,92.0,True,True,2026-10-07T04:15:51.411544+00:00
libero_goal,reference,dur,arc-sr-20261003-goal-reference-dur-eval,turn_on_the_stove,250,250,246,98.4,True,True,2026-10-07T04:15:51.411544+00:00
libero_goal,gripper,stk,arc-sr-20261003-goal-gripper-stk-eval,open_the_middle_drawer_of_the_cabinet,250,250,247,98.8,True,True,2026-10-07T04:15:51.411544+00:00
libero_goal,gripper,stk,arc-sr-20261003-goal-gripper-stk-eval,open_the_top_drawer_and_put_the_bowl_inside,250,250,185,74.0,True,True,2026-10-07T04:15:51.411544+00:00
libero_goal,gripper,stk,arc-sr-20261003-goal-gripper-stk-eval,push_the_plate_to_the_front_of_the_stove,250,250,181,72.4,True,True,2026-10-07T04:15:51.411544+00:00
libero_goal,gripper,stk,arc-sr-20261003-goal-gripper-stk-eval,put_the_bowl_on_the_plate,250,250,209,83.6,True,True,2026-10-07T04:15:51.411544+00:00
libero_goal,gripper,stk,arc-sr-20261003-goal-gripper-stk-eval,put_the_bowl_on_the_stove,250,250,245,98.0,True,True,2026-10-07T04:15:51.411544+00:00
libero_goal,gripper,stk,arc-sr-20261003-goal-gripper-stk-eval,put_the_bowl_on_top_of_the_cabinet,250,250,214,85.6,True,True,2026-10-07T04:15:51.411544+00:00
libero_goal,gripper,stk,arc-sr-20261003-goal-gripper-stk-eval,put_the_cream_cheese_in_the_bowl,250,250,202,80.8,True,True,2026-10-07T04:15:51.411544+00:00
libero_goal,gripper,stk,arc-sr-20261003-goal-gripper-stk-eval,put_the_wine_bottle_on_the_rack,250,250,220,88.0,True,True,2026-10-07T04:15:51.411544+00:00
libero_goal,gripper,stk,arc-sr-20261003-goal-gripper-stk-eval,put_the_wine_bottle_on_top_of_the_cabinet,250,250,224,89.6,True,True,2026-10-07T04:15:51.411544+00:00
libero_goal,gripper,stk,arc-sr-20261003-goal-gripper-stk-eval,turn_on_the_stove,250,250,249,99.6,True,True,2026-10-07T04:15:51.411544+00:00
libero_goal,component_time,dur,arc-st-20261005-goal-component-time-dur-eval,open_the_middle_drawer_of_the_cabinet,250,250,245,98.0,True,True,2026-10-07T04:15:51.411544+00:00
libero_goal,component_time,dur,arc-st-20261005-goal-component-time-dur-eval,open_the_top_drawer_and_put_the_bowl_inside,250,250,158,63.2,True,True,2026-10-07T04:15:51.411544+00:00
libero_goal,component_time,dur,arc-st-20261005-goal-component-time-dur-eval,push_the_plate_to_the_front_of_the_stove,250,250,237,94.8,True,True,2026-10-07T04:15:51.411544+00:00
libero_goal,component_time,dur,arc-st-20261005-goal-component-time-dur-eval,put_the_bowl_on_the_plate,250,250,238,95.2,True,True,2026-10-07T04:15:51.411544+00:00
libero_goal,component_time,dur,arc-st-20261005-goal-component-time-dur-eval,put_the_bowl_on_the_stove,250,250,232,92.8,True,True,2026-10-07T04:15:51.411544+00:00
libero_goal,component_time,dur,arc-st-20261005-goal-component-time-dur-eval,put_the_bowl_on_top_of_the_cabinet,250,250,238,95.2,True,True,2026-10-07T04:15:51.411544+00:00
libero_goal,component_time,dur,arc-st-20261005-goal-component-time-dur-eval,put_the_cream_cheese_in_the_bowl,250,250,200,80.0,True,True,2026-10-07T04:15:51.411544+00:00
libero_goal,component_time,dur,arc-st-20261005-goal-component-time-dur-eval,put_the_wine_bottle_on_the_rack,250,250,185,74.0,True,True,2026-10-07T04:15:51.411544+00:00
libero_goal,component_time,dur,arc-st-20261005-goal-component-time-dur-eval,put_the_wine_bottle_on_top_of_the_cabinet,250,250,220,88.0,True,True,2026-10-07T04:15:51.411544+00:00
libero_goal,component_time,dur,arc-st-20261005-goal-component-time-dur-eval,turn_on_the_stove,250,250,250,100.0,True,True,2026-10-07T04:15:51.411544+00:00
libero_goal,gripper,dur,arc-st-20261005-goal-gripper-dur-eval,open_the_middle_drawer_of_the_cabinet,250,250,248,99.2,True,True,2026-10-07T04:15:51.411544+00:00
libero_goal,gripper,dur,arc-st-20261005-goal-gripper-dur-eval,open_the_top_drawer_and_put_the_bowl_inside,250,250,186,74.4,True,True,2026-10-07T04:15:51.411544+00:00
libero_goal,gripper,dur,arc-st-20261005-goal-gripper-dur-eval,push_the_plate_to_the_front_of_the_stove,250,250,189,75.6,True,True,2026-10-07T04:15:51.411544+00:00
libero_goal,gripper,dur,arc-st-20261005-goal-gripper-dur-eval,put_the_bowl_on_the_plate,250,250,233,93.2,True,True,2026-10-07T04:15:51.411544+00:00
libero_goal,gripper,dur,arc-st-20261005-goal-gripper-dur-eval,put_the_bowl_on_the_stove,250,250,245,98.0,True,True,2026-10-07T04:15:51.411544+00:00
libero_goal,gripper,dur,arc-st-20261005-goal-gripper-dur-eval,put_the_bowl_on_top_of_the_cabinet,250,250,239,95.6,True,True,2026-10-07T04:15:51.411544+00:00
libero_goal,gripper,dur,arc-st-20261005-goal-gripper-dur-eval,put_the_cream_cheese_in_the_bowl,250,250,198,79.2,True,True,2026-10-07T04:15:51.411544+00:00
libero_goal,gripper,dur,arc-st-20261005-goal-gripper-dur-eval,put_the_wine_bottle_on_the_rack,250,250,213,85.2,True,True,2026-10-07T04:15:51.411544+00:00
libero_goal,gripper,dur,arc-st-20261005-goal-gripper-dur-eval,put_the_wine_bottle_on_top_of_the_cabinet,250,250,222,88.8,True,True,2026-10-07T04:15:51.411544+00:00
libero_goal,gripper,dur,arc-st-20261005-goal-gripper-dur-eval,turn_on_the_stove,250,250,250,100.0,True,True,2026-10-07T04:15:51.411544+00:00
libero_goal,xyz_scalar,stk,arc-st-20261005-goal-xyz-scalar-stk-eval,open_the_middle_drawer_of_the_cabinet,250,250,223,89.2,True,True,2026-10-07T04:15:51.411544+00:00
libero_goal,xyz_scalar,stk,arc-st-20261005-goal-xyz-scalar-stk-eval,open_the_top_drawer_and_put_the_bowl_inside,250,250,100,40.0,True,True,2026-10-07T04:15:51.411544+00:00
libero_goal,xyz_scalar,stk,arc-st-20261005-goal-xyz-scalar-stk-eval,push_the_plate_to_the_front_of_the_stove,250,250,135,54.0,True,True,2026-10-07T04:15:51.411544+00:00
libero_goal,xyz_scalar,stk,arc-st-20261005-goal-xyz-scalar-stk-eval,put_the_bowl_on_the_plate,250,250,169,67.6,True,True,2026-10-07T04:15:51.411544+00:00
libero_goal,xyz_scalar,stk,arc-st-20261005-goal-xyz-scalar-stk-eval,put_the_bowl_on_the_stove,250,250,222,88.8,True,True,2026-10-07T04:15:51.411544+00:00
libero_goal,xyz_scalar,stk,arc-st-20261005-goal-xyz-scalar-stk-eval,put_the_bowl_on_top_of_the_cabinet,250,250,186,74.4,True,True,2026-10-07T04:15:51.411544+00:00
libero_goal,xyz_scalar,stk,arc-st-20261005-goal-xyz-scalar-stk-eval,put_the_cream_cheese_in_the_bowl,250,250,113,45.2,True,True,2026-10-07T04:15:51.411544+00:00
libero_goal,xyz_scalar,stk,arc-st-20261005-goal-xyz-scalar-stk-eval,put_the_wine_bottle_on_the_rack,250,250,169,67.6,True,True,2026-10-07T04:15:51.411544+00:00
libero_goal,xyz_scalar,stk,arc-st-20261005-goal-xyz-scalar-stk-eval,put_the_wine_bottle_on_top_of_the_cabinet,250,250,148,59.2,True,True,2026-10-07T04:15:51.411544+00:00
libero_goal,xyz_scalar,stk,arc-st-20261005-goal-xyz-scalar-stk-eval,turn_on_the_stove,250,250,236,94.4,True,True,2026-10-07T04:15:51.411544+00:00
libero_goal,xyz_scalar,dur,arc-st-20261005-goal-xyz-scalar-dur-eval,open_the_middle_drawer_of_the_cabinet,250,250,244,97.6,True,True,2026-10-07T04:15:51.411544+00:00
libero_goal,xyz_scalar,dur,arc-st-20261005-goal-xyz-scalar-dur-eval,open_the_top_drawer_and_put_the_bowl_inside,250,250,183,73.2,True,True,2026-10-07T04:15:51.411544+00:00
libero_goal,xyz_scalar,dur,arc-st-20261005-goal-xyz-scalar-dur-eval,push_the_plate_to_the_front_of_the_stove,250,250,203,81.2,True,True,2026-10-07T04:15:51.411544+00:00
libero_goal,xyz_scalar,dur,arc-st-20261005-goal-xyz-scalar-dur-eval,put_the_bowl_on_the_plate,250,250,232,92.8,True,True,2026-10-07T04:15:51.411544+00:00
libero_goal,xyz_scalar,dur,arc-st-20261005-goal-xyz-scalar-dur-eval,put_the_bowl_on_the_stove,250,250,243,97.2,True,True,2026-10-07T04:15:51.411544+00:00
libero_goal,xyz_scalar,dur,arc-st-20261005-goal-xyz-scalar-dur-eval,put_the_bowl_on_top_of_the_cabinet,250,250,236,94.4,True,True,2026-10-07T04:15:51.411544+00:00
libero_goal,xyz_scalar,dur,arc-st-20261005-goal-xyz-scalar-dur-eval,put_the_cream_cheese_in_the_bowl,250,250,186,74.4,True,True,2026-10-07T04:15:51.411544+00:00
libero_goal,xyz_scalar,dur,arc-st-20261005-goal-xyz-scalar-dur-eval,put_the_wine_bottle_on_the_rack,250,250,201,80.4,True,True,2026-10-07T04:15:51.411544+00:00
libero_goal,xyz_scalar,dur,arc-st-20261005-goal-xyz-scalar-dur-eval,put_the_wine_bottle_on_top_of_the_cabinet,250,250,220,88.0,True,True,2026-10-07T04:15:51.411544+00:00
libero_goal,xyz_scalar,dur,arc-st-20261005-goal-xyz-scalar-dur-eval,turn_on_the_stove,250,250,248,99.2,True,True,2026-10-07T04:15:51.411544+00:00
libero_goal,component_velocity,stk,arc-st-20261005-goal-component-velocity-stk-eval,open_the_middle_drawer_of_the_cabinet,250,250,249,99.6,True,True,2026-10-07T04:15:51.411544+00:00
libero_goal,component_velocity,stk,arc-st-20261005-goal-component-velocity-stk-eval,open_the_top_drawer_and_put_the_bowl_inside,250,250,188,75.2,True,True,2026-10-07T04:15:51.411544+00:00
libero_goal,component_velocity,stk,arc-st-20261005-goal-component-velocity-stk-eval,push_the_plate_to_the_front_of_the_stove,250,250,199,79.6,True,True,2026-10-07T04:15:51.411544+00:00
libero_goal,component_velocity,stk,arc-st-20261005-goal-component-velocity-stk-eval,put_the_bowl_on_the_plate,250,250,179,71.6,True,True,2026-10-07T04:15:51.411544+00:00
libero_goal,component_velocity,stk,arc-st-20261005-goal-component-velocity-stk-eval,put_the_bowl_on_the_stove,250,250,248,99.2,True,True,2026-10-07T04:15:51.411544+00:00
libero_goal,component_velocity,stk,arc-st-20261005-goal-component-velocity-stk-eval,put_the_bowl_on_top_of_the_cabinet,250,250,242,96.8,True,True,2026-10-07T04:15:51.411544+00:00
libero_goal,component_velocity,stk,arc-st-20261005-goal-component-velocity-stk-eval,put_the_cream_cheese_in_the_bowl,250,250,181,72.4,True,True,2026-10-07T04:15:51.411544+00:00
libero_goal,component_velocity,stk,arc-st-20261005-goal-component-velocity-stk-eval,put_the_wine_bottle_on_the_rack,250,250,196,78.4,True,True,2026-10-07T04:15:51.411544+00:00
libero_goal,component_velocity,stk,arc-st-20261005-goal-component-velocity-stk-eval,put_the_wine_bottle_on_top_of_the_cabinet,250,250,204,81.6,True,True,2026-10-07T04:15:51.411544+00:00
libero_goal,component_velocity,stk,arc-st-20261005-goal-component-velocity-stk-eval,turn_on_the_stove,250,250,249,99.6,True,True,2026-10-07T04:15:51.411544+00:00
libero_goal,component_velocity,dur,arc-st-20261005-goal-component-velocity-dur-eval,open_the_middle_drawer_of_the_cabinet,250,250,246,98.4,True,True,2026-10-07T04:15:51.411544+00:00
libero_goal,component_velocity,dur,arc-st-20261005-goal-component-velocity-dur-eval,open_the_top_drawer_and_put_the_bowl_inside,250,250,160,64.0,True,True,2026-10-07T04:15:51.411544+00:00
libero_goal,component_velocity,dur,arc-st-20261005-goal-component-velocity-dur-eval,push_the_plate_to_the_front_of_the_stove,250,250,233,93.2,True,True,2026-10-07T04:15:51.411544+00:00
libero_goal,component_velocity,dur,arc-st-20261005-goal-component-velocity-dur-eval,put_the_bowl_on_the_plate,250,250,232,92.8,True,True,2026-10-07T04:15:51.411544+00:00
libero_goal,component_velocity,dur,arc-st-20261005-goal-component-velocity-dur-eval,put_the_bowl_on_the_stove,250,250,236,94.4,True,True,2026-10-07T04:15:51.411544+00:00
libero_goal,component_velocity,dur,arc-st-20261005-goal-component-velocity-dur-eval,put_the_bowl_on_top_of_the_cabinet,250,250,239,95.6,True,True,2026-10-07T04:15:51.411544+00:00
libero_goal,component_velocity,dur,arc-st-20261005-goal-component-velocity-dur-eval,put_the_cream_cheese_in_the_bowl,250,250,199,79.6,True,True,2026-10-07T04:15:51.411544+00:00
libero_goal,component_velocity,dur,arc-st-20261005-goal-component-velocity-dur-eval,put_the_wine_bottle_on_the_rack,250,250,197,78.8,True,True,2026-10-07T04:15:51.411544+00:00
libero_goal,component_velocity,dur,arc-st-20261005-goal-component-velocity-dur-eval,put_the_wine_bottle_on_top_of_the_cabinet,250,250,217,86.8,True,True,2026-10-07T04:15:51.411544+00:00
libero_goal,component_velocity,dur,arc-st-20261005-goal-component-velocity-dur-eval,turn_on_the_stove,250,250,249,99.6,True,True,2026-10-07T04:15:51.411544+00:00
libero_goal,component_time,stk,arc-st-20261005-goal-component-time-stk-eval,open_the_middle_drawer_of_the_cabinet,250,250,245,98.0,True,True,2026-10-07T04:15:51.411544+00:00
libero_goal,component_time,stk,arc-st-20261005-goal-component-time-stk-eval,open_the_top_drawer_and_put_the_bowl_inside,250,250,157,62.8,True,True,2026-10-07T04:15:51.411544+00:00
libero_goal,component_time,stk,arc-st-20261005-goal-component-time-stk-eval,push_the_plate_to_the_front_of_the_stove,250,250,179,71.6,True,True,2026-10-07T04:15:51.411544+00:00
libero_goal,component_time,stk,arc-st-20261005-goal-component-time-stk-eval,put_the_bowl_on_the_plate,250,250,184,73.6,True,True,2026-10-07T04:15:51.411544+00:00
libero_goal,component_time,stk,arc-st-20261005-goal-component-time-stk-eval,put_the_bowl_on_the_stove,250,250,200,80.0,True,True,2026-10-07T04:15:51.411544+00:00
libero_goal,component_time,stk,arc-st-20261005-goal-component-time-stk-eval,put_the_bowl_on_top_of_the_cabinet,250,250,221,88.4,True,True,2026-10-07T04:15:51.411544+00:00
libero_goal,component_time,stk,arc-st-20261005-goal-component-time-stk-eval,put_the_cream_cheese_in_the_bowl,250,250,122,48.8,True,True,2026-10-07T04:15:51.411544+00:00
libero_goal,component_time,stk,arc-st-20261005-goal-component-time-stk-eval,put_the_wine_bottle_on_the_rack,250,250,162,64.8,True,True,2026-10-07T04:15:51.411544+00:00
libero_goal,component_time,stk,arc-st-20261005-goal-component-time-stk-eval,put_the_wine_bottle_on_top_of_the_cabinet,250,250,173,69.2,True,True,2026-10-07T04:15:51.411544+00:00
libero_goal,component_time,stk,arc-st-20261005-goal-component-time-stk-eval,turn_on_the_stove,250,250,249,99.6,True,True,2026-10-07T04:15:51.411544+00:00
libero_goal,x_yz,stk,arc-st-20261005-goal-x-yz-stk-eval,open_the_middle_drawer_of_the_cabinet,250,250,249,99.6,True,True,2026-10-07T04:15:51.411544+00:00
libero_goal,x_yz,stk,arc-st-20261005-goal-x-yz-stk-eval,open_the_top_drawer_and_put_the_bowl_inside,250,250,161,64.4,True,True,2026-10-07T04:15:51.411544+00:00
libero_goal,x_yz,stk,arc-st-20261005-goal-x-yz-stk-eval,push_the_plate_to_the_front_of_the_stove,250,250,182,72.8,True,True,2026-10-07T04:15:51.411544+00:00
libero_goal,x_yz,stk,arc-st-20261005-goal-x-yz-stk-eval,put_the_bowl_on_the_plate,250,250,165,66.0,True,True,2026-10-07T04:15:51.411544+00:00
libero_goal,x_yz,stk,arc-st-20261005-goal-x-yz-stk-eval,put_the_bowl_on_the_stove,250,250,235,94.0,True,True,2026-10-07T04:15:51.411544+00:00
libero_goal,x_yz,stk,arc-st-20261005-goal-x-yz-stk-eval,put_the_bowl_on_top_of_the_cabinet,250,250,229,91.6,True,True,2026-10-07T04:15:51.411544+00:00
libero_goal,x_yz,stk,arc-st-20261005-goal-x-yz-stk-eval,put_the_cream_cheese_in_the_bowl,250,250,153,61.2,True,True,2026-10-07T04:15:51.411544+00:00
libero_goal,x_yz,stk,arc-st-20261005-goal-x-yz-stk-eval,put_the_wine_bottle_on_the_rack,250,250,177,70.8,True,True,2026-10-07T04:15:51.411544+00:00
libero_goal,x_yz,stk,arc-st-20261005-goal-x-yz-stk-eval,put_the_wine_bottle_on_top_of_the_cabinet,250,250,206,82.4,True,True,2026-10-07T04:15:51.411544+00:00
libero_goal,x_yz,stk,arc-st-20261005-goal-x-yz-stk-eval,turn_on_the_stove,250,250,248,99.2,True,True,2026-10-07T04:15:51.411544+00:00
libero_goal,x_yz,dur,arc-st-20261005-goal-x-yz-dur-eval,open_the_middle_drawer_of_the_cabinet,250,250,250,100.0,True,True,2026-10-07T04:15:51.411544+00:00
libero_goal,x_yz,dur,arc-st-20261005-goal-x-yz-dur-eval,open_the_top_drawer_and_put_the_bowl_inside,250,250,168,67.2,True,True,2026-10-07T04:15:51.411544+00:00
libero_goal,x_yz,dur,arc-st-20261005-goal-x-yz-dur-eval,push_the_plate_to_the_front_of_the_stove,250,250,202,80.8,True,True,2026-10-07T04:15:51.411544+00:00
libero_goal,x_yz,dur,arc-st-20261005-goal-x-yz-dur-eval,put_the_bowl_on_the_plate,250,250,227,90.8,True,True,2026-10-07T04:15:51.411544+00:00
libero_goal,x_yz,dur,arc-st-20261005-goal-x-yz-dur-eval,put_the_bowl_on_the_stove,250,250,245,98.0,True,True,2026-10-07T04:15:51.411544+00:00
libero_goal,x_yz,dur,arc-st-20261005-goal-x-yz-dur-eval,put_the_bowl_on_top_of_the_cabinet,250,250,232,92.8,True,True,2026-10-07T04:15:51.411544+00:00
libero_goal,x_yz,dur,arc-st-20261005-goal-x-yz-dur-eval,put_the_cream_cheese_in_the_bowl,250,250,185,74.0,True,True,2026-10-07T04:15:51.411544+00:00
libero_goal,x_yz,dur,arc-st-20261005-goal-x-yz-dur-eval,put_the_wine_bottle_on_the_rack,250,250,215,86.0,True,True,2026-10-07T04:15:51.411544+00:00
libero_goal,x_yz,dur,arc-st-20261005-goal-x-yz-dur-eval,put_the_wine_bottle_on_top_of_the_cabinet,250,250,215,86.0,True,True,2026-10-07T04:15:51.411544+00:00
libero_goal,x_yz,dur,arc-st-20261005-goal-x-yz-dur-eval,turn_on_the_stove,250,250,250,100.0,True,True,2026-10-07T04:15:51.411544+00:00
libero_goal,y_xz,stk,arc-st-20261005-goal-y-xz-stk-eval,open_the_middle_drawer_of_the_cabinet,250,250,243,97.2,True,True,2026-10-07T04:15:51.411544+00:00
libero_goal,y_xz,stk,arc-st-20261005-goal-y-xz-stk-eval,open_the_top_drawer_and_put_the_bowl_inside,250,250,145,58.0,True,True,2026-10-07T04:15:51.411544+00:00
libero_goal,y_xz,stk,arc-st-20261005-goal-y-xz-stk-eval,push_the_plate_to_the_front_of_the_stove,250,250,173,69.2,True,True,2026-10-07T04:15:51.411544+00:00
libero_goal,y_xz,stk,arc-st-20261005-goal-y-xz-stk-eval,put_the_bowl_on_the_plate,250,250,205,82.0,True,True,2026-10-07T04:15:51.411544+00:00
libero_goal,y_xz,stk,arc-st-20261005-goal-y-xz-stk-eval,put_the_bowl_on_the_stove,250,250,228,91.2,True,True,2026-10-07T04:15:51.411544+00:00
libero_goal,y_xz,stk,arc-st-20261005-goal-y-xz-stk-eval,put_the_bowl_on_top_of_the_cabinet,250,250,221,88.4,True,True,2026-10-07T04:15:51.411544+00:00
libero_goal,y_xz,stk,arc-st-20261005-goal-y-xz-stk-eval,put_the_cream_cheese_in_the_bowl,250,250,140,56.0,True,True,2026-10-07T04:15:51.411544+00:00
libero_goal,y_xz,stk,arc-st-20261005-goal-y-xz-stk-eval,put_the_wine_bottle_on_the_rack,250,250,164,65.6,True,True,2026-10-07T04:15:51.411544+00:00
libero_goal,y_xz,stk,arc-st-20261005-goal-y-xz-stk-eval,put_the_wine_bottle_on_top_of_the_cabinet,250,250,208,83.2,True,True,2026-10-07T04:15:51.411544+00:00
libero_goal,y_xz,stk,arc-st-20261005-goal-y-xz-stk-eval,turn_on_the_stove,250,250,248,99.2,True,True,2026-10-07T04:15:51.411544+00:00
libero_goal,y_xz,dur,arc-st-20261005-goal-y-xz-dur-eval,open_the_middle_drawer_of_the_cabinet,250,250,246,98.4,True,True,2026-10-07T04:15:51.411544+00:00
libero_goal,y_xz,dur,arc-st-20261005-goal-y-xz-dur-eval,open_the_top_drawer_and_put_the_bowl_inside,250,250,158,63.2,True,True,2026-10-07T04:15:51.411544+00:00
libero_goal,y_xz,dur,arc-st-20261005-goal-y-xz-dur-eval,push_the_plate_to_the_front_of_the_stove,250,250,203,81.2,True,True,2026-10-07T04:15:51.411544+00:00
libero_goal,y_xz,dur,arc-st-20261005-goal-y-xz-dur-eval,put_the_bowl_on_the_plate,250,250,226,90.4,True,True,2026-10-07T04:15:51.411544+00:00
libero_goal,y_xz,dur,arc-st-20261005-goal-y-xz-dur-eval,put_the_bowl_on_the_stove,250,250,241,96.4,True,True,2026-10-07T04:15:51.411544+00:00
libero_goal,y_xz,dur,arc-st-20261005-goal-y-xz-dur-eval,put_the_bowl_on_top_of_the_cabinet,250,250,239,95.6,True,True,2026-10-07T04:15:51.411544+00:00
libero_goal,y_xz,dur,arc-st-20261005-goal-y-xz-dur-eval,put_the_cream_cheese_in_the_bowl,250,250,194,77.6,True,True,2026-10-07T04:15:51.411544+00:00
libero_goal,y_xz,dur,arc-st-20261005-goal-y-xz-dur-eval,put_the_wine_bottle_on_the_rack,250,250,208,83.2,True,True,2026-10-07T04:15:51.411544+00:00
libero_goal,y_xz,dur,arc-st-20261005-goal-y-xz-dur-eval,put_the_wine_bottle_on_top_of_the_cabinet,250,250,227,90.8,True,True,2026-10-07T04:15:51.411544+00:00
libero_goal,y_xz,dur,arc-st-20261005-goal-y-xz-dur-eval,turn_on_the_stove,250,250,246,98.4,True,True,2026-10-07T04:15:51.411544+00:00
libero_goal,z_xy,stk,arc-st-20261005-goal-z-xy-stk-eval,open_the_middle_drawer_of_the_cabinet,250,250,234,93.6,True,True,2026-10-07T04:15:51.411544+00:00
libero_goal,z_xy,stk,arc-st-20261005-goal-z-xy-stk-eval,open_the_top_drawer_and_put_the_bowl_inside,250,250,150,60.0,True,True,2026-10-07T04:15:51.411544+00:00
libero_goal,z_xy,stk,arc-st-20261005-goal-z-xy-stk-eval,push_the_plate_to_the_front_of_the_stove,250,250,190,76.0,True,True,2026-10-07T04:15:51.411544+00:00
libero_goal,z_xy,stk,arc-st-20261005-goal-z-xy-stk-eval,put_the_bowl_on_the_plate,250,250,183,73.2,True,True,2026-10-07T04:15:51.411544+00:00
libero_goal,z_xy,stk,arc-st-20261005-goal-z-xy-stk-eval,put_the_bowl_on_the_stove,250,250,232,92.8,True,True,2026-10-07T04:15:51.411544+00:00
libero_goal,z_xy,stk,arc-st-20261005-goal-z-xy-stk-eval,put_the_bowl_on_top_of_the_cabinet,250,250,210,84.0,True,True,2026-10-07T04:15:51.411544+00:00
libero_goal,z_xy,stk,arc-st-20261005-goal-z-xy-stk-eval,put_the_cream_cheese_in_the_bowl,250,250,153,61.2,True,True,2026-10-07T04:15:51.411544+00:00
libero_goal,z_xy,stk,arc-st-20261005-goal-z-xy-stk-eval,put_the_wine_bottle_on_the_rack,250,250,216,86.4,True,True,2026-10-07T04:15:51.411544+00:00
libero_goal,z_xy,stk,arc-st-20261005-goal-z-xy-stk-eval,put_the_wine_bottle_on_top_of_the_cabinet,250,250,188,75.2,True,True,2026-10-07T04:15:51.411544+00:00
libero_goal,z_xy,stk,arc-st-20261005-goal-z-xy-stk-eval,turn_on_the_stove,250,250,235,94.0,True,True,2026-10-07T04:15:51.411544+00:00
libero_goal,z_xy,dur,arc-st-20261005-goal-z-xy-dur-eval,open_the_middle_drawer_of_the_cabinet,250,250,243,97.2,True,True,2026-10-07T04:15:51.411544+00:00
libero_goal,z_xy,dur,arc-st-20261005-goal-z-xy-dur-eval,open_the_top_drawer_and_put_the_bowl_inside,250,250,172,68.8,True,True,2026-10-07T04:15:51.411544+00:00
libero_goal,z_xy,dur,arc-st-20261005-goal-z-xy-dur-eval,push_the_plate_to_the_front_of_the_stove,250,250,211,84.4,True,True,2026-10-07T04:15:51.411544+00:00
libero_goal,z_xy,dur,arc-st-20261005-goal-z-xy-dur-eval,put_the_bowl_on_the_plate,250,250,240,96.0,True,True,2026-10-07T04:15:51.411544+00:00
libero_goal,z_xy,dur,arc-st-20261005-goal-z-xy-dur-eval,put_the_bowl_on_the_stove,250,250,239,95.6,True,True,2026-10-07T04:15:51.411544+00:00
libero_goal,z_xy,dur,arc-st-20261005-goal-z-xy-dur-eval,put_the_bowl_on_top_of_the_cabinet,250,250,237,94.8,True,True,2026-10-07T04:15:51.411544+00:00
libero_goal,z_xy,dur,arc-st-20261005-goal-z-xy-dur-eval,put_the_cream_cheese_in_the_bowl,250,250,197,78.8,True,True,2026-10-07T04:15:51.411544+00:00
libero_goal,z_xy,dur,arc-st-20261005-goal-z-xy-dur-eval,put_the_wine_bottle_on_the_rack,250,250,218,87.2,True,True,2026-10-07T04:15:51.411544+00:00
libero_goal,z_xy,dur,arc-st-20261005-goal-z-xy-dur-eval,put_the_wine_bottle_on_top_of_the_cabinet,250,250,207,82.8,True,True,2026-10-07T04:15:51.411544+00:00
libero_goal,z_xy,dur,arc-st-20261005-goal-z-xy-dur-eval,turn_on_the_stove,250,250,250,100.0,True,True,2026-10-07T04:15:51.411544+00:00
libero_goal,angular_driver,stk,arc-st-20261005-goal-angular-driver-stk-eval,open_the_middle_drawer_of_the_cabinet,250,250,248,99.2,True,True,2026-10-07T04:15:51.411544+00:00
libero_goal,angular_driver,stk,arc-st-20261005-goal-angular-driver-stk-eval,open_the_top_drawer_and_put_the_bowl_inside,250,250,217,86.8,True,True,2026-10-07T04:15:51.411544+00:00
libero_goal,angular_driver,stk,arc-st-20261005-goal-angular-driver-stk-eval,push_the_plate_to_the_front_of_the_stove,250,250,195,78.0,True,True,2026-10-07T04:15:51.411544+00:00
libero_goal,angular_driver,stk,arc-st-20261005-goal-angular-driver-stk-eval,put_the_bowl_on_the_plate,250,250,223,89.2,True,True,2026-10-07T04:15:51.411544+00:00
libero_goal,angular_driver,stk,arc-st-20261005-goal-angular-driver-stk-eval,put_the_bowl_on_the_stove,250,250,242,96.8,True,True,2026-10-07T04:15:51.411544+00:00
libero_goal,angular_driver,stk,arc-st-20261005-goal-angular-driver-stk-eval,put_the_bowl_on_top_of_the_cabinet,250,250,246,98.4,True,True,2026-10-07T04:15:51.411544+00:00
libero_goal,angular_driver,stk,arc-st-20261005-goal-angular-driver-stk-eval,put_the_cream_cheese_in_the_bowl,250,250,194,77.6,True,True,2026-10-07T04:15:51.411544+00:00
libero_goal,angular_driver,stk,arc-st-20261005-goal-angular-driver-stk-eval,put_the_wine_bottle_on_the_rack,250,250,228,91.2,True,True,2026-10-07T04:15:51.411544+00:00
libero_goal,angular_driver,stk,arc-st-20261005-goal-angular-driver-stk-eval,put_the_wine_bottle_on_top_of_the_cabinet,250,250,220,88.0,True,True,2026-10-07T04:15:51.411544+00:00
libero_goal,angular_driver,stk,arc-st-20261005-goal-angular-driver-stk-eval,turn_on_the_stove,250,250,250,100.0,True,True,2026-10-07T04:15:51.411544+00:00
libero_goal,angular_driver,dur,arc-st-20261005-goal-angular-driver-dur-eval,open_the_middle_drawer_of_the_cabinet,250,250,250,100.0,True,True,2026-10-07T04:15:51.411544+00:00
libero_goal,angular_driver,dur,arc-st-20261005-goal-angular-driver-dur-eval,open_the_top_drawer_and_put_the_bowl_inside,250,250,220,88.0,True,True,2026-10-07T04:15:51.411544+00:00
libero_goal,angular_driver,dur,arc-st-20261005-goal-angular-driver-dur-eval,push_the_plate_to_the_front_of_the_stove,250,250,188,75.2,True,True,2026-10-07T04:15:51.411544+00:00
libero_goal,angular_driver,dur,arc-st-20261005-goal-angular-driver-dur-eval,put_the_bowl_on_the_plate,250,250,240,96.0,True,True,2026-10-07T04:15:51.411544+00:00
libero_goal,angular_driver,dur,arc-st-20261005-goal-angular-driver-dur-eval,put_the_bowl_on_the_stove,250,250,242,96.8,True,True,2026-10-07T04:15:51.411544+00:00
libero_goal,angular_driver,dur,arc-st-20261005-goal-angular-driver-dur-eval,put_the_bowl_on_top_of_the_cabinet,250,250,246,98.4,True,True,2026-10-07T04:15:51.411544+00:00
libero_goal,angular_driver,dur,arc-st-20261005-goal-angular-driver-dur-eval,put_the_cream_cheese_in_the_bowl,250,250,200,80.0,True,True,2026-10-07T04:15:51.411544+00:00
libero_goal,angular_driver,dur,arc-st-20261005-goal-angular-driver-dur-eval,put_the_wine_bottle_on_the_rack,250,250,214,85.6,True,True,2026-10-07T04:15:51.411544+00:00
libero_goal,angular_driver,dur,arc-st-20261005-goal-angular-driver-dur-eval,put_the_wine_bottle_on_top_of_the_cabinet,250,250,222,88.8,True,True,2026-10-07T04:15:51.411544+00:00
libero_goal,angular_driver,dur,arc-st-20261005-goal-angular-driver-dur-eval,turn_on_the_stove,250,250,250,100.0,True,True,2026-10-07T04:15:51.411544+00:00
libero_goal,angular_scalar,stk,arc-st-20261005-goal-angular-scalar-stk-eval,open_the_middle_drawer_of_the_cabinet,250,250,248,99.2,True,True,2026-10-07T04:15:51.411544+00:00
libero_goal,angular_scalar,stk,arc-st-20261005-goal-angular-scalar-stk-eval,open_the_top_drawer_and_put_the_bowl_inside,250,250,189,75.6,True,True,2026-10-07T04:15:51.411544+00:00
libero_goal,angular_scalar,stk,arc-st-20261005-goal-angular-scalar-stk-eval,push_the_plate_to_the_front_of_the_stove,250,250,209,83.6,True,True,2026-10-07T04:15:51.411544+00:00
libero_goal,angular_scalar,stk,arc-st-20261005-goal-angular-scalar-stk-eval,put_the_bowl_on_the_plate,250,250,211,84.4,True,True,2026-10-07T04:15:51.411544+00:00
libero_goal,angular_scalar,stk,arc-st-20261005-goal-angular-scalar-stk-eval,put_the_bowl_on_the_stove,250,250,244,97.6,True,True,2026-10-07T04:15:51.411544+00:00
libero_goal,angular_scalar,stk,arc-st-20261005-goal-angular-scalar-stk-eval,put_the_bowl_on_top_of_the_cabinet,250,250,239,95.6,True,True,2026-10-07T04:15:51.411544+00:00
libero_goal,angular_scalar,stk,arc-st-20261005-goal-angular-scalar-stk-eval,put_the_cream_cheese_in_the_bowl,250,250,193,77.2,True,True,2026-10-07T04:15:51.411544+00:00
libero_goal,angular_scalar,stk,arc-st-20261005-goal-angular-scalar-stk-eval,put_the_wine_bottle_on_the_rack,250,250,213,85.2,True,True,2026-10-07T04:15:51.411544+00:00
libero_goal,angular_scalar,stk,arc-st-20261005-goal-angular-scalar-stk-eval,put_the_wine_bottle_on_top_of_the_cabinet,250,250,217,86.8,True,True,2026-10-07T04:15:51.411544+00:00
libero_goal,angular_scalar,stk,arc-st-20261005-goal-angular-scalar-stk-eval,turn_on_the_stove,250,250,250,100.0,True,True,2026-10-07T04:15:51.411544+00:00
libero_goal,angular_scalar,dur,arc-st-20261005-goal-angular-scalar-dur-eval,open_the_middle_drawer_of_the_cabinet,250,250,249,99.6,True,True,2026-10-07T04:15:51.411544+00:00
libero_goal,angular_scalar,dur,arc-st-20261005-goal-angular-scalar-dur-eval,open_the_top_drawer_and_put_the_bowl_inside,250,250,220,88.0,True,True,2026-10-07T04:15:51.411544+00:00
libero_goal,angular_scalar,dur,arc-st-20261005-goal-angular-scalar-dur-eval,push_the_plate_to_the_front_of_the_stove,250,250,199,79.6,True,True,2026-10-07T04:15:51.411544+00:00
libero_goal,angular_scalar,dur,arc-st-20261005-goal-angular-scalar-dur-eval,put_the_bowl_on_the_plate,250,250,234,93.6,True,True,2026-10-07T04:15:51.411544+00:00
libero_goal,angular_scalar,dur,arc-st-20261005-goal-angular-scalar-dur-eval,put_the_bowl_on_the_stove,250,250,247,98.8,True,True,2026-10-07T04:15:51.411544+00:00
libero_goal,angular_scalar,dur,arc-st-20261005-goal-angular-scalar-dur-eval,put_the_bowl_on_top_of_the_cabinet,250,250,240,96.0,True,True,2026-10-07T04:15:51.411544+00:00
libero_goal,angular_scalar,dur,arc-st-20261005-goal-angular-scalar-dur-eval,put_the_cream_cheese_in_the_bowl,250,250,193,77.2,True,True,2026-10-07T04:15:51.411544+00:00
libero_goal,angular_scalar,dur,arc-st-20261005-goal-angular-scalar-dur-eval,put_the_wine_bottle_on_the_rack,250,250,222,88.8,True,True,2026-10-07T04:15:51.411544+00:00
libero_goal,angular_scalar,dur,arc-st-20261005-goal-angular-scalar-dur-eval,put_the_wine_bottle_on_top_of_the_cabinet,250,250,228,91.2,True,True,2026-10-07T04:15:51.411544+00:00
libero_goal,angular_scalar,dur,arc-st-20261005-goal-angular-scalar-dur-eval,turn_on_the_stove,250,250,250,100.0,True,True,2026-10-07T04:15:51.411544+00:00
libero_goal,all_scalar,stk,arc-st-20261005-goal-all-scalar-stk-eval,open_the_middle_drawer_of_the_cabinet,250,250,214,85.6,True,True,2026-10-07T04:15:51.411544+00:00
libero_goal,all_scalar,stk,arc-st-20261005-goal-all-scalar-stk-eval,open_the_top_drawer_and_put_the_bowl_inside,250,250,136,54.4,True,True,2026-10-07T04:15:51.411544+00:00
libero_goal,all_scalar,stk,arc-st-20261005-goal-all-scalar-stk-eval,push_the_plate_to_the_front_of_the_stove,250,250,143,57.2,True,True,2026-10-07T04:15:51.411544+00:00
libero_goal,all_scalar,stk,arc-st-20261005-goal-all-scalar-stk-eval,put_the_bowl_on_the_plate,250,250,168,67.2,True,True,2026-10-07T04:15:51.411544+00:00
libero_goal,all_scalar,stk,arc-st-20261005-goal-all-scalar-stk-eval,put_the_bowl_on_the_stove,250,250,208,83.2,True,True,2026-10-07T04:15:51.411544+00:00
libero_goal,all_scalar,stk,arc-st-20261005-goal-all-scalar-stk-eval,put_the_bowl_on_top_of_the_cabinet,250,250,182,72.8,True,True,2026-10-07T04:15:51.411544+00:00
libero_goal,all_scalar,stk,arc-st-20261005-goal-all-scalar-stk-eval,put_the_cream_cheese_in_the_bowl,250,250,133,53.2,True,True,2026-10-07T04:15:51.411544+00:00
libero_goal,all_scalar,stk,arc-st-20261005-goal-all-scalar-stk-eval,put_the_wine_bottle_on_the_rack,250,250,217,86.8,True,True,2026-10-07T04:15:51.411544+00:00
libero_goal,all_scalar,stk,arc-st-20261005-goal-all-scalar-stk-eval,put_the_wine_bottle_on_top_of_the_cabinet,250,250,169,67.6,True,True,2026-10-07T04:15:51.411544+00:00
libero_goal,all_scalar,stk,arc-st-20261005-goal-all-scalar-stk-eval,turn_on_the_stove,250,250,219,87.6,True,True,2026-10-07T04:15:51.411544+00:00
libero_goal,all_scalar,dur,arc-st-20261005-goal-all-scalar-dur-eval,open_the_middle_drawer_of_the_cabinet,250,250,247,98.8,True,True,2026-10-07T04:15:51.411544+00:00
libero_goal,all_scalar,dur,arc-st-20261005-goal-all-scalar-dur-eval,open_the_top_drawer_and_put_the_bowl_inside,250,250,186,74.4,True,True,2026-10-07T04:15:51.411544+00:00
libero_goal,all_scalar,dur,arc-st-20261005-goal-all-scalar-dur-eval,push_the_plate_to_the_front_of_the_stove,250,250,197,78.8,True,True,2026-10-07T04:15:51.411544+00:00
libero_goal,all_scalar,dur,arc-st-20261005-goal-all-scalar-dur-eval,put_the_bowl_on_the_plate,250,250,225,90.0,True,True,2026-10-07T04:15:51.411544+00:00
libero_goal,all_scalar,dur,arc-st-20261005-goal-all-scalar-dur-eval,put_the_bowl_on_the_stove,250,250,244,97.6,True,True,2026-10-07T04:15:51.411544+00:00
libero_goal,all_scalar,dur,arc-st-20261005-goal-all-scalar-dur-eval,put_the_bowl_on_top_of_the_cabinet,250,250,231,92.4,True,True,2026-10-07T04:15:51.411544+00:00
libero_goal,all_scalar,dur,arc-st-20261005-goal-all-scalar-dur-eval,put_the_cream_cheese_in_the_bowl,250,250,188,75.2,True,True,2026-10-07T04:15:51.411544+00:00
libero_goal,all_scalar,dur,arc-st-20261005-goal-all-scalar-dur-eval,put_the_wine_bottle_on_the_rack,250,250,233,93.2,True,True,2026-10-07T04:15:51.411544+00:00
libero_goal,all_scalar,dur,arc-st-20261005-goal-all-scalar-dur-eval,put_the_wine_bottle_on_top_of_the_cabinet,250,250,213,85.2,True,True,2026-10-07T04:15:51.411544+00:00
libero_goal,all_scalar,dur,arc-st-20261005-goal-all-scalar-dur-eval,turn_on_the_stove,250,250,250,100.0,True,True,2026-10-07T04:15:51.411544+00:00
libero_10,reference,stk,arc-sr-20261003-10-reference-stk-eval,KITCHEN_SCENE3_turn_on_the_stove_and_put_the_moka_pot_on_it,250,250,200,80.0,True,True,2026-10-07T04:15:51.411544+00:00
libero_10,reference,stk,arc-sr-20261003-10-reference-stk-eval,KITCHEN_SCENE4_put_the_black_bowl_in_the_bottom_drawer_of_the_cabinet_and_close_it,250,250,192,76.8,True,True,2026-10-07T04:15:51.411544+00:00
libero_10,reference,stk,arc-sr-20261003-10-reference-stk-eval,KITCHEN_SCENE6_put_the_yellow_and_white_mug_in_the_microwave_and_close_it,250,250,164,65.6,True,True,2026-10-07T04:15:51.411544+00:00
libero_10,reference,stk,arc-sr-20261003-10-reference-stk-eval,KITCHEN_SCENE8_put_both_moka_pots_on_the_stove,250,250,78,31.2,True,True,2026-10-07T04:15:51.411544+00:00
libero_10,reference,stk,arc-sr-20261003-10-reference-stk-eval,LIVING_ROOM_SCENE1_put_both_the_alphabet_soup_and_the_cream_cheese_box_in_the_basket,250,250,82,32.8,True,True,2026-10-07T04:15:51.411544+00:00
libero_10,reference,stk,arc-sr-20261003-10-reference-stk-eval,LIVING_ROOM_SCENE2_put_both_the_alphabet_soup_and_the_tomato_sauce_in_the_basket,250,250,137,54.8,True,True,2026-10-07T04:15:51.411544+00:00
libero_10,reference,stk,arc-sr-20261003-10-reference-stk-eval,LIVING_ROOM_SCENE2_put_both_the_cream_cheese_box_and_the_butter_in_the_basket,250,250,124,49.6,True,True,2026-10-07T04:15:51.411544+00:00
libero_10,reference,stk,arc-sr-20261003-10-reference-stk-eval,LIVING_ROOM_SCENE5_put_the_white_mug_on_the_left_plate_and_put_the_yellow_and_white_mug_on_the_right_plate,250,250,90,36.0,True,True,2026-10-07T04:15:51.411544+00:00
libero_10,reference,stk,arc-sr-20261003-10-reference-stk-eval,LIVING_ROOM_SCENE6_put_the_white_mug_on_the_plate_and_put_the_chocolate_pudding_to_the_right_of_the_plate,250,250,84,33.6,True,True,2026-10-07T04:15:51.411544+00:00
libero_10,reference,stk,arc-sr-20261003-10-reference-stk-eval,STUDY_SCENE1_pick_up_the_book_and_place_it_in_the_back_compartment_of_the_caddy,250,250,215,86.0,True,True,2026-10-07T04:15:51.411544+00:00
libero_10,reference,dur,arc-sr-20261003-10-reference-dur-eval,KITCHEN_SCENE3_turn_on_the_stove_and_put_the_moka_pot_on_it,250,250,213,85.2,True,True,2026-10-07T04:15:51.411544+00:00
libero_10,reference,dur,arc-sr-20261003-10-reference-dur-eval,KITCHEN_SCENE4_put_the_black_bowl_in_the_bottom_drawer_of_the_cabinet_and_close_it,250,250,210,84.0,True,True,2026-10-07T04:15:51.411544+00:00
libero_10,reference,dur,arc-sr-20261003-10-reference-dur-eval,KITCHEN_SCENE6_put_the_yellow_and_white_mug_in_the_microwave_and_close_it,250,250,155,62.0,True,True,2026-10-07T04:15:51.411544+00:00
libero_10,reference,dur,arc-sr-20261003-10-reference-dur-eval,KITCHEN_SCENE8_put_both_moka_pots_on_the_stove,250,250,39,15.6,True,True,2026-10-07T04:15:51.411544+00:00
libero_10,reference,dur,arc-sr-20261003-10-reference-dur-eval,LIVING_ROOM_SCENE1_put_both_the_alphabet_soup_and_the_cream_cheese_box_in_the_basket,250,250,80,32.0,True,True,2026-10-07T04:15:51.411544+00:00
libero_10,reference,dur,arc-sr-20261003-10-reference-dur-eval,LIVING_ROOM_SCENE2_put_both_the_alphabet_soup_and_the_tomato_sauce_in_the_basket,250,250,99,39.6,True,True,2026-10-07T04:15:51.411544+00:00
libero_10,reference,dur,arc-sr-20261003-10-reference-dur-eval,LIVING_ROOM_SCENE2_put_both_the_cream_cheese_box_and_the_butter_in_the_basket,250,250,145,58.0,True,True,2026-10-07T04:15:51.411544+00:00
libero_10,reference,dur,arc-sr-20261003-10-reference-dur-eval,LIVING_ROOM_SCENE5_put_the_white_mug_on_the_left_plate_and_put_the_yellow_and_white_mug_on_the_right_plate,250,250,100,40.0,True,True,2026-10-07T04:15:51.411544+00:00
libero_10,reference,dur,arc-sr-20261003-10-reference-dur-eval,LIVING_ROOM_SCENE6_put_the_white_mug_on_the_plate_and_put_the_chocolate_pudding_to_the_right_of_the_plate,250,250,84,33.6,True,True,2026-10-07T04:15:51.411544+00:00
libero_10,reference,dur,arc-sr-20261003-10-reference-dur-eval,STUDY_SCENE1_pick_up_the_book_and_place_it_in_the_back_compartment_of_the_caddy,250,250,220,88.0,True,True,2026-10-07T04:15:51.411544+00:00
libero_10,gripper,stk,arc-sr-20261003-10-gripper-stk-eval,KITCHEN_SCENE3_turn_on_the_stove_and_put_the_moka_pot_on_it,250,250,202,80.8,True,True,2026-10-07T04:15:51.411544+00:00
libero_10,gripper,stk,arc-sr-20261003-10-gripper-stk-eval,KITCHEN_SCENE4_put_the_black_bowl_in_the_bottom_drawer_of_the_cabinet_and_close_it,250,250,194,77.6,True,True,2026-10-07T04:15:51.411544+00:00
libero_10,gripper,stk,arc-sr-20261003-10-gripper-stk-eval,KITCHEN_SCENE6_put_the_yellow_and_white_mug_in_the_microwave_and_close_it,250,250,176,70.4,True,True,2026-10-07T04:15:51.411544+00:00
libero_10,gripper,stk,arc-sr-20261003-10-gripper-stk-eval,KITCHEN_SCENE8_put_both_moka_pots_on_the_stove,250,250,97,38.8,True,True,2026-10-07T04:15:51.411544+00:00
libero_10,gripper,stk,arc-sr-20261003-10-gripper-stk-eval,LIVING_ROOM_SCENE1_put_both_the_alphabet_soup_and_the_cream_cheese_box_in_the_basket,250,250,70,28.0,True,True,2026-10-07T04:15:51.411544+00:00
libero_10,gripper,stk,arc-sr-20261003-10-gripper-stk-eval,LIVING_ROOM_SCENE2_put_both_the_alphabet_soup_and_the_tomato_sauce_in_the_basket,250,250,133,53.2,True,True,2026-10-07T04:15:51.411544+00:00
libero_10,gripper,stk,arc-sr-20261003-10-gripper-stk-eval,LIVING_ROOM_SCENE2_put_both_the_cream_cheese_box_and_the_butter_in_the_basket,250,250,144,57.6,True,True,2026-10-07T04:15:51.411544+00:00
libero_10,gripper,stk,arc-sr-20261003-10-gripper-stk-eval,LIVING_ROOM_SCENE5_put_the_white_mug_on_the_left_plate_and_put_the_yellow_and_white_mug_on_the_right_plate,250,250,92,36.8,True,True,2026-10-07T04:15:51.411544+00:00
libero_10,gripper,stk,arc-sr-20261003-10-gripper-stk-eval,LIVING_ROOM_SCENE6_put_the_white_mug_on_the_plate_and_put_the_chocolate_pudding_to_the_right_of_the_plate,250,250,70,28.0,True,True,2026-10-07T04:15:51.411544+00:00
libero_10,gripper,stk,arc-sr-20261003-10-gripper-stk-eval,STUDY_SCENE1_pick_up_the_book_and_place_it_in_the_back_compartment_of_the_caddy,250,250,212,84.8,True,True,2026-10-07T04:15:51.411544+00:00
libero_10,component_time,dur,arc-sr-20261003-10-component-time-dur-eval,KITCHEN_SCENE3_turn_on_the_stove_and_put_the_moka_pot_on_it,250,250,234,93.6,True,True,2026-10-07T04:15:51.411544+00:00
libero_10,component_time,dur,arc-sr-20261003-10-component-time-dur-eval,KITCHEN_SCENE4_put_the_black_bowl_in_the_bottom_drawer_of_the_cabinet_and_close_it,250,250,205,82.0,True,True,2026-10-07T04:15:51.411544+00:00
libero_10,component_time,dur,arc-sr-20261003-10-component-time-dur-eval,KITCHEN_SCENE6_put_the_yellow_and_white_mug_in_the_microwave_and_close_it,250,250,149,59.6,True,True,2026-10-07T04:15:51.411544+00:00
libero_10,component_time,dur,arc-sr-20261003-10-component-time-dur-eval,KITCHEN_SCENE8_put_both_moka_pots_on_the_stove,250,250,60,24.0,True,True,2026-10-07T04:15:51.411544+00:00
libero_10,component_time,dur,arc-sr-20261003-10-component-time-dur-eval,LIVING_ROOM_SCENE1_put_both_the_alphabet_soup_and_the_cream_cheese_box_in_the_basket,250,250,82,32.8,True,True,2026-10-07T04:15:51.411544+00:00
libero_10,component_time,dur,arc-sr-20261003-10-component-time-dur-eval,LIVING_ROOM_SCENE2_put_both_the_alphabet_soup_and_the_tomato_sauce_in_the_basket,250,250,131,52.4,True,True,2026-10-07T04:15:51.411544+00:00
libero_10,component_time,dur,arc-sr-20261003-10-component-time-dur-eval,LIVING_ROOM_SCENE2_put_both_the_cream_cheese_box_and_the_butter_in_the_basket,250,250,137,54.8,True,True,2026-10-07T04:15:51.411544+00:00
libero_10,component_time,dur,arc-sr-20261003-10-component-time-dur-eval,LIVING_ROOM_SCENE5_put_the_white_mug_on_the_left_plate_and_put_the_yellow_and_white_mug_on_the_right_plate,250,250,101,40.4,True,True,2026-10-07T04:15:51.411544+00:00
libero_10,component_time,dur,arc-sr-20261003-10-component-time-dur-eval,LIVING_ROOM_SCENE6_put_the_white_mug_on_the_plate_and_put_the_chocolate_pudding_to_the_right_of_the_plate,250,250,62,24.8,True,True,2026-10-07T04:15:51.411544+00:00
libero_10,component_time,dur,arc-sr-20261003-10-component-time-dur-eval,STUDY_SCENE1_pick_up_the_book_and_place_it_in_the_back_compartment_of_the_caddy,250,250,206,82.4,True,True,2026-10-07T04:15:51.411544+00:00
libero_10,gripper,dur,arc-st-20261005-10-gripper-dur-eval,KITCHEN_SCENE3_turn_on_the_stove_and_put_the_moka_pot_on_it,250,250,215,86.0,True,True,2026-10-07T04:15:51.411544+00:00
libero_10,gripper,dur,arc-st-20261005-10-gripper-dur-eval,KITCHEN_SCENE4_put_the_black_bowl_in_the_bottom_drawer_of_the_cabinet_and_close_it,250,250,215,86.0,True,True,2026-10-07T04:15:51.411544+00:00
libero_10,gripper,dur,arc-st-20261005-10-gripper-dur-eval,KITCHEN_SCENE6_put_the_yellow_and_white_mug_in_the_microwave_and_close_it,250,250,142,56.8,True,True,2026-10-07T04:15:51.411544+00:00
libero_10,gripper,dur,arc-st-20261005-10-gripper-dur-eval,KITCHEN_SCENE8_put_both_moka_pots_on_the_stove,250,250,83,33.2,True,True,2026-10-07T04:15:51.411544+00:00
libero_10,gripper,dur,arc-st-20261005-10-gripper-dur-eval,LIVING_ROOM_SCENE1_put_both_the_alphabet_soup_and_the_cream_cheese_box_in_the_basket,250,250,83,33.2,True,True,2026-10-07T04:15:51.411544+00:00
libero_10,gripper,dur,arc-st-20261005-10-gripper-dur-eval,LIVING_ROOM_SCENE2_put_both_the_alphabet_soup_and_the_tomato_sauce_in_the_basket,250,250,125,50.0,True,True,2026-10-07T04:15:51.411544+00:00
libero_10,gripper,dur,arc-st-20261005-10-gripper-dur-eval,LIVING_ROOM_SCENE2_put_both_the_cream_cheese_box_and_the_butter_in_the_basket,250,250,131,52.4,True,True,2026-10-07T04:15:51.411544+00:00
libero_10,gripper,dur,arc-st-20261005-10-gripper-dur-eval,LIVING_ROOM_SCENE5_put_the_white_mug_on_the_left_plate_and_put_the_yellow_and_white_mug_on_the_right_plate,250,250,86,34.4,True,True,2026-10-07T04:15:51.411544+00:00
libero_10,gripper,dur,arc-st-20261005-10-gripper-dur-eval,LIVING_ROOM_SCENE6_put_the_white_mug_on_the_plate_and_put_the_chocolate_pudding_to_the_right_of_the_plate,250,250,93,37.2,True,True,2026-10-07T04:15:51.411544+00:00
libero_10,gripper,dur,arc-st-20261005-10-gripper-dur-eval,STUDY_SCENE1_pick_up_the_book_and_place_it_in_the_back_compartment_of_the_caddy,250,250,222,88.8,True,True,2026-10-07T04:15:51.411544+00:00
libero_10,xyz_scalar,stk,arc-st-20261005-10-xyz-scalar-stk-eval,KITCHEN_SCENE3_turn_on_the_stove_and_put_the_moka_pot_on_it,250,250,188,75.2,True,True,2026-10-07T04:15:51.411544+00:00
libero_10,xyz_scalar,stk,arc-st-20261005-10-xyz-scalar-stk-eval,KITCHEN_SCENE4_put_the_black_bowl_in_the_bottom_drawer_of_the_cabinet_and_close_it,250,250,203,81.2,True,True,2026-10-07T04:15:51.411544+00:00
libero_10,xyz_scalar,stk,arc-st-20261005-10-xyz-scalar-stk-eval,KITCHEN_SCENE6_put_the_yellow_and_white_mug_in_the_microwave_and_close_it,250,250,120,48.0,True,True,2026-10-07T04:15:51.411544+00:00
libero_10,xyz_scalar,stk,arc-st-20261005-10-xyz-scalar-stk-eval,KITCHEN_SCENE8_put_both_moka_pots_on_the_stove,250,250,50,20.0,True,True,2026-10-07T04:15:51.411544+00:00
libero_10,xyz_scalar,stk,arc-st-20261005-10-xyz-scalar-stk-eval,LIVING_ROOM_SCENE1_put_both_the_alphabet_soup_and_the_cream_cheese_box_in_the_basket,250,250,55,22.0,True,True,2026-10-07T04:15:51.411544+00:00
libero_10,xyz_scalar,stk,arc-st-20261005-10-xyz-scalar-stk-eval,LIVING_ROOM_SCENE2_put_both_the_alphabet_soup_and_the_tomato_sauce_in_the_basket,250,250,60,24.0,True,True,2026-10-07T04:15:51.411544+00:00
libero_10,xyz_scalar,stk,arc-st-20261005-10-xyz-scalar-stk-eval,LIVING_ROOM_SCENE2_put_both_the_cream_cheese_box_and_the_butter_in_the_basket,250,250,63,25.2,True,True,2026-10-07T04:15:51.411544+00:00
libero_10,xyz_scalar,stk,arc-st-20261005-10-xyz-scalar-stk-eval,LIVING_ROOM_SCENE5_put_the_white_mug_on_the_left_plate_and_put_the_yellow_and_white_mug_on_the_right_plate,250,250,53,21.2,True,True,2026-10-07T04:15:51.411544+00:00
libero_10,xyz_scalar,stk,arc-st-20261005-10-xyz-scalar-stk-eval,LIVING_ROOM_SCENE6_put_the_white_mug_on_the_plate_and_put_the_chocolate_pudding_to_the_right_of_the_plate,250,250,53,21.2,True,True,2026-10-07T04:15:51.411544+00:00
libero_10,xyz_scalar,stk,arc-st-20261005-10-xyz-scalar-stk-eval,STUDY_SCENE1_pick_up_the_book_and_place_it_in_the_back_compartment_of_the_caddy,250,250,203,81.2,True,True,2026-10-07T04:15:51.411544+00:00
libero_10,xyz_scalar,dur,arc-st-20261005-10-xyz-scalar-dur-eval,KITCHEN_SCENE3_turn_on_the_stove_and_put_the_moka_pot_on_it,250,250,202,80.8,True,True,2026-10-07T04:15:51.411544+00:00
libero_10,xyz_scalar,dur,arc-st-20261005-10-xyz-scalar-dur-eval,KITCHEN_SCENE4_put_the_black_bowl_in_the_bottom_drawer_of_the_cabinet_and_close_it,250,250,206,82.4,True,True,2026-10-07T04:15:51.411544+00:00
libero_10,xyz_scalar,dur,arc-st-20261005-10-xyz-scalar-dur-eval,KITCHEN_SCENE6_put_the_yellow_and_white_mug_in_the_microwave_and_close_it,250,250,175,70.0,True,True,2026-10-07T04:15:51.411544+00:00
libero_10,xyz_scalar,dur,arc-st-20261005-10-xyz-scalar-dur-eval,KITCHEN_SCENE8_put_both_moka_pots_on_the_stove,250,250,58,23.2,True,True,2026-10-07T04:15:51.411544+00:00
libero_10,xyz_scalar,dur,arc-st-20261005-10-xyz-scalar-dur-eval,LIVING_ROOM_SCENE1_put_both_the_alphabet_soup_and_the_cream_cheese_box_in_the_basket,250,250,83,33.2,True,True,2026-10-07T04:15:51.411544+00:00
libero_10,xyz_scalar,dur,arc-st-20261005-10-xyz-scalar-dur-eval,LIVING_ROOM_SCENE2_put_both_the_alphabet_soup_and_the_tomato_sauce_in_the_basket,250,250,114,45.6,True,True,2026-10-07T04:15:51.411544+00:00
libero_10,xyz_scalar,dur,arc-st-20261005-10-xyz-scalar-dur-eval,LIVING_ROOM_SCENE2_put_both_the_cream_cheese_box_and_the_butter_in_the_basket,250,250,123,49.2,True,True,2026-10-07T04:15:51.411544+00:00
libero_10,xyz_scalar,dur,arc-st-20261005-10-xyz-scalar-dur-eval,LIVING_ROOM_SCENE5_put_the_white_mug_on_the_left_plate_and_put_the_yellow_and_white_mug_on_the_right_plate,250,250,100,40.0,True,True,2026-10-07T04:15:51.411544+00:00
libero_10,xyz_scalar,dur,arc-st-20261005-10-xyz-scalar-dur-eval,LIVING_ROOM_SCENE6_put_the_white_mug_on_the_plate_and_put_the_chocolate_pudding_to_the_right_of_the_plate,250,250,66,26.4,True,True,2026-10-07T04:15:51.411544+00:00
libero_10,xyz_scalar,dur,arc-st-20261005-10-xyz-scalar-dur-eval,STUDY_SCENE1_pick_up_the_book_and_place_it_in_the_back_compartment_of_the_caddy,250,250,203,81.2,True,True,2026-10-07T04:15:51.411544+00:00
libero_10,component_velocity,stk,arc-st-20261005-10-component-velocity-stk-eval,KITCHEN_SCENE3_turn_on_the_stove_and_put_the_moka_pot_on_it,250,250,211,84.4,True,True,2026-10-07T04:15:51.411544+00:00
libero_10,component_velocity,stk,arc-st-20261005-10-component-velocity-stk-eval,KITCHEN_SCENE4_put_the_black_bowl_in_the_bottom_drawer_of_the_cabinet_and_close_it,250,250,190,76.0,True,True,2026-10-07T04:15:51.411544+00:00
libero_10,component_velocity,stk,arc-st-20261005-10-component-velocity-stk-eval,KITCHEN_SCENE6_put_the_yellow_and_white_mug_in_the_microwave_and_close_it,250,250,163,65.2,True,True,2026-10-07T04:15:51.411544+00:00
libero_10,component_velocity,stk,arc-st-20261005-10-component-velocity-stk-eval,KITCHEN_SCENE8_put_both_moka_pots_on_the_stove,250,250,72,28.8,True,True,2026-10-07T04:15:51.411544+00:00
libero_10,component_velocity,stk,arc-st-20261005-10-component-velocity-stk-eval,LIVING_ROOM_SCENE1_put_both_the_alphabet_soup_and_the_cream_cheese_box_in_the_basket,250,250,89,35.6,True,True,2026-10-07T04:15:51.411544+00:00
libero_10,component_velocity,stk,arc-st-20261005-10-component-velocity-stk-eval,LIVING_ROOM_SCENE2_put_both_the_alphabet_soup_and_the_tomato_sauce_in_the_basket,250,250,150,60.0,True,True,2026-10-07T04:15:51.411544+00:00
libero_10,component_velocity,stk,arc-st-20261005-10-component-velocity-stk-eval,LIVING_ROOM_SCENE2_put_both_the_cream_cheese_box_and_the_butter_in_the_basket,250,250,124,49.6,True,True,2026-10-07T04:15:51.411544+00:00
libero_10,component_velocity,stk,arc-st-20261005-10-component-velocity-stk-eval,LIVING_ROOM_SCENE5_put_the_white_mug_on_the_left_plate_and_put_the_yellow_and_white_mug_on_the_right_plate,250,250,79,31.6,True,True,2026-10-07T04:15:51.411544+00:00
libero_10,component_velocity,stk,arc-st-20261005-10-component-velocity-stk-eval,LIVING_ROOM_SCENE6_put_the_white_mug_on_the_plate_and_put_the_chocolate_pudding_to_the_right_of_the_plate,250,250,66,26.4,True,True,2026-10-07T04:15:51.411544+00:00
libero_10,component_velocity,stk,arc-st-20261005-10-component-velocity-stk-eval,STUDY_SCENE1_pick_up_the_book_and_place_it_in_the_back_compartment_of_the_caddy,250,250,192,76.8,True,True,2026-10-07T04:15:51.411544+00:00
libero_10,component_velocity,dur,arc-st-20261005-10-component-velocity-dur-eval,KITCHEN_SCENE3_turn_on_the_stove_and_put_the_moka_pot_on_it,250,250,206,82.4,True,True,2026-10-07T04:15:51.411544+00:00
libero_10,component_velocity,dur,arc-st-20261005-10-component-velocity-dur-eval,KITCHEN_SCENE4_put_the_black_bowl_in_the_bottom_drawer_of_the_cabinet_and_close_it,250,250,206,82.4,True,True,2026-10-07T04:15:51.411544+00:00
libero_10,component_velocity,dur,arc-st-20261005-10-component-velocity-dur-eval,KITCHEN_SCENE6_put_the_yellow_and_white_mug_in_the_microwave_and_close_it,250,250,161,64.4,True,True,2026-10-07T04:15:51.411544+00:00
libero_10,component_velocity,dur,arc-st-20261005-10-component-velocity-dur-eval,KITCHEN_SCENE8_put_both_moka_pots_on_the_stove,250,250,71,28.4,True,True,2026-10-07T04:15:51.411544+00:00
libero_10,component_velocity,dur,arc-st-20261005-10-component-velocity-dur-eval,LIVING_ROOM_SCENE1_put_both_the_alphabet_soup_and_the_cream_cheese_box_in_the_basket,250,250,72,28.8,True,True,2026-10-07T04:15:51.411544+00:00
libero_10,component_velocity,dur,arc-st-20261005-10-component-velocity-dur-eval,LIVING_ROOM_SCENE2_put_both_the_alphabet_soup_and_the_tomato_sauce_in_the_basket,250,250,121,48.4,True,True,2026-10-07T04:15:51.411544+00:00
libero_10,component_velocity,dur,arc-st-20261005-10-component-velocity-dur-eval,LIVING_ROOM_SCENE2_put_both_the_cream_cheese_box_and_the_butter_in_the_basket,250,250,122,48.8,True,True,2026-10-07T04:15:51.411544+00:00
libero_10,component_velocity,dur,arc-st-20261005-10-component-velocity-dur-eval,LIVING_ROOM_SCENE5_put_the_white_mug_on_the_left_plate_and_put_the_yellow_and_white_mug_on_the_right_plate,250,250,86,34.4,True,True,2026-10-07T04:15:51.411544+00:00
libero_10,component_velocity,dur,arc-st-20261005-10-component-velocity-dur-eval,LIVING_ROOM_SCENE6_put_the_white_mug_on_the_plate_and_put_the_chocolate_pudding_to_the_right_of_the_plate,250,250,68,27.2,True,True,2026-10-07T04:15:51.411544+00:00
libero_10,component_velocity,dur,arc-st-20261005-10-component-velocity-dur-eval,STUDY_SCENE1_pick_up_the_book_and_place_it_in_the_back_compartment_of_the_caddy,250,250,207,82.8,True,True,2026-10-07T04:15:51.411544+00:00
libero_10,component_time,stk,arc-st-20261005-10-component-time-stk-eval,KITCHEN_SCENE3_turn_on_the_stove_and_put_the_moka_pot_on_it,250,250,164,65.6,True,True,2026-10-07T04:15:51.411544+00:00
libero_10,component_time,stk,arc-st-20261005-10-component-time-stk-eval,KITCHEN_SCENE4_put_the_black_bowl_in_the_bottom_drawer_of_the_cabinet_and_close_it,250,250,196,78.4,True,True,2026-10-07T04:15:51.411544+00:00
libero_10,component_time,stk,arc-st-20261005-10-component-time-stk-eval,KITCHEN_SCENE6_put_the_yellow_and_white_mug_in_the_microwave_and_close_it,250,250,161,64.4,True,True,2026-10-07T04:15:51.411544+00:00
libero_10,component_time,stk,arc-st-20261005-10-component-time-stk-eval,KITCHEN_SCENE8_put_both_moka_pots_on_the_stove,250,250,65,26.0,True,True,2026-10-07T04:15:51.411544+00:00
libero_10,component_time,stk,arc-st-20261005-10-component-time-stk-eval,LIVING_ROOM_SCENE1_put_both_the_alphabet_soup_and_the_cream_cheese_box_in_the_basket,250,250,76,30.4,True,True,2026-10-07T04:15:51.411544+00:00
libero_10,component_time,stk,arc-st-20261005-10-component-time-stk-eval,LIVING_ROOM_SCENE2_put_both_the_alphabet_soup_and_the_tomato_sauce_in_the_basket,250,250,98,39.2,True,True,2026-10-07T04:15:51.411544+00:00
libero_10,component_time,stk,arc-st-20261005-10-component-time-stk-eval,LIVING_ROOM_SCENE2_put_both_the_cream_cheese_box_and_the_butter_in_the_basket,250,250,113,45.2,True,True,2026-10-07T04:15:51.411544+00:00
libero_10,component_time,stk,arc-st-20261005-10-component-time-stk-eval,LIVING_ROOM_SCENE5_put_the_white_mug_on_the_left_plate_and_put_the_yellow_and_white_mug_on_the_right_plate,250,250,55,22.0,True,True,2026-10-07T04:15:51.411544+00:00
libero_10,component_time,stk,arc-st-20261005-10-component-time-stk-eval,LIVING_ROOM_SCENE6_put_the_white_mug_on_the_plate_and_put_the_chocolate_pudding_to_the_right_of_the_plate,250,250,66,26.4,True,True,2026-10-07T04:15:51.411544+00:00
libero_10,component_time,stk,arc-st-20261005-10-component-time-stk-eval,STUDY_SCENE1_pick_up_the_book_and_place_it_in_the_back_compartment_of_the_caddy,250,250,178,71.2,True,True,2026-10-07T04:15:51.411544+00:00
