suite,contrast,candidate_variant,candidate_mode,control_variant,control_mode,task,episodes,candidate_sr_percent,control_sr_percent,delta_pp
libero_spatial,duration_vs_stk,reference,dur,reference,stk,pick_up_the_black_bowl_between_the_plate_and_the_ramekin_and_place_it_on_the_plate,250,61.6,56.00000000000001,5.599999999999994
libero_spatial,duration_vs_stk,reference,dur,reference,stk,pick_up_the_black_bowl_from_table_center_and_place_it_on_the_plate,250,82.39999999999999,81.2,1.19999999999999
libero_spatial,duration_vs_stk,reference,dur,reference,stk,pick_up_the_black_bowl_in_the_top_drawer_of_the_wooden_cabinet_and_place_it_on_the_plate,250,74.0,81.6,-7.599999999999996
libero_spatial,duration_vs_stk,reference,dur,reference,stk,pick_up_the_black_bowl_next_to_the_cookie_box_and_place_it_on_the_plate,250,84.39999999999999,75.6,8.799999999999997
libero_spatial,duration_vs_stk,reference,dur,reference,stk,pick_up_the_black_bowl_next_to_the_plate_and_place_it_on_the_plate,250,58.4,54.0,4.399999999999993
libero_spatial,duration_vs_stk,reference,dur,reference,stk,pick_up_the_black_bowl_next_to_the_ramekin_and_place_it_on_the_plate,250,78.8,84.8,-5.999999999999995
libero_spatial,duration_vs_stk,reference,dur,reference,stk,pick_up_the_black_bowl_on_the_cookie_box_and_place_it_on_the_plate,250,87.2,92.80000000000001,-5.600000000000005
libero_spatial,duration_vs_stk,reference,dur,reference,stk,pick_up_the_black_bowl_on_the_ramekin_and_place_it_on_the_plate,250,3.5999999999999996,6.0,-2.4
libero_spatial,duration_vs_stk,reference,dur,reference,stk,pick_up_the_black_bowl_on_the_stove_and_place_it_on_the_plate,250,96.0,91.60000000000001,4.399999999999993
libero_spatial,duration_vs_stk,reference,dur,reference,stk,pick_up_the_black_bowl_on_the_wooden_cabinet_and_place_it_on_the_plate,250,68.4,62.8,5.600000000000005
libero_spatial,versus_reference,gripper,stk,reference,stk,pick_up_the_black_bowl_between_the_plate_and_the_ramekin_and_place_it_on_the_plate,250,56.8,56.00000000000001,0.7999999999999896
libero_spatial,versus_reference,gripper,stk,reference,stk,pick_up_the_black_bowl_from_table_center_and_place_it_on_the_plate,250,83.2,81.2,1.9999999999999907
libero_spatial,versus_reference,gripper,stk,reference,stk,pick_up_the_black_bowl_in_the_top_drawer_of_the_wooden_cabinet_and_place_it_on_the_plate,250,70.39999999999999,81.6,-11.2
libero_spatial,versus_reference,gripper,stk,reference,stk,pick_up_the_black_bowl_next_to_the_cookie_box_and_place_it_on_the_plate,250,77.2,75.6,1.6000000000000014
libero_spatial,versus_reference,gripper,stk,reference,stk,pick_up_the_black_bowl_next_to_the_plate_and_place_it_on_the_plate,250,46.400000000000006,54.0,-7.600000000000001
libero_spatial,versus_reference,gripper,stk,reference,stk,pick_up_the_black_bowl_next_to_the_ramekin_and_place_it_on_the_plate,250,78.4,84.8,-6.399999999999995
libero_spatial,versus_reference,gripper,stk,reference,stk,pick_up_the_black_bowl_on_the_cookie_box_and_place_it_on_the_plate,250,89.2,92.80000000000001,-3.600000000000003
libero_spatial,versus_reference,gripper,stk,reference,stk,pick_up_the_black_bowl_on_the_ramekin_and_place_it_on_the_plate,250,2.4,6.0,-3.5999999999999996
libero_spatial,versus_reference,gripper,stk,reference,stk,pick_up_the_black_bowl_on_the_stove_and_place_it_on_the_plate,250,92.0,91.60000000000001,0.40000000000000036
libero_spatial,versus_reference,gripper,stk,reference,stk,pick_up_the_black_bowl_on_the_wooden_cabinet_and_place_it_on_the_plate,250,63.6,62.8,0.8000000000000007
libero_spatial,versus_reference,component_time,dur,reference,dur,pick_up_the_black_bowl_between_the_plate_and_the_ramekin_and_place_it_on_the_plate,250,56.00000000000001,61.6,-5.599999999999994
libero_spatial,versus_reference,component_time,dur,reference,dur,pick_up_the_black_bowl_from_table_center_and_place_it_on_the_plate,250,82.8,82.39999999999999,0.40000000000000036
libero_spatial,versus_reference,component_time,dur,reference,dur,pick_up_the_black_bowl_in_the_top_drawer_of_the_wooden_cabinet_and_place_it_on_the_plate,250,70.39999999999999,74.0,-3.600000000000003
libero_spatial,versus_reference,component_time,dur,reference,dur,pick_up_the_black_bowl_next_to_the_cookie_box_and_place_it_on_the_plate,250,81.2,84.39999999999999,-3.1999999999999917
libero_spatial,versus_reference,component_time,dur,reference,dur,pick_up_the_black_bowl_next_to_the_plate_and_place_it_on_the_plate,250,68.0,58.4,9.600000000000009
libero_spatial,versus_reference,component_time,dur,reference,dur,pick_up_the_black_bowl_next_to_the_ramekin_and_place_it_on_the_plate,250,77.2,78.8,-1.6000000000000014
libero_spatial,versus_reference,component_time,dur,reference,dur,pick_up_the_black_bowl_on_the_cookie_box_and_place_it_on_the_plate,250,88.8,87.2,1.6000000000000014
libero_spatial,versus_reference,component_time,dur,reference,dur,pick_up_the_black_bowl_on_the_ramekin_and_place_it_on_the_plate,250,1.2,3.5999999999999996,-2.4
libero_spatial,versus_reference,component_time,dur,reference,dur,pick_up_the_black_bowl_on_the_stove_and_place_it_on_the_plate,250,91.2,96.0,-4.799999999999994
libero_spatial,versus_reference,component_time,dur,reference,dur,pick_up_the_black_bowl_on_the_wooden_cabinet_and_place_it_on_the_plate,250,65.60000000000001,68.4,-2.8000000000000025
libero_spatial,design_contrast,component_time,dur,component_velocity,dur,pick_up_the_black_bowl_between_the_plate_and_the_ramekin_and_place_it_on_the_plate,250,56.00000000000001,52.400000000000006,3.600000000000003
libero_spatial,design_contrast,component_time,dur,component_velocity,dur,pick_up_the_black_bowl_from_table_center_and_place_it_on_the_plate,250,82.8,84.0,-1.200000000000001
libero_spatial,design_contrast,component_time,dur,component_velocity,dur,pick_up_the_black_bowl_in_the_top_drawer_of_the_wooden_cabinet_and_place_it_on_the_plate,250,70.39999999999999,68.8,1.6000000000000014
libero_spatial,design_contrast,component_time,dur,component_velocity,dur,pick_up_the_black_bowl_next_to_the_cookie_box_and_place_it_on_the_plate,250,81.2,79.60000000000001,1.6000000000000014
libero_spatial,design_contrast,component_time,dur,component_velocity,dur,pick_up_the_black_bowl_next_to_the_plate_and_place_it_on_the_plate,250,68.0,64.4,3.600000000000003
libero_spatial,design_contrast,component_time,dur,component_velocity,dur,pick_up_the_black_bowl_next_to_the_ramekin_and_place_it_on_the_plate,250,77.2,79.60000000000001,-2.400000000000002
libero_spatial,design_contrast,component_time,dur,component_velocity,dur,pick_up_the_black_bowl_on_the_cookie_box_and_place_it_on_the_plate,250,88.8,86.4,2.400000000000002
libero_spatial,design_contrast,component_time,dur,component_velocity,dur,pick_up_the_black_bowl_on_the_ramekin_and_place_it_on_the_plate,250,1.2,2.0,-0.8
libero_spatial,design_contrast,component_time,dur,component_velocity,dur,pick_up_the_black_bowl_on_the_stove_and_place_it_on_the_plate,250,91.2,92.0,-0.8000000000000007
libero_spatial,design_contrast,component_time,dur,component_velocity,dur,pick_up_the_black_bowl_on_the_wooden_cabinet_and_place_it_on_the_plate,250,65.60000000000001,64.0,1.6000000000000014
libero_spatial,combined_timing_change,component_time,dur,gripper,dur,pick_up_the_black_bowl_between_the_plate_and_the_ramekin_and_place_it_on_the_plate,250,56.00000000000001,49.6,6.400000000000006
libero_spatial,combined_timing_change,component_time,dur,gripper,dur,pick_up_the_black_bowl_from_table_center_and_place_it_on_the_plate,250,82.8,82.0,0.8000000000000007
libero_spatial,combined_timing_change,component_time,dur,gripper,dur,pick_up_the_black_bowl_in_the_top_drawer_of_the_wooden_cabinet_and_place_it_on_the_plate,250,70.39999999999999,73.6,-3.200000000000003
libero_spatial,combined_timing_change,component_time,dur,gripper,dur,pick_up_the_black_bowl_next_to_the_cookie_box_and_place_it_on_the_plate,250,81.2,80.0,1.200000000000001
libero_spatial,combined_timing_change,component_time,dur,gripper,dur,pick_up_the_black_bowl_next_to_the_plate_and_place_it_on_the_plate,250,68.0,61.199999999999996,6.800000000000006
libero_spatial,combined_timing_change,component_time,dur,gripper,dur,pick_up_the_black_bowl_next_to_the_ramekin_and_place_it_on_the_plate,250,77.2,75.2,2.0000000000000018
libero_spatial,combined_timing_change,component_time,dur,gripper,dur,pick_up_the_black_bowl_on_the_cookie_box_and_place_it_on_the_plate,250,88.8,88.0,0.8000000000000007
libero_spatial,combined_timing_change,component_time,dur,gripper,dur,pick_up_the_black_bowl_on_the_ramekin_and_place_it_on_the_plate,250,1.2,1.6,-0.4
libero_spatial,combined_timing_change,component_time,dur,gripper,dur,pick_up_the_black_bowl_on_the_stove_and_place_it_on_the_plate,250,91.2,97.2,-5.999999999999995
libero_spatial,combined_timing_change,component_time,dur,gripper,dur,pick_up_the_black_bowl_on_the_wooden_cabinet_and_place_it_on_the_plate,250,65.60000000000001,62.0,3.600000000000003
libero_spatial,duration_vs_stk,component_time,dur,component_time,stk,pick_up_the_black_bowl_between_the_plate_and_the_ramekin_and_place_it_on_the_plate,250,56.00000000000001,45.2,10.800000000000004
libero_spatial,duration_vs_stk,component_time,dur,component_time,stk,pick_up_the_black_bowl_from_table_center_and_place_it_on_the_plate,250,82.8,54.800000000000004,27.999999999999993
libero_spatial,duration_vs_stk,component_time,dur,component_time,stk,pick_up_the_black_bowl_in_the_top_drawer_of_the_wooden_cabinet_and_place_it_on_the_plate,250,70.39999999999999,32.0,38.4
libero_spatial,duration_vs_stk,component_time,dur,component_time,stk,pick_up_the_black_bowl_next_to_the_cookie_box_and_place_it_on_the_plate,250,81.2,45.6,35.6
libero_spatial,duration_vs_stk,component_time,dur,component_time,stk,pick_up_the_black_bowl_next_to_the_plate_and_place_it_on_the_plate,250,68.0,46.400000000000006,21.6
libero_spatial,duration_vs_stk,component_time,dur,component_time,stk,pick_up_the_black_bowl_next_to_the_ramekin_and_place_it_on_the_plate,250,77.2,69.6,7.600000000000007
libero_spatial,duration_vs_stk,component_time,dur,component_time,stk,pick_up_the_black_bowl_on_the_cookie_box_and_place_it_on_the_plate,250,88.8,59.599999999999994,29.200000000000003
libero_spatial,duration_vs_stk,component_time,dur,component_time,stk,pick_up_the_black_bowl_on_the_ramekin_and_place_it_on_the_plate,250,1.2,4.3999999999999995,-3.2
libero_spatial,duration_vs_stk,component_time,dur,component_time,stk,pick_up_the_black_bowl_on_the_stove_and_place_it_on_the_plate,250,91.2,75.6,15.600000000000003
libero_spatial,duration_vs_stk,component_time,dur,component_time,stk,pick_up_the_black_bowl_on_the_wooden_cabinet_and_place_it_on_the_plate,250,65.60000000000001,49.2,16.400000000000002
libero_spatial,versus_reference,gripper,dur,reference,dur,pick_up_the_black_bowl_between_the_plate_and_the_ramekin_and_place_it_on_the_plate,250,49.6,61.6,-12.0
libero_spatial,versus_reference,gripper,dur,reference,dur,pick_up_the_black_bowl_from_table_center_and_place_it_on_the_plate,250,82.0,82.39999999999999,-0.40000000000000036
libero_spatial,versus_reference,gripper,dur,reference,dur,pick_up_the_black_bowl_in_the_top_drawer_of_the_wooden_cabinet_and_place_it_on_the_plate,250,73.6,74.0,-0.40000000000000036
libero_spatial,versus_reference,gripper,dur,reference,dur,pick_up_the_black_bowl_next_to_the_cookie_box_and_place_it_on_the_plate,250,80.0,84.39999999999999,-4.399999999999993
libero_spatial,versus_reference,gripper,dur,reference,dur,pick_up_the_black_bowl_next_to_the_plate_and_place_it_on_the_plate,250,61.199999999999996,58.4,2.8000000000000025
libero_spatial,versus_reference,gripper,dur,reference,dur,pick_up_the_black_bowl_next_to_the_ramekin_and_place_it_on_the_plate,250,75.2,78.8,-3.600000000000003
libero_spatial,versus_reference,gripper,dur,reference,dur,pick_up_the_black_bowl_on_the_cookie_box_and_place_it_on_the_plate,250,88.0,87.2,0.8000000000000007
libero_spatial,versus_reference,gripper,dur,reference,dur,pick_up_the_black_bowl_on_the_ramekin_and_place_it_on_the_plate,250,1.6,3.5999999999999996,-1.9999999999999998
libero_spatial,versus_reference,gripper,dur,reference,dur,pick_up_the_black_bowl_on_the_stove_and_place_it_on_the_plate,250,97.2,96.0,1.200000000000001
libero_spatial,versus_reference,gripper,dur,reference,dur,pick_up_the_black_bowl_on_the_wooden_cabinet_and_place_it_on_the_plate,250,62.0,68.4,-6.400000000000006
libero_spatial,duration_vs_stk,gripper,dur,gripper,stk,pick_up_the_black_bowl_between_the_plate_and_the_ramekin_and_place_it_on_the_plate,250,49.6,56.8,-7.199999999999996
libero_spatial,duration_vs_stk,gripper,dur,gripper,stk,pick_up_the_black_bowl_from_table_center_and_place_it_on_the_plate,250,82.0,83.2,-1.200000000000001
libero_spatial,duration_vs_stk,gripper,dur,gripper,stk,pick_up_the_black_bowl_in_the_top_drawer_of_the_wooden_cabinet_and_place_it_on_the_plate,250,73.6,70.39999999999999,3.200000000000003
libero_spatial,duration_vs_stk,gripper,dur,gripper,stk,pick_up_the_black_bowl_next_to_the_cookie_box_and_place_it_on_the_plate,250,80.0,77.2,2.8000000000000025
libero_spatial,duration_vs_stk,gripper,dur,gripper,stk,pick_up_the_black_bowl_next_to_the_plate_and_place_it_on_the_plate,250,61.199999999999996,46.400000000000006,14.799999999999997
libero_spatial,duration_vs_stk,gripper,dur,gripper,stk,pick_up_the_black_bowl_next_to_the_ramekin_and_place_it_on_the_plate,250,75.2,78.4,-3.200000000000003
libero_spatial,duration_vs_stk,gripper,dur,gripper,stk,pick_up_the_black_bowl_on_the_cookie_box_and_place_it_on_the_plate,250,88.0,89.2,-1.200000000000001
libero_spatial,duration_vs_stk,gripper,dur,gripper,stk,pick_up_the_black_bowl_on_the_ramekin_and_place_it_on_the_plate,250,1.6,2.4,-0.8
libero_spatial,duration_vs_stk,gripper,dur,gripper,stk,pick_up_the_black_bowl_on_the_stove_and_place_it_on_the_plate,250,97.2,92.0,5.199999999999994
libero_spatial,duration_vs_stk,gripper,dur,gripper,stk,pick_up_the_black_bowl_on_the_wooden_cabinet_and_place_it_on_the_plate,250,62.0,63.6,-1.6000000000000014
libero_spatial,versus_reference,xyz_scalar,stk,reference,stk,pick_up_the_black_bowl_between_the_plate_and_the_ramekin_and_place_it_on_the_plate,250,57.599999999999994,56.00000000000001,1.5999999999999903
libero_spatial,versus_reference,xyz_scalar,stk,reference,stk,pick_up_the_black_bowl_from_table_center_and_place_it_on_the_plate,250,67.60000000000001,81.2,-13.600000000000001
libero_spatial,versus_reference,xyz_scalar,stk,reference,stk,pick_up_the_black_bowl_in_the_top_drawer_of_the_wooden_cabinet_and_place_it_on_the_plate,250,42.8,81.6,-38.8
libero_spatial,versus_reference,xyz_scalar,stk,reference,stk,pick_up_the_black_bowl_next_to_the_cookie_box_and_place_it_on_the_plate,250,49.2,75.6,-26.400000000000002
libero_spatial,versus_reference,xyz_scalar,stk,reference,stk,pick_up_the_black_bowl_next_to_the_plate_and_place_it_on_the_plate,250,58.8,54.0,4.799999999999994
libero_spatial,versus_reference,xyz_scalar,stk,reference,stk,pick_up_the_black_bowl_next_to_the_ramekin_and_place_it_on_the_plate,250,73.6,84.8,-11.2
libero_spatial,versus_reference,xyz_scalar,stk,reference,stk,pick_up_the_black_bowl_on_the_cookie_box_and_place_it_on_the_plate,250,37.6,92.80000000000001,-55.2
libero_spatial,versus_reference,xyz_scalar,stk,reference,stk,pick_up_the_black_bowl_on_the_ramekin_and_place_it_on_the_plate,250,14.399999999999999,6.0,8.399999999999999
libero_spatial,versus_reference,xyz_scalar,stk,reference,stk,pick_up_the_black_bowl_on_the_stove_and_place_it_on_the_plate,250,64.4,91.60000000000001,-27.200000000000003
libero_spatial,versus_reference,xyz_scalar,stk,reference,stk,pick_up_the_black_bowl_on_the_wooden_cabinet_and_place_it_on_the_plate,250,50.8,62.8,-12.0
libero_spatial,design_contrast,xyz_scalar,stk,gripper,stk,pick_up_the_black_bowl_between_the_plate_and_the_ramekin_and_place_it_on_the_plate,250,57.599999999999994,56.8,0.8000000000000007
libero_spatial,design_contrast,xyz_scalar,stk,gripper,stk,pick_up_the_black_bowl_from_table_center_and_place_it_on_the_plate,250,67.60000000000001,83.2,-15.59999999999999
libero_spatial,design_contrast,xyz_scalar,stk,gripper,stk,pick_up_the_black_bowl_in_the_top_drawer_of_the_wooden_cabinet_and_place_it_on_the_plate,250,42.8,70.39999999999999,-27.599999999999998
libero_spatial,design_contrast,xyz_scalar,stk,gripper,stk,pick_up_the_black_bowl_next_to_the_cookie_box_and_place_it_on_the_plate,250,49.2,77.2,-28.000000000000004
libero_spatial,design_contrast,xyz_scalar,stk,gripper,stk,pick_up_the_black_bowl_next_to_the_plate_and_place_it_on_the_plate,250,58.8,46.400000000000006,12.399999999999995
libero_spatial,design_contrast,xyz_scalar,stk,gripper,stk,pick_up_the_black_bowl_next_to_the_ramekin_and_place_it_on_the_plate,250,73.6,78.4,-4.800000000000004
libero_spatial,design_contrast,xyz_scalar,stk,gripper,stk,pick_up_the_black_bowl_on_the_cookie_box_and_place_it_on_the_plate,250,37.6,89.2,-51.6
libero_spatial,design_contrast,xyz_scalar,stk,gripper,stk,pick_up_the_black_bowl_on_the_ramekin_and_place_it_on_the_plate,250,14.399999999999999,2.4,12.0
libero_spatial,design_contrast,xyz_scalar,stk,gripper,stk,pick_up_the_black_bowl_on_the_stove_and_place_it_on_the_plate,250,64.4,92.0,-27.6
libero_spatial,design_contrast,xyz_scalar,stk,gripper,stk,pick_up_the_black_bowl_on_the_wooden_cabinet_and_place_it_on_the_plate,250,50.8,63.6,-12.8
libero_spatial,versus_reference,xyz_scalar,dur,reference,dur,pick_up_the_black_bowl_between_the_plate_and_the_ramekin_and_place_it_on_the_plate,250,47.199999999999996,61.6,-14.400000000000002
libero_spatial,versus_reference,xyz_scalar,dur,reference,dur,pick_up_the_black_bowl_from_table_center_and_place_it_on_the_plate,250,83.2,82.39999999999999,0.8000000000000007
libero_spatial,versus_reference,xyz_scalar,dur,reference,dur,pick_up_the_black_bowl_in_the_top_drawer_of_the_wooden_cabinet_and_place_it_on_the_plate,250,80.80000000000001,74.0,6.800000000000006
libero_spatial,versus_reference,xyz_scalar,dur,reference,dur,pick_up_the_black_bowl_next_to_the_cookie_box_and_place_it_on_the_plate,250,79.60000000000001,84.39999999999999,-4.799999999999994
libero_spatial,versus_reference,xyz_scalar,dur,reference,dur,pick_up_the_black_bowl_next_to_the_plate_and_place_it_on_the_plate,250,56.8,58.4,-1.6000000000000014
libero_spatial,versus_reference,xyz_scalar,dur,reference,dur,pick_up_the_black_bowl_next_to_the_ramekin_and_place_it_on_the_plate,250,70.8,78.8,-8.000000000000007
libero_spatial,versus_reference,xyz_scalar,dur,reference,dur,pick_up_the_black_bowl_on_the_cookie_box_and_place_it_on_the_plate,250,90.4,87.2,3.200000000000003
libero_spatial,versus_reference,xyz_scalar,dur,reference,dur,pick_up_the_black_bowl_on_the_ramekin_and_place_it_on_the_plate,250,0.8,3.5999999999999996,-2.8
libero_spatial,versus_reference,xyz_scalar,dur,reference,dur,pick_up_the_black_bowl_on_the_stove_and_place_it_on_the_plate,250,94.39999999999999,96.0,-1.6000000000000014
libero_spatial,versus_reference,xyz_scalar,dur,reference,dur,pick_up_the_black_bowl_on_the_wooden_cabinet_and_place_it_on_the_plate,250,63.6,68.4,-4.800000000000004
libero_spatial,design_contrast,xyz_scalar,dur,gripper,dur,pick_up_the_black_bowl_between_the_plate_and_the_ramekin_and_place_it_on_the_plate,250,47.199999999999996,49.6,-2.400000000000002
libero_spatial,design_contrast,xyz_scalar,dur,gripper,dur,pick_up_the_black_bowl_from_table_center_and_place_it_on_the_plate,250,83.2,82.0,1.200000000000001
libero_spatial,design_contrast,xyz_scalar,dur,gripper,dur,pick_up_the_black_bowl_in_the_top_drawer_of_the_wooden_cabinet_and_place_it_on_the_plate,250,80.80000000000001,73.6,7.200000000000006
libero_spatial,design_contrast,xyz_scalar,dur,gripper,dur,pick_up_the_black_bowl_next_to_the_cookie_box_and_place_it_on_the_plate,250,79.60000000000001,80.0,-0.40000000000000036
libero_spatial,design_contrast,xyz_scalar,dur,gripper,dur,pick_up_the_black_bowl_next_to_the_plate_and_place_it_on_the_plate,250,56.8,61.199999999999996,-4.400000000000004
libero_spatial,design_contrast,xyz_scalar,dur,gripper,dur,pick_up_the_black_bowl_next_to_the_ramekin_and_place_it_on_the_plate,250,70.8,75.2,-4.400000000000004
libero_spatial,design_contrast,xyz_scalar,dur,gripper,dur,pick_up_the_black_bowl_on_the_cookie_box_and_place_it_on_the_plate,250,90.4,88.0,2.400000000000002
libero_spatial,design_contrast,xyz_scalar,dur,gripper,dur,pick_up_the_black_bowl_on_the_ramekin_and_place_it_on_the_plate,250,0.8,1.6,-0.8
libero_spatial,design_contrast,xyz_scalar,dur,gripper,dur,pick_up_the_black_bowl_on_the_stove_and_place_it_on_the_plate,250,94.39999999999999,97.2,-2.8000000000000025
libero_spatial,design_contrast,xyz_scalar,dur,gripper,dur,pick_up_the_black_bowl_on_the_wooden_cabinet_and_place_it_on_the_plate,250,63.6,62.0,1.6000000000000014
libero_spatial,duration_vs_stk,xyz_scalar,dur,xyz_scalar,stk,pick_up_the_black_bowl_between_the_plate_and_the_ramekin_and_place_it_on_the_plate,250,47.199999999999996,57.599999999999994,-10.399999999999999
libero_spatial,duration_vs_stk,xyz_scalar,dur,xyz_scalar,stk,pick_up_the_black_bowl_from_table_center_and_place_it_on_the_plate,250,83.2,67.60000000000001,15.59999999999999
libero_spatial,duration_vs_stk,xyz_scalar,dur,xyz_scalar,stk,pick_up_the_black_bowl_in_the_top_drawer_of_the_wooden_cabinet_and_place_it_on_the_plate,250,80.80000000000001,42.8,38.00000000000001
libero_spatial,duration_vs_stk,xyz_scalar,dur,xyz_scalar,stk,pick_up_the_black_bowl_next_to_the_cookie_box_and_place_it_on_the_plate,250,79.60000000000001,49.2,30.400000000000006
libero_spatial,duration_vs_stk,xyz_scalar,dur,xyz_scalar,stk,pick_up_the_black_bowl_next_to_the_plate_and_place_it_on_the_plate,250,56.8,58.8,-2.0000000000000018
libero_spatial,duration_vs_stk,xyz_scalar,dur,xyz_scalar,stk,pick_up_the_black_bowl_next_to_the_ramekin_and_place_it_on_the_plate,250,70.8,73.6,-2.8000000000000025
libero_spatial,duration_vs_stk,xyz_scalar,dur,xyz_scalar,stk,pick_up_the_black_bowl_on_the_cookie_box_and_place_it_on_the_plate,250,90.4,37.6,52.800000000000004
libero_spatial,duration_vs_stk,xyz_scalar,dur,xyz_scalar,stk,pick_up_the_black_bowl_on_the_ramekin_and_place_it_on_the_plate,250,0.8,14.399999999999999,-13.599999999999998
libero_spatial,duration_vs_stk,xyz_scalar,dur,xyz_scalar,stk,pick_up_the_black_bowl_on_the_stove_and_place_it_on_the_plate,250,94.39999999999999,64.4,29.999999999999993
libero_spatial,duration_vs_stk,xyz_scalar,dur,xyz_scalar,stk,pick_up_the_black_bowl_on_the_wooden_cabinet_and_place_it_on_the_plate,250,63.6,50.8,12.8
libero_spatial,versus_reference,component_velocity,stk,reference,stk,pick_up_the_black_bowl_between_the_plate_and_the_ramekin_and_place_it_on_the_plate,250,47.599999999999994,56.00000000000001,-8.400000000000007
libero_spatial,versus_reference,component_velocity,stk,reference,stk,pick_up_the_black_bowl_from_table_center_and_place_it_on_the_plate,250,69.19999999999999,81.2,-12.00000000000001
libero_spatial,versus_reference,component_velocity,stk,reference,stk,pick_up_the_black_bowl_in_the_top_drawer_of_the_wooden_cabinet_and_place_it_on_the_plate,250,65.2,81.6,-16.39999999999999
libero_spatial,versus_reference,component_velocity,stk,reference,stk,pick_up_the_black_bowl_next_to_the_cookie_box_and_place_it_on_the_plate,250,73.6,75.6,-2.0000000000000018
libero_spatial,versus_reference,component_velocity,stk,reference,stk,pick_up_the_black_bowl_next_to_the_plate_and_place_it_on_the_plate,250,56.39999999999999,54.0,2.399999999999991
libero_spatial,versus_reference,component_velocity,stk,reference,stk,pick_up_the_black_bowl_next_to_the_ramekin_and_place_it_on_the_plate,250,93.2,84.8,8.400000000000007
libero_spatial,versus_reference,component_velocity,stk,reference,stk,pick_up_the_black_bowl_on_the_cookie_box_and_place_it_on_the_plate,250,81.6,92.80000000000001,-11.20000000000001
libero_spatial,versus_reference,component_velocity,stk,reference,stk,pick_up_the_black_bowl_on_the_ramekin_and_place_it_on_the_plate,250,0.8,6.0,-5.2
libero_spatial,versus_reference,component_velocity,stk,reference,stk,pick_up_the_black_bowl_on_the_stove_and_place_it_on_the_plate,250,89.2,91.60000000000001,-2.400000000000002
libero_spatial,versus_reference,component_velocity,stk,reference,stk,pick_up_the_black_bowl_on_the_wooden_cabinet_and_place_it_on_the_plate,250,59.199999999999996,62.8,-3.600000000000003
libero_spatial,design_contrast,component_velocity,stk,gripper,stk,pick_up_the_black_bowl_between_the_plate_and_the_ramekin_and_place_it_on_the_plate,250,47.599999999999994,56.8,-9.199999999999998
libero_spatial,design_contrast,component_velocity,stk,gripper,stk,pick_up_the_black_bowl_from_table_center_and_place_it_on_the_plate,250,69.19999999999999,83.2,-14.000000000000002
libero_spatial,design_contrast,component_velocity,stk,gripper,stk,pick_up_the_black_bowl_in_the_top_drawer_of_the_wooden_cabinet_and_place_it_on_the_plate,250,65.2,70.39999999999999,-5.199999999999994
libero_spatial,design_contrast,component_velocity,stk,gripper,stk,pick_up_the_black_bowl_next_to_the_cookie_box_and_place_it_on_the_plate,250,73.6,77.2,-3.600000000000003
libero_spatial,design_contrast,component_velocity,stk,gripper,stk,pick_up_the_black_bowl_next_to_the_plate_and_place_it_on_the_plate,250,56.39999999999999,46.400000000000006,9.999999999999993
libero_spatial,design_contrast,component_velocity,stk,gripper,stk,pick_up_the_black_bowl_next_to_the_ramekin_and_place_it_on_the_plate,250,93.2,78.4,14.800000000000002
libero_spatial,design_contrast,component_velocity,stk,gripper,stk,pick_up_the_black_bowl_on_the_cookie_box_and_place_it_on_the_plate,250,81.6,89.2,-7.600000000000007
libero_spatial,design_contrast,component_velocity,stk,gripper,stk,pick_up_the_black_bowl_on_the_ramekin_and_place_it_on_the_plate,250,0.8,2.4,-1.6
libero_spatial,design_contrast,component_velocity,stk,gripper,stk,pick_up_the_black_bowl_on_the_stove_and_place_it_on_the_plate,250,89.2,92.0,-2.8000000000000025
libero_spatial,design_contrast,component_velocity,stk,gripper,stk,pick_up_the_black_bowl_on_the_wooden_cabinet_and_place_it_on_the_plate,250,59.199999999999996,63.6,-4.400000000000004
libero_spatial,versus_reference,component_velocity,dur,reference,dur,pick_up_the_black_bowl_between_the_plate_and_the_ramekin_and_place_it_on_the_plate,250,52.400000000000006,61.6,-9.199999999999998
libero_spatial,versus_reference,component_velocity,dur,reference,dur,pick_up_the_black_bowl_from_table_center_and_place_it_on_the_plate,250,84.0,82.39999999999999,1.6000000000000014
libero_spatial,versus_reference,component_velocity,dur,reference,dur,pick_up_the_black_bowl_in_the_top_drawer_of_the_wooden_cabinet_and_place_it_on_the_plate,250,68.8,74.0,-5.200000000000005
libero_spatial,versus_reference,component_velocity,dur,reference,dur,pick_up_the_black_bowl_next_to_the_cookie_box_and_place_it_on_the_plate,250,79.60000000000001,84.39999999999999,-4.799999999999994
libero_spatial,versus_reference,component_velocity,dur,reference,dur,pick_up_the_black_bowl_next_to_the_plate_and_place_it_on_the_plate,250,64.4,58.4,6.000000000000005
libero_spatial,versus_reference,component_velocity,dur,reference,dur,pick_up_the_black_bowl_next_to_the_ramekin_and_place_it_on_the_plate,250,79.60000000000001,78.8,0.8000000000000007
libero_spatial,versus_reference,component_velocity,dur,reference,dur,pick_up_the_black_bowl_on_the_cookie_box_and_place_it_on_the_plate,250,86.4,87.2,-0.8000000000000007
libero_spatial,versus_reference,component_velocity,dur,reference,dur,pick_up_the_black_bowl_on_the_ramekin_and_place_it_on_the_plate,250,2.0,3.5999999999999996,-1.5999999999999996
libero_spatial,versus_reference,component_velocity,dur,reference,dur,pick_up_the_black_bowl_on_the_stove_and_place_it_on_the_plate,250,92.0,96.0,-3.9999999999999925
libero_spatial,versus_reference,component_velocity,dur,reference,dur,pick_up_the_black_bowl_on_the_wooden_cabinet_and_place_it_on_the_plate,250,64.0,68.4,-4.400000000000004
libero_spatial,design_contrast,component_velocity,dur,gripper,dur,pick_up_the_black_bowl_between_the_plate_and_the_ramekin_and_place_it_on_the_plate,250,52.400000000000006,49.6,2.8000000000000025
libero_spatial,design_contrast,component_velocity,dur,gripper,dur,pick_up_the_black_bowl_from_table_center_and_place_it_on_the_plate,250,84.0,82.0,2.0000000000000018
libero_spatial,design_contrast,component_velocity,dur,gripper,dur,pick_up_the_black_bowl_in_the_top_drawer_of_the_wooden_cabinet_and_place_it_on_the_plate,250,68.8,73.6,-4.800000000000004
libero_spatial,design_contrast,component_velocity,dur,gripper,dur,pick_up_the_black_bowl_next_to_the_cookie_box_and_place_it_on_the_plate,250,79.60000000000001,80.0,-0.40000000000000036
libero_spatial,design_contrast,component_velocity,dur,gripper,dur,pick_up_the_black_bowl_next_to_the_plate_and_place_it_on_the_plate,250,64.4,61.199999999999996,3.200000000000003
libero_spatial,design_contrast,component_velocity,dur,gripper,dur,pick_up_the_black_bowl_next_to_the_ramekin_and_place_it_on_the_plate,250,79.60000000000001,75.2,4.400000000000004
libero_spatial,design_contrast,component_velocity,dur,gripper,dur,pick_up_the_black_bowl_on_the_cookie_box_and_place_it_on_the_plate,250,86.4,88.0,-1.6000000000000014
libero_spatial,design_contrast,component_velocity,dur,gripper,dur,pick_up_the_black_bowl_on_the_ramekin_and_place_it_on_the_plate,250,2.0,1.6,0.4
libero_spatial,design_contrast,component_velocity,dur,gripper,dur,pick_up_the_black_bowl_on_the_stove_and_place_it_on_the_plate,250,92.0,97.2,-5.199999999999994
libero_spatial,design_contrast,component_velocity,dur,gripper,dur,pick_up_the_black_bowl_on_the_wooden_cabinet_and_place_it_on_the_plate,250,64.0,62.0,2.0000000000000018
libero_spatial,duration_vs_stk,component_velocity,dur,component_velocity,stk,pick_up_the_black_bowl_between_the_plate_and_the_ramekin_and_place_it_on_the_plate,250,52.400000000000006,47.599999999999994,4.800000000000004
libero_spatial,duration_vs_stk,component_velocity,dur,component_velocity,stk,pick_up_the_black_bowl_from_table_center_and_place_it_on_the_plate,250,84.0,69.19999999999999,14.800000000000002
libero_spatial,duration_vs_stk,component_velocity,dur,component_velocity,stk,pick_up_the_black_bowl_in_the_top_drawer_of_the_wooden_cabinet_and_place_it_on_the_plate,250,68.8,65.2,3.599999999999992
libero_spatial,duration_vs_stk,component_velocity,dur,component_velocity,stk,pick_up_the_black_bowl_next_to_the_cookie_box_and_place_it_on_the_plate,250,79.60000000000001,73.6,6.000000000000005
libero_spatial,duration_vs_stk,component_velocity,dur,component_velocity,stk,pick_up_the_black_bowl_next_to_the_plate_and_place_it_on_the_plate,250,64.4,56.39999999999999,8.000000000000007
libero_spatial,duration_vs_stk,component_velocity,dur,component_velocity,stk,pick_up_the_black_bowl_next_to_the_ramekin_and_place_it_on_the_plate,250,79.60000000000001,93.2,-13.600000000000001
libero_spatial,duration_vs_stk,component_velocity,dur,component_velocity,stk,pick_up_the_black_bowl_on_the_cookie_box_and_place_it_on_the_plate,250,86.4,81.6,4.800000000000004
libero_spatial,duration_vs_stk,component_velocity,dur,component_velocity,stk,pick_up_the_black_bowl_on_the_ramekin_and_place_it_on_the_plate,250,2.0,0.8,1.2
libero_spatial,duration_vs_stk,component_velocity,dur,component_velocity,stk,pick_up_the_black_bowl_on_the_stove_and_place_it_on_the_plate,250,92.0,89.2,2.8000000000000025
libero_spatial,duration_vs_stk,component_velocity,dur,component_velocity,stk,pick_up_the_black_bowl_on_the_wooden_cabinet_and_place_it_on_the_plate,250,64.0,59.199999999999996,4.800000000000004
libero_spatial,versus_reference,component_time,stk,reference,stk,pick_up_the_black_bowl_between_the_plate_and_the_ramekin_and_place_it_on_the_plate,250,45.2,56.00000000000001,-10.800000000000004
libero_spatial,versus_reference,component_time,stk,reference,stk,pick_up_the_black_bowl_from_table_center_and_place_it_on_the_plate,250,54.800000000000004,81.2,-26.400000000000002
libero_spatial,versus_reference,component_time,stk,reference,stk,pick_up_the_black_bowl_in_the_top_drawer_of_the_wooden_cabinet_and_place_it_on_the_plate,250,32.0,81.6,-49.599999999999994
libero_spatial,versus_reference,component_time,stk,reference,stk,pick_up_the_black_bowl_next_to_the_cookie_box_and_place_it_on_the_plate,250,45.6,75.6,-30.0
libero_spatial,versus_reference,component_time,stk,reference,stk,pick_up_the_black_bowl_next_to_the_plate_and_place_it_on_the_plate,250,46.400000000000006,54.0,-7.600000000000001
libero_spatial,versus_reference,component_time,stk,reference,stk,pick_up_the_black_bowl_next_to_the_ramekin_and_place_it_on_the_plate,250,69.6,84.8,-15.200000000000003
libero_spatial,versus_reference,component_time,stk,reference,stk,pick_up_the_black_bowl_on_the_cookie_box_and_place_it_on_the_plate,250,59.599999999999994,92.80000000000001,-33.20000000000001
libero_spatial,versus_reference,component_time,stk,reference,stk,pick_up_the_black_bowl_on_the_ramekin_and_place_it_on_the_plate,250,4.3999999999999995,6.0,-1.6
libero_spatial,versus_reference,component_time,stk,reference,stk,pick_up_the_black_bowl_on_the_stove_and_place_it_on_the_plate,250,75.6,91.60000000000001,-16.000000000000004
libero_spatial,versus_reference,component_time,stk,reference,stk,pick_up_the_black_bowl_on_the_wooden_cabinet_and_place_it_on_the_plate,250,49.2,62.8,-13.600000000000001
libero_spatial,design_contrast,component_time,stk,component_velocity,stk,pick_up_the_black_bowl_between_the_plate_and_the_ramekin_and_place_it_on_the_plate,250,45.2,47.599999999999994,-2.399999999999997
libero_spatial,design_contrast,component_time,stk,component_velocity,stk,pick_up_the_black_bowl_from_table_center_and_place_it_on_the_plate,250,54.800000000000004,69.19999999999999,-14.399999999999991
libero_spatial,design_contrast,component_time,stk,component_velocity,stk,pick_up_the_black_bowl_in_the_top_drawer_of_the_wooden_cabinet_and_place_it_on_the_plate,250,32.0,65.2,-33.2
libero_spatial,design_contrast,component_time,stk,component_velocity,stk,pick_up_the_black_bowl_next_to_the_cookie_box_and_place_it_on_the_plate,250,45.6,73.6,-27.999999999999996
libero_spatial,design_contrast,component_time,stk,component_velocity,stk,pick_up_the_black_bowl_next_to_the_plate_and_place_it_on_the_plate,250,46.400000000000006,56.39999999999999,-9.999999999999993
libero_spatial,design_contrast,component_time,stk,component_velocity,stk,pick_up_the_black_bowl_next_to_the_ramekin_and_place_it_on_the_plate,250,69.6,93.2,-23.60000000000001
libero_spatial,design_contrast,component_time,stk,component_velocity,stk,pick_up_the_black_bowl_on_the_cookie_box_and_place_it_on_the_plate,250,59.599999999999994,81.6,-21.999999999999996
libero_spatial,design_contrast,component_time,stk,component_velocity,stk,pick_up_the_black_bowl_on_the_ramekin_and_place_it_on_the_plate,250,4.3999999999999995,0.8,3.5999999999999996
libero_spatial,design_contrast,component_time,stk,component_velocity,stk,pick_up_the_black_bowl_on_the_stove_and_place_it_on_the_plate,250,75.6,89.2,-13.600000000000001
libero_spatial,design_contrast,component_time,stk,component_velocity,stk,pick_up_the_black_bowl_on_the_wooden_cabinet_and_place_it_on_the_plate,250,49.2,59.199999999999996,-9.999999999999998
libero_spatial,combined_timing_change,component_time,stk,gripper,stk,pick_up_the_black_bowl_between_the_plate_and_the_ramekin_and_place_it_on_the_plate,250,45.2,56.8,-11.599999999999994
libero_spatial,combined_timing_change,component_time,stk,gripper,stk,pick_up_the_black_bowl_from_table_center_and_place_it_on_the_plate,250,54.800000000000004,83.2,-28.39999999999999
libero_spatial,combined_timing_change,component_time,stk,gripper,stk,pick_up_the_black_bowl_in_the_top_drawer_of_the_wooden_cabinet_and_place_it_on_the_plate,250,32.0,70.39999999999999,-38.4
libero_spatial,combined_timing_change,component_time,stk,gripper,stk,pick_up_the_black_bowl_next_to_the_cookie_box_and_place_it_on_the_plate,250,45.6,77.2,-31.6
libero_spatial,combined_timing_change,component_time,stk,gripper,stk,pick_up_the_black_bowl_next_to_the_plate_and_place_it_on_the_plate,250,46.400000000000006,46.400000000000006,0.0
libero_spatial,combined_timing_change,component_time,stk,gripper,stk,pick_up_the_black_bowl_next_to_the_ramekin_and_place_it_on_the_plate,250,69.6,78.4,-8.800000000000008
libero_spatial,combined_timing_change,component_time,stk,gripper,stk,pick_up_the_black_bowl_on_the_cookie_box_and_place_it_on_the_plate,250,59.599999999999994,89.2,-29.600000000000005
libero_spatial,combined_timing_change,component_time,stk,gripper,stk,pick_up_the_black_bowl_on_the_ramekin_and_place_it_on_the_plate,250,4.3999999999999995,2.4,1.9999999999999998
libero_spatial,combined_timing_change,component_time,stk,gripper,stk,pick_up_the_black_bowl_on_the_stove_and_place_it_on_the_plate,250,75.6,92.0,-16.400000000000002
libero_spatial,combined_timing_change,component_time,stk,gripper,stk,pick_up_the_black_bowl_on_the_wooden_cabinet_and_place_it_on_the_plate,250,49.2,63.6,-14.400000000000002
libero_spatial,versus_reference,x_yz,stk,reference,stk,pick_up_the_black_bowl_between_the_plate_and_the_ramekin_and_place_it_on_the_plate,250,52.400000000000006,56.00000000000001,-3.600000000000003
libero_spatial,versus_reference,x_yz,stk,reference,stk,pick_up_the_black_bowl_from_table_center_and_place_it_on_the_plate,250,74.4,81.2,-6.800000000000006
libero_spatial,versus_reference,x_yz,stk,reference,stk,pick_up_the_black_bowl_in_the_top_drawer_of_the_wooden_cabinet_and_place_it_on_the_plate,250,64.0,81.6,-17.599999999999994
libero_spatial,versus_reference,x_yz,stk,reference,stk,pick_up_the_black_bowl_next_to_the_cookie_box_and_place_it_on_the_plate,250,73.2,75.6,-2.400000000000002
libero_spatial,versus_reference,x_yz,stk,reference,stk,pick_up_the_black_bowl_next_to_the_plate_and_place_it_on_the_plate,250,52.400000000000006,54.0,-1.6000000000000014
libero_spatial,versus_reference,x_yz,stk,reference,stk,pick_up_the_black_bowl_next_to_the_ramekin_and_place_it_on_the_plate,250,71.2,84.8,-13.600000000000001
libero_spatial,versus_reference,x_yz,stk,reference,stk,pick_up_the_black_bowl_on_the_cookie_box_and_place_it_on_the_plate,250,92.0,92.80000000000001,-0.8000000000000007
libero_spatial,versus_reference,x_yz,stk,reference,stk,pick_up_the_black_bowl_on_the_ramekin_and_place_it_on_the_plate,250,12.0,6.0,6.0
libero_spatial,versus_reference,x_yz,stk,reference,stk,pick_up_the_black_bowl_on_the_stove_and_place_it_on_the_plate,250,67.2,91.60000000000001,-24.4
libero_spatial,versus_reference,x_yz,stk,reference,stk,pick_up_the_black_bowl_on_the_wooden_cabinet_and_place_it_on_the_plate,250,64.8,62.8,2.0000000000000018
libero_spatial,design_contrast,x_yz,stk,gripper,stk,pick_up_the_black_bowl_between_the_plate_and_the_ramekin_and_place_it_on_the_plate,250,52.400000000000006,56.8,-4.399999999999993
libero_spatial,design_contrast,x_yz,stk,gripper,stk,pick_up_the_black_bowl_from_table_center_and_place_it_on_the_plate,250,74.4,83.2,-8.799999999999997
libero_spatial,design_contrast,x_yz,stk,gripper,stk,pick_up_the_black_bowl_in_the_top_drawer_of_the_wooden_cabinet_and_place_it_on_the_plate,250,64.0,70.39999999999999,-6.399999999999995
libero_spatial,design_contrast,x_yz,stk,gripper,stk,pick_up_the_black_bowl_next_to_the_cookie_box_and_place_it_on_the_plate,250,73.2,77.2,-4.0000000000000036
libero_spatial,design_contrast,x_yz,stk,gripper,stk,pick_up_the_black_bowl_next_to_the_plate_and_place_it_on_the_plate,250,52.400000000000006,46.400000000000006,6.0
libero_spatial,design_contrast,x_yz,stk,gripper,stk,pick_up_the_black_bowl_next_to_the_ramekin_and_place_it_on_the_plate,250,71.2,78.4,-7.200000000000006
libero_spatial,design_contrast,x_yz,stk,gripper,stk,pick_up_the_black_bowl_on_the_cookie_box_and_place_it_on_the_plate,250,92.0,89.2,2.8000000000000025
libero_spatial,design_contrast,x_yz,stk,gripper,stk,pick_up_the_black_bowl_on_the_ramekin_and_place_it_on_the_plate,250,12.0,2.4,9.6
libero_spatial,design_contrast,x_yz,stk,gripper,stk,pick_up_the_black_bowl_on_the_stove_and_place_it_on_the_plate,250,67.2,92.0,-24.8
libero_spatial,design_contrast,x_yz,stk,gripper,stk,pick_up_the_black_bowl_on_the_wooden_cabinet_and_place_it_on_the_plate,250,64.8,63.6,1.200000000000001
libero_spatial,versus_reference,x_yz,dur,reference,dur,pick_up_the_black_bowl_between_the_plate_and_the_ramekin_and_place_it_on_the_plate,250,38.800000000000004,61.6,-22.799999999999997
libero_spatial,versus_reference,x_yz,dur,reference,dur,pick_up_the_black_bowl_from_table_center_and_place_it_on_the_plate,250,80.80000000000001,82.39999999999999,-1.5999999999999903
libero_spatial,versus_reference,x_yz,dur,reference,dur,pick_up_the_black_bowl_in_the_top_drawer_of_the_wooden_cabinet_and_place_it_on_the_plate,250,78.8,74.0,4.800000000000004
libero_spatial,versus_reference,x_yz,dur,reference,dur,pick_up_the_black_bowl_next_to_the_cookie_box_and_place_it_on_the_plate,250,74.4,84.39999999999999,-9.999999999999998
libero_spatial,versus_reference,x_yz,dur,reference,dur,pick_up_the_black_bowl_next_to_the_plate_and_place_it_on_the_plate,250,62.0,58.4,3.600000000000003
libero_spatial,versus_reference,x_yz,dur,reference,dur,pick_up_the_black_bowl_next_to_the_ramekin_and_place_it_on_the_plate,250,70.8,78.8,-8.000000000000007
libero_spatial,versus_reference,x_yz,dur,reference,dur,pick_up_the_black_bowl_on_the_cookie_box_and_place_it_on_the_plate,250,95.6,87.2,8.399999999999997
libero_spatial,versus_reference,x_yz,dur,reference,dur,pick_up_the_black_bowl_on_the_ramekin_and_place_it_on_the_plate,250,0.8,3.5999999999999996,-2.8
libero_spatial,versus_reference,x_yz,dur,reference,dur,pick_up_the_black_bowl_on_the_stove_and_place_it_on_the_plate,250,92.80000000000001,96.0,-3.1999999999999917
libero_spatial,versus_reference,x_yz,dur,reference,dur,pick_up_the_black_bowl_on_the_wooden_cabinet_and_place_it_on_the_plate,250,67.60000000000001,68.4,-0.8000000000000007
libero_spatial,design_contrast,x_yz,dur,gripper,dur,pick_up_the_black_bowl_between_the_plate_and_the_ramekin_and_place_it_on_the_plate,250,38.800000000000004,49.6,-10.799999999999999
libero_spatial,design_contrast,x_yz,dur,gripper,dur,pick_up_the_black_bowl_from_table_center_and_place_it_on_the_plate,250,80.80000000000001,82.0,-1.19999999999999
libero_spatial,design_contrast,x_yz,dur,gripper,dur,pick_up_the_black_bowl_in_the_top_drawer_of_the_wooden_cabinet_and_place_it_on_the_plate,250,78.8,73.6,5.200000000000005
libero_spatial,design_contrast,x_yz,dur,gripper,dur,pick_up_the_black_bowl_next_to_the_cookie_box_and_place_it_on_the_plate,250,74.4,80.0,-5.600000000000005
libero_spatial,design_contrast,x_yz,dur,gripper,dur,pick_up_the_black_bowl_next_to_the_plate_and_place_it_on_the_plate,250,62.0,61.199999999999996,0.8000000000000007
libero_spatial,design_contrast,x_yz,dur,gripper,dur,pick_up_the_black_bowl_next_to_the_ramekin_and_place_it_on_the_plate,250,70.8,75.2,-4.400000000000004
libero_spatial,design_contrast,x_yz,dur,gripper,dur,pick_up_the_black_bowl_on_the_cookie_box_and_place_it_on_the_plate,250,95.6,88.0,7.599999999999996
libero_spatial,design_contrast,x_yz,dur,gripper,dur,pick_up_the_black_bowl_on_the_ramekin_and_place_it_on_the_plate,250,0.8,1.6,-0.8
libero_spatial,design_contrast,x_yz,dur,gripper,dur,pick_up_the_black_bowl_on_the_stove_and_place_it_on_the_plate,250,92.80000000000001,97.2,-4.399999999999993
libero_spatial,design_contrast,x_yz,dur,gripper,dur,pick_up_the_black_bowl_on_the_wooden_cabinet_and_place_it_on_the_plate,250,67.60000000000001,62.0,5.600000000000005
libero_spatial,duration_vs_stk,x_yz,dur,x_yz,stk,pick_up_the_black_bowl_between_the_plate_and_the_ramekin_and_place_it_on_the_plate,250,38.800000000000004,52.400000000000006,-13.600000000000001
libero_spatial,duration_vs_stk,x_yz,dur,x_yz,stk,pick_up_the_black_bowl_from_table_center_and_place_it_on_the_plate,250,80.80000000000001,74.4,6.400000000000006
libero_spatial,duration_vs_stk,x_yz,dur,x_yz,stk,pick_up_the_black_bowl_in_the_top_drawer_of_the_wooden_cabinet_and_place_it_on_the_plate,250,78.8,64.0,14.800000000000002
libero_spatial,duration_vs_stk,x_yz,dur,x_yz,stk,pick_up_the_black_bowl_next_to_the_cookie_box_and_place_it_on_the_plate,250,74.4,73.2,1.200000000000001
libero_spatial,duration_vs_stk,x_yz,dur,x_yz,stk,pick_up_the_black_bowl_next_to_the_plate_and_place_it_on_the_plate,250,62.0,52.400000000000006,9.599999999999998
libero_spatial,duration_vs_stk,x_yz,dur,x_yz,stk,pick_up_the_black_bowl_next_to_the_ramekin_and_place_it_on_the_plate,250,70.8,71.2,-0.40000000000000036
libero_spatial,duration_vs_stk,x_yz,dur,x_yz,stk,pick_up_the_black_bowl_on_the_cookie_box_and_place_it_on_the_plate,250,95.6,92.0,3.599999999999992
libero_spatial,duration_vs_stk,x_yz,dur,x_yz,stk,pick_up_the_black_bowl_on_the_ramekin_and_place_it_on_the_plate,250,0.8,12.0,-11.2
libero_spatial,duration_vs_stk,x_yz,dur,x_yz,stk,pick_up_the_black_bowl_on_the_stove_and_place_it_on_the_plate,250,92.80000000000001,67.2,25.6
libero_spatial,duration_vs_stk,x_yz,dur,x_yz,stk,pick_up_the_black_bowl_on_the_wooden_cabinet_and_place_it_on_the_plate,250,67.60000000000001,64.8,2.8000000000000025
libero_spatial,versus_reference,y_xz,stk,reference,stk,pick_up_the_black_bowl_between_the_plate_and_the_ramekin_and_place_it_on_the_plate,250,53.2,56.00000000000001,-2.8000000000000025
libero_spatial,versus_reference,y_xz,stk,reference,stk,pick_up_the_black_bowl_from_table_center_and_place_it_on_the_plate,250,74.8,81.2,-6.400000000000006
libero_spatial,versus_reference,y_xz,stk,reference,stk,pick_up_the_black_bowl_in_the_top_drawer_of_the_wooden_cabinet_and_place_it_on_the_plate,250,49.6,81.6,-31.999999999999996
libero_spatial,versus_reference,y_xz,stk,reference,stk,pick_up_the_black_bowl_next_to_the_cookie_box_and_place_it_on_the_plate,250,45.6,75.6,-30.0
libero_spatial,versus_reference,y_xz,stk,reference,stk,pick_up_the_black_bowl_next_to_the_plate_and_place_it_on_the_plate,250,45.6,54.0,-8.400000000000002
libero_spatial,versus_reference,y_xz,stk,reference,stk,pick_up_the_black_bowl_next_to_the_ramekin_and_place_it_on_the_plate,250,86.4,84.8,1.6000000000000014
libero_spatial,versus_reference,y_xz,stk,reference,stk,pick_up_the_black_bowl_on_the_cookie_box_and_place_it_on_the_plate,250,73.6,92.80000000000001,-19.200000000000006
libero_spatial,versus_reference,y_xz,stk,reference,stk,pick_up_the_black_bowl_on_the_ramekin_and_place_it_on_the_plate,250,4.3999999999999995,6.0,-1.6
libero_spatial,versus_reference,y_xz,stk,reference,stk,pick_up_the_black_bowl_on_the_stove_and_place_it_on_the_plate,250,88.8,91.60000000000001,-2.8000000000000025
libero_spatial,versus_reference,y_xz,stk,reference,stk,pick_up_the_black_bowl_on_the_wooden_cabinet_and_place_it_on_the_plate,250,51.6,62.8,-11.2
libero_spatial,design_contrast,y_xz,stk,gripper,stk,pick_up_the_black_bowl_between_the_plate_and_the_ramekin_and_place_it_on_the_plate,250,53.2,56.8,-3.599999999999992
libero_spatial,design_contrast,y_xz,stk,gripper,stk,pick_up_the_black_bowl_from_table_center_and_place_it_on_the_plate,250,74.8,83.2,-8.399999999999997
libero_spatial,design_contrast,y_xz,stk,gripper,stk,pick_up_the_black_bowl_in_the_top_drawer_of_the_wooden_cabinet_and_place_it_on_the_plate,250,49.6,70.39999999999999,-20.799999999999997
libero_spatial,design_contrast,y_xz,stk,gripper,stk,pick_up_the_black_bowl_next_to_the_cookie_box_and_place_it_on_the_plate,250,45.6,77.2,-31.6
libero_spatial,design_contrast,y_xz,stk,gripper,stk,pick_up_the_black_bowl_next_to_the_plate_and_place_it_on_the_plate,250,45.6,46.400000000000006,-0.8000000000000007
libero_spatial,design_contrast,y_xz,stk,gripper,stk,pick_up_the_black_bowl_next_to_the_ramekin_and_place_it_on_the_plate,250,86.4,78.4,7.9999999999999964
libero_spatial,design_contrast,y_xz,stk,gripper,stk,pick_up_the_black_bowl_on_the_cookie_box_and_place_it_on_the_plate,250,73.6,89.2,-15.600000000000003
libero_spatial,design_contrast,y_xz,stk,gripper,stk,pick_up_the_black_bowl_on_the_ramekin_and_place_it_on_the_plate,250,4.3999999999999995,2.4,1.9999999999999998
libero_spatial,design_contrast,y_xz,stk,gripper,stk,pick_up_the_black_bowl_on_the_stove_and_place_it_on_the_plate,250,88.8,92.0,-3.200000000000003
libero_spatial,design_contrast,y_xz,stk,gripper,stk,pick_up_the_black_bowl_on_the_wooden_cabinet_and_place_it_on_the_plate,250,51.6,63.6,-12.0
libero_spatial,versus_reference,y_xz,dur,reference,dur,pick_up_the_black_bowl_between_the_plate_and_the_ramekin_and_place_it_on_the_plate,250,52.800000000000004,61.6,-8.799999999999997
libero_spatial,versus_reference,y_xz,dur,reference,dur,pick_up_the_black_bowl_from_table_center_and_place_it_on_the_plate,250,77.2,82.39999999999999,-5.199999999999994
libero_spatial,versus_reference,y_xz,dur,reference,dur,pick_up_the_black_bowl_in_the_top_drawer_of_the_wooden_cabinet_and_place_it_on_the_plate,250,59.599999999999994,74.0,-14.400000000000002
libero_spatial,versus_reference,y_xz,dur,reference,dur,pick_up_the_black_bowl_next_to_the_cookie_box_and_place_it_on_the_plate,250,73.6,84.39999999999999,-10.799999999999999
libero_spatial,versus_reference,y_xz,dur,reference,dur,pick_up_the_black_bowl_next_to_the_plate_and_place_it_on_the_plate,250,56.8,58.4,-1.6000000000000014
libero_spatial,versus_reference,y_xz,dur,reference,dur,pick_up_the_black_bowl_next_to_the_ramekin_and_place_it_on_the_plate,250,68.4,78.8,-10.399999999999999
libero_spatial,versus_reference,y_xz,dur,reference,dur,pick_up_the_black_bowl_on_the_cookie_box_and_place_it_on_the_plate,250,90.8,87.2,3.600000000000003
libero_spatial,versus_reference,y_xz,dur,reference,dur,pick_up_the_black_bowl_on_the_ramekin_and_place_it_on_the_plate,250,1.6,3.5999999999999996,-1.9999999999999998
libero_spatial,versus_reference,y_xz,dur,reference,dur,pick_up_the_black_bowl_on_the_stove_and_place_it_on_the_plate,250,90.8,96.0,-5.199999999999994
libero_spatial,versus_reference,y_xz,dur,reference,dur,pick_up_the_black_bowl_on_the_wooden_cabinet_and_place_it_on_the_plate,250,67.60000000000001,68.4,-0.8000000000000007
libero_spatial,design_contrast,y_xz,dur,gripper,dur,pick_up_the_black_bowl_between_the_plate_and_the_ramekin_and_place_it_on_the_plate,250,52.800000000000004,49.6,3.200000000000003
libero_spatial,design_contrast,y_xz,dur,gripper,dur,pick_up_the_black_bowl_from_table_center_and_place_it_on_the_plate,250,77.2,82.0,-4.799999999999994
libero_spatial,design_contrast,y_xz,dur,gripper,dur,pick_up_the_black_bowl_in_the_top_drawer_of_the_wooden_cabinet_and_place_it_on_the_plate,250,59.599999999999994,73.6,-14.000000000000002
libero_spatial,design_contrast,y_xz,dur,gripper,dur,pick_up_the_black_bowl_next_to_the_cookie_box_and_place_it_on_the_plate,250,73.6,80.0,-6.400000000000006
libero_spatial,design_contrast,y_xz,dur,gripper,dur,pick_up_the_black_bowl_next_to_the_plate_and_place_it_on_the_plate,250,56.8,61.199999999999996,-4.400000000000004
libero_spatial,design_contrast,y_xz,dur,gripper,dur,pick_up_the_black_bowl_next_to_the_ramekin_and_place_it_on_the_plate,250,68.4,75.2,-6.799999999999995
libero_spatial,design_contrast,y_xz,dur,gripper,dur,pick_up_the_black_bowl_on_the_cookie_box_and_place_it_on_the_plate,250,90.8,88.0,2.8000000000000025
libero_spatial,design_contrast,y_xz,dur,gripper,dur,pick_up_the_black_bowl_on_the_ramekin_and_place_it_on_the_plate,250,1.6,1.6,0.0
libero_spatial,design_contrast,y_xz,dur,gripper,dur,pick_up_the_black_bowl_on_the_stove_and_place_it_on_the_plate,250,90.8,97.2,-6.399999999999995
libero_spatial,design_contrast,y_xz,dur,gripper,dur,pick_up_the_black_bowl_on_the_wooden_cabinet_and_place_it_on_the_plate,250,67.60000000000001,62.0,5.600000000000005
libero_spatial,duration_vs_stk,y_xz,dur,y_xz,stk,pick_up_the_black_bowl_between_the_plate_and_the_ramekin_and_place_it_on_the_plate,250,52.800000000000004,53.2,-0.40000000000000036
libero_spatial,duration_vs_stk,y_xz,dur,y_xz,stk,pick_up_the_black_bowl_from_table_center_and_place_it_on_the_plate,250,77.2,74.8,2.400000000000002
libero_spatial,duration_vs_stk,y_xz,dur,y_xz,stk,pick_up_the_black_bowl_in_the_top_drawer_of_the_wooden_cabinet_and_place_it_on_the_plate,250,59.599999999999994,49.6,9.999999999999998
libero_spatial,duration_vs_stk,y_xz,dur,y_xz,stk,pick_up_the_black_bowl_next_to_the_cookie_box_and_place_it_on_the_plate,250,73.6,45.6,27.999999999999996
libero_spatial,duration_vs_stk,y_xz,dur,y_xz,stk,pick_up_the_black_bowl_next_to_the_plate_and_place_it_on_the_plate,250,56.8,45.6,11.199999999999994
libero_spatial,duration_vs_stk,y_xz,dur,y_xz,stk,pick_up_the_black_bowl_next_to_the_ramekin_and_place_it_on_the_plate,250,68.4,86.4,-17.999999999999993
libero_spatial,duration_vs_stk,y_xz,dur,y_xz,stk,pick_up_the_black_bowl_on_the_cookie_box_and_place_it_on_the_plate,250,90.8,73.6,17.200000000000003
libero_spatial,duration_vs_stk,y_xz,dur,y_xz,stk,pick_up_the_black_bowl_on_the_ramekin_and_place_it_on_the_plate,250,1.6,4.3999999999999995,-2.8
libero_spatial,duration_vs_stk,y_xz,dur,y_xz,stk,pick_up_the_black_bowl_on_the_stove_and_place_it_on_the_plate,250,90.8,88.8,2.0000000000000018
libero_spatial,duration_vs_stk,y_xz,dur,y_xz,stk,pick_up_the_black_bowl_on_the_wooden_cabinet_and_place_it_on_the_plate,250,67.60000000000001,51.6,16.000000000000004
libero_spatial,versus_reference,z_xy,stk,reference,stk,pick_up_the_black_bowl_between_the_plate_and_the_ramekin_and_place_it_on_the_plate,250,48.8,56.00000000000001,-7.200000000000006
libero_spatial,versus_reference,z_xy,stk,reference,stk,pick_up_the_black_bowl_from_table_center_and_place_it_on_the_plate,250,72.8,81.2,-8.400000000000007
libero_spatial,versus_reference,z_xy,stk,reference,stk,pick_up_the_black_bowl_in_the_top_drawer_of_the_wooden_cabinet_and_place_it_on_the_plate,250,52.800000000000004,81.6,-28.799999999999994
libero_spatial,versus_reference,z_xy,stk,reference,stk,pick_up_the_black_bowl_next_to_the_cookie_box_and_place_it_on_the_plate,250,80.80000000000001,75.6,5.200000000000005
libero_spatial,versus_reference,z_xy,stk,reference,stk,pick_up_the_black_bowl_next_to_the_plate_and_place_it_on_the_plate,250,57.99999999999999,54.0,3.9999999999999925
libero_spatial,versus_reference,z_xy,stk,reference,stk,pick_up_the_black_bowl_next_to_the_ramekin_and_place_it_on_the_plate,250,79.2,84.8,-5.599999999999994
libero_spatial,versus_reference,z_xy,stk,reference,stk,pick_up_the_black_bowl_on_the_cookie_box_and_place_it_on_the_plate,250,70.8,92.80000000000001,-22.000000000000007
libero_spatial,versus_reference,z_xy,stk,reference,stk,pick_up_the_black_bowl_on_the_ramekin_and_place_it_on_the_plate,250,12.8,6.0,6.800000000000001
libero_spatial,versus_reference,z_xy,stk,reference,stk,pick_up_the_black_bowl_on_the_stove_and_place_it_on_the_plate,250,93.2,91.60000000000001,1.6000000000000014
libero_spatial,versus_reference,z_xy,stk,reference,stk,pick_up_the_black_bowl_on_the_wooden_cabinet_and_place_it_on_the_plate,250,61.199999999999996,62.8,-1.6000000000000014
libero_spatial,design_contrast,z_xy,stk,gripper,stk,pick_up_the_black_bowl_between_the_plate_and_the_ramekin_and_place_it_on_the_plate,250,48.8,56.8,-7.9999999999999964
libero_spatial,design_contrast,z_xy,stk,gripper,stk,pick_up_the_black_bowl_from_table_center_and_place_it_on_the_plate,250,72.8,83.2,-10.399999999999999
libero_spatial,design_contrast,z_xy,stk,gripper,stk,pick_up_the_black_bowl_in_the_top_drawer_of_the_wooden_cabinet_and_place_it_on_the_plate,250,52.800000000000004,70.39999999999999,-17.599999999999994
libero_spatial,design_contrast,z_xy,stk,gripper,stk,pick_up_the_black_bowl_next_to_the_cookie_box_and_place_it_on_the_plate,250,80.80000000000001,77.2,3.600000000000003
libero_spatial,design_contrast,z_xy,stk,gripper,stk,pick_up_the_black_bowl_next_to_the_plate_and_place_it_on_the_plate,250,57.99999999999999,46.400000000000006,11.599999999999994
libero_spatial,design_contrast,z_xy,stk,gripper,stk,pick_up_the_black_bowl_next_to_the_ramekin_and_place_it_on_the_plate,250,79.2,78.4,0.8000000000000007
libero_spatial,design_contrast,z_xy,stk,gripper,stk,pick_up_the_black_bowl_on_the_cookie_box_and_place_it_on_the_plate,250,70.8,89.2,-18.400000000000006
libero_spatial,design_contrast,z_xy,stk,gripper,stk,pick_up_the_black_bowl_on_the_ramekin_and_place_it_on_the_plate,250,12.8,2.4,10.4
libero_spatial,design_contrast,z_xy,stk,gripper,stk,pick_up_the_black_bowl_on_the_stove_and_place_it_on_the_plate,250,93.2,92.0,1.200000000000001
libero_spatial,design_contrast,z_xy,stk,gripper,stk,pick_up_the_black_bowl_on_the_wooden_cabinet_and_place_it_on_the_plate,250,61.199999999999996,63.6,-2.400000000000002
libero_spatial,versus_reference,z_xy,dur,reference,dur,pick_up_the_black_bowl_between_the_plate_and_the_ramekin_and_place_it_on_the_plate,250,45.6,61.6,-15.999999999999998
libero_spatial,versus_reference,z_xy,dur,reference,dur,pick_up_the_black_bowl_from_table_center_and_place_it_on_the_plate,250,82.0,82.39999999999999,-0.40000000000000036
libero_spatial,versus_reference,z_xy,dur,reference,dur,pick_up_the_black_bowl_in_the_top_drawer_of_the_wooden_cabinet_and_place_it_on_the_plate,250,72.39999999999999,74.0,-1.6000000000000014
libero_spatial,versus_reference,z_xy,dur,reference,dur,pick_up_the_black_bowl_next_to_the_cookie_box_and_place_it_on_the_plate,250,71.2,84.39999999999999,-13.200000000000001
libero_spatial,versus_reference,z_xy,dur,reference,dur,pick_up_the_black_bowl_next_to_the_plate_and_place_it_on_the_plate,250,52.800000000000004,58.4,-5.599999999999994
libero_spatial,versus_reference,z_xy,dur,reference,dur,pick_up_the_black_bowl_next_to_the_ramekin_and_place_it_on_the_plate,250,77.2,78.8,-1.6000000000000014
libero_spatial,versus_reference,z_xy,dur,reference,dur,pick_up_the_black_bowl_on_the_cookie_box_and_place_it_on_the_plate,250,87.2,87.2,0.0
libero_spatial,versus_reference,z_xy,dur,reference,dur,pick_up_the_black_bowl_on_the_ramekin_and_place_it_on_the_plate,250,0.4,3.5999999999999996,-3.2
libero_spatial,versus_reference,z_xy,dur,reference,dur,pick_up_the_black_bowl_on_the_stove_and_place_it_on_the_plate,250,95.6,96.0,-0.40000000000000036
libero_spatial,versus_reference,z_xy,dur,reference,dur,pick_up_the_black_bowl_on_the_wooden_cabinet_and_place_it_on_the_plate,250,71.2,68.4,2.7999999999999914
libero_spatial,design_contrast,z_xy,dur,gripper,dur,pick_up_the_black_bowl_between_the_plate_and_the_ramekin_and_place_it_on_the_plate,250,45.6,49.6,-3.9999999999999982
libero_spatial,design_contrast,z_xy,dur,gripper,dur,pick_up_the_black_bowl_from_table_center_and_place_it_on_the_plate,250,82.0,82.0,0.0
libero_spatial,design_contrast,z_xy,dur,gripper,dur,pick_up_the_black_bowl_in_the_top_drawer_of_the_wooden_cabinet_and_place_it_on_the_plate,250,72.39999999999999,73.6,-1.200000000000001
libero_spatial,design_contrast,z_xy,dur,gripper,dur,pick_up_the_black_bowl_next_to_the_cookie_box_and_place_it_on_the_plate,250,71.2,80.0,-8.800000000000008
libero_spatial,design_contrast,z_xy,dur,gripper,dur,pick_up_the_black_bowl_next_to_the_plate_and_place_it_on_the_plate,250,52.800000000000004,61.199999999999996,-8.399999999999997
libero_spatial,design_contrast,z_xy,dur,gripper,dur,pick_up_the_black_bowl_next_to_the_ramekin_and_place_it_on_the_plate,250,77.2,75.2,2.0000000000000018
libero_spatial,design_contrast,z_xy,dur,gripper,dur,pick_up_the_black_bowl_on_the_cookie_box_and_place_it_on_the_plate,250,87.2,88.0,-0.8000000000000007
libero_spatial,design_contrast,z_xy,dur,gripper,dur,pick_up_the_black_bowl_on_the_ramekin_and_place_it_on_the_plate,250,0.4,1.6,-1.2
libero_spatial,design_contrast,z_xy,dur,gripper,dur,pick_up_the_black_bowl_on_the_stove_and_place_it_on_the_plate,250,95.6,97.2,-1.6000000000000014
libero_spatial,design_contrast,z_xy,dur,gripper,dur,pick_up_the_black_bowl_on_the_wooden_cabinet_and_place_it_on_the_plate,250,71.2,62.0,9.199999999999998
libero_spatial,duration_vs_stk,z_xy,dur,z_xy,stk,pick_up_the_black_bowl_between_the_plate_and_the_ramekin_and_place_it_on_the_plate,250,45.6,48.8,-3.1999999999999975
libero_spatial,duration_vs_stk,z_xy,dur,z_xy,stk,pick_up_the_black_bowl_from_table_center_and_place_it_on_the_plate,250,82.0,72.8,9.199999999999998
libero_spatial,duration_vs_stk,z_xy,dur,z_xy,stk,pick_up_the_black_bowl_in_the_top_drawer_of_the_wooden_cabinet_and_place_it_on_the_plate,250,72.39999999999999,52.800000000000004,19.599999999999994
libero_spatial,duration_vs_stk,z_xy,dur,z_xy,stk,pick_up_the_black_bowl_next_to_the_cookie_box_and_place_it_on_the_plate,250,71.2,80.80000000000001,-9.600000000000009
libero_spatial,duration_vs_stk,z_xy,dur,z_xy,stk,pick_up_the_black_bowl_next_to_the_plate_and_place_it_on_the_plate,250,52.800000000000004,57.99999999999999,-5.199999999999994
libero_spatial,duration_vs_stk,z_xy,dur,z_xy,stk,pick_up_the_black_bowl_next_to_the_ramekin_and_place_it_on_the_plate,250,77.2,79.2,-2.0000000000000018
libero_spatial,duration_vs_stk,z_xy,dur,z_xy,stk,pick_up_the_black_bowl_on_the_cookie_box_and_place_it_on_the_plate,250,87.2,70.8,16.400000000000002
libero_spatial,duration_vs_stk,z_xy,dur,z_xy,stk,pick_up_the_black_bowl_on_the_ramekin_and_place_it_on_the_plate,250,0.4,12.8,-12.4
libero_spatial,duration_vs_stk,z_xy,dur,z_xy,stk,pick_up_the_black_bowl_on_the_stove_and_place_it_on_the_plate,250,95.6,93.2,2.399999999999991
libero_spatial,duration_vs_stk,z_xy,dur,z_xy,stk,pick_up_the_black_bowl_on_the_wooden_cabinet_and_place_it_on_the_plate,250,71.2,61.199999999999996,9.999999999999998
libero_spatial,versus_reference,angular_driver,stk,reference,stk,pick_up_the_black_bowl_between_the_plate_and_the_ramekin_and_place_it_on_the_plate,250,55.60000000000001,56.00000000000001,-0.40000000000000036
libero_spatial,versus_reference,angular_driver,stk,reference,stk,pick_up_the_black_bowl_from_table_center_and_place_it_on_the_plate,250,87.6,81.2,6.399999999999995
libero_spatial,versus_reference,angular_driver,stk,reference,stk,pick_up_the_black_bowl_in_the_top_drawer_of_the_wooden_cabinet_and_place_it_on_the_plate,250,93.2,81.6,11.60000000000001
libero_spatial,versus_reference,angular_driver,stk,reference,stk,pick_up_the_black_bowl_next_to_the_cookie_box_and_place_it_on_the_plate,250,82.0,75.6,6.399999999999995
libero_spatial,versus_reference,angular_driver,stk,reference,stk,pick_up_the_black_bowl_next_to_the_plate_and_place_it_on_the_plate,250,64.4,54.0,10.399999999999999
libero_spatial,versus_reference,angular_driver,stk,reference,stk,pick_up_the_black_bowl_next_to_the_ramekin_and_place_it_on_the_plate,250,84.8,84.8,0.0
libero_spatial,versus_reference,angular_driver,stk,reference,stk,pick_up_the_black_bowl_on_the_cookie_box_and_place_it_on_the_plate,250,92.80000000000001,92.80000000000001,0.0
libero_spatial,versus_reference,angular_driver,stk,reference,stk,pick_up_the_black_bowl_on_the_ramekin_and_place_it_on_the_plate,250,2.0,6.0,-3.9999999999999996
libero_spatial,versus_reference,angular_driver,stk,reference,stk,pick_up_the_black_bowl_on_the_stove_and_place_it_on_the_plate,250,91.60000000000001,91.60000000000001,0.0
libero_spatial,versus_reference,angular_driver,stk,reference,stk,pick_up_the_black_bowl_on_the_wooden_cabinet_and_place_it_on_the_plate,250,67.2,62.8,4.400000000000004
libero_spatial,design_contrast,angular_driver,stk,gripper,stk,pick_up_the_black_bowl_between_the_plate_and_the_ramekin_and_place_it_on_the_plate,250,55.60000000000001,56.8,-1.19999999999999
libero_spatial,design_contrast,angular_driver,stk,gripper,stk,pick_up_the_black_bowl_from_table_center_and_place_it_on_the_plate,250,87.6,83.2,4.400000000000004
libero_spatial,design_contrast,angular_driver,stk,gripper,stk,pick_up_the_black_bowl_in_the_top_drawer_of_the_wooden_cabinet_and_place_it_on_the_plate,250,93.2,70.39999999999999,22.800000000000008
libero_spatial,design_contrast,angular_driver,stk,gripper,stk,pick_up_the_black_bowl_next_to_the_cookie_box_and_place_it_on_the_plate,250,82.0,77.2,4.799999999999994
libero_spatial,design_contrast,angular_driver,stk,gripper,stk,pick_up_the_black_bowl_next_to_the_plate_and_place_it_on_the_plate,250,64.4,46.400000000000006,18.0
libero_spatial,design_contrast,angular_driver,stk,gripper,stk,pick_up_the_black_bowl_next_to_the_ramekin_and_place_it_on_the_plate,250,84.8,78.4,6.399999999999995
libero_spatial,design_contrast,angular_driver,stk,gripper,stk,pick_up_the_black_bowl_on_the_cookie_box_and_place_it_on_the_plate,250,92.80000000000001,89.2,3.600000000000003
libero_spatial,design_contrast,angular_driver,stk,gripper,stk,pick_up_the_black_bowl_on_the_ramekin_and_place_it_on_the_plate,250,2.0,2.4,-0.4
libero_spatial,design_contrast,angular_driver,stk,gripper,stk,pick_up_the_black_bowl_on_the_stove_and_place_it_on_the_plate,250,91.60000000000001,92.0,-0.40000000000000036
libero_spatial,design_contrast,angular_driver,stk,gripper,stk,pick_up_the_black_bowl_on_the_wooden_cabinet_and_place_it_on_the_plate,250,67.2,63.6,3.600000000000003
libero_spatial,versus_reference,angular_driver,dur,reference,dur,pick_up_the_black_bowl_between_the_plate_and_the_ramekin_and_place_it_on_the_plate,250,54.800000000000004,61.6,-6.799999999999995
libero_spatial,versus_reference,angular_driver,dur,reference,dur,pick_up_the_black_bowl_from_table_center_and_place_it_on_the_plate,250,86.8,82.39999999999999,4.400000000000004
libero_spatial,versus_reference,angular_driver,dur,reference,dur,pick_up_the_black_bowl_in_the_top_drawer_of_the_wooden_cabinet_and_place_it_on_the_plate,250,65.2,74.0,-8.799999999999997
libero_spatial,versus_reference,angular_driver,dur,reference,dur,pick_up_the_black_bowl_next_to_the_cookie_box_and_place_it_on_the_plate,250,88.8,84.39999999999999,4.400000000000004
libero_spatial,versus_reference,angular_driver,dur,reference,dur,pick_up_the_black_bowl_next_to_the_plate_and_place_it_on_the_plate,250,59.599999999999994,58.4,1.200000000000001
libero_spatial,versus_reference,angular_driver,dur,reference,dur,pick_up_the_black_bowl_next_to_the_ramekin_and_place_it_on_the_plate,250,82.8,78.8,3.9999999999999925
libero_spatial,versus_reference,angular_driver,dur,reference,dur,pick_up_the_black_bowl_on_the_cookie_box_and_place_it_on_the_plate,250,94.0,87.2,6.799999999999995
libero_spatial,versus_reference,angular_driver,dur,reference,dur,pick_up_the_black_bowl_on_the_ramekin_and_place_it_on_the_plate,250,8.4,3.5999999999999996,4.800000000000001
libero_spatial,versus_reference,angular_driver,dur,reference,dur,pick_up_the_black_bowl_on_the_stove_and_place_it_on_the_plate,250,97.2,96.0,1.200000000000001
libero_spatial,versus_reference,angular_driver,dur,reference,dur,pick_up_the_black_bowl_on_the_wooden_cabinet_and_place_it_on_the_plate,250,80.0,68.4,11.6
libero_spatial,design_contrast,angular_driver,dur,gripper,dur,pick_up_the_black_bowl_between_the_plate_and_the_ramekin_and_place_it_on_the_plate,250,54.800000000000004,49.6,5.200000000000005
libero_spatial,design_contrast,angular_driver,dur,gripper,dur,pick_up_the_black_bowl_from_table_center_and_place_it_on_the_plate,250,86.8,82.0,4.800000000000004
libero_spatial,design_contrast,angular_driver,dur,gripper,dur,pick_up_the_black_bowl_in_the_top_drawer_of_the_wooden_cabinet_and_place_it_on_the_plate,250,65.2,73.6,-8.399999999999997
libero_spatial,design_contrast,angular_driver,dur,gripper,dur,pick_up_the_black_bowl_next_to_the_cookie_box_and_place_it_on_the_plate,250,88.8,80.0,8.799999999999997
libero_spatial,design_contrast,angular_driver,dur,gripper,dur,pick_up_the_black_bowl_next_to_the_plate_and_place_it_on_the_plate,250,59.599999999999994,61.199999999999996,-1.6000000000000014
libero_spatial,design_contrast,angular_driver,dur,gripper,dur,pick_up_the_black_bowl_next_to_the_ramekin_and_place_it_on_the_plate,250,82.8,75.2,7.599999999999996
libero_spatial,design_contrast,angular_driver,dur,gripper,dur,pick_up_the_black_bowl_on_the_cookie_box_and_place_it_on_the_plate,250,94.0,88.0,5.999999999999995
libero_spatial,design_contrast,angular_driver,dur,gripper,dur,pick_up_the_black_bowl_on_the_ramekin_and_place_it_on_the_plate,250,8.4,1.6,6.800000000000001
libero_spatial,design_contrast,angular_driver,dur,gripper,dur,pick_up_the_black_bowl_on_the_stove_and_place_it_on_the_plate,250,97.2,97.2,0.0
libero_spatial,design_contrast,angular_driver,dur,gripper,dur,pick_up_the_black_bowl_on_the_wooden_cabinet_and_place_it_on_the_plate,250,80.0,62.0,18.000000000000004
libero_spatial,duration_vs_stk,angular_driver,dur,angular_driver,stk,pick_up_the_black_bowl_between_the_plate_and_the_ramekin_and_place_it_on_the_plate,250,54.800000000000004,55.60000000000001,-0.8000000000000007
libero_spatial,duration_vs_stk,angular_driver,dur,angular_driver,stk,pick_up_the_black_bowl_from_table_center_and_place_it_on_the_plate,250,86.8,87.6,-0.8000000000000007
libero_spatial,duration_vs_stk,angular_driver,dur,angular_driver,stk,pick_up_the_black_bowl_in_the_top_drawer_of_the_wooden_cabinet_and_place_it_on_the_plate,250,65.2,93.2,-28.000000000000004
libero_spatial,duration_vs_stk,angular_driver,dur,angular_driver,stk,pick_up_the_black_bowl_next_to_the_cookie_box_and_place_it_on_the_plate,250,88.8,82.0,6.800000000000006
libero_spatial,duration_vs_stk,angular_driver,dur,angular_driver,stk,pick_up_the_black_bowl_next_to_the_plate_and_place_it_on_the_plate,250,59.599999999999994,64.4,-4.800000000000004
libero_spatial,duration_vs_stk,angular_driver,dur,angular_driver,stk,pick_up_the_black_bowl_next_to_the_ramekin_and_place_it_on_the_plate,250,82.8,84.8,-2.0000000000000018
libero_spatial,duration_vs_stk,angular_driver,dur,angular_driver,stk,pick_up_the_black_bowl_on_the_cookie_box_and_place_it_on_the_plate,250,94.0,92.80000000000001,1.19999999999999
libero_spatial,duration_vs_stk,angular_driver,dur,angular_driver,stk,pick_up_the_black_bowl_on_the_ramekin_and_place_it_on_the_plate,250,8.4,2.0,6.4
libero_spatial,duration_vs_stk,angular_driver,dur,angular_driver,stk,pick_up_the_black_bowl_on_the_stove_and_place_it_on_the_plate,250,97.2,91.60000000000001,5.599999999999994
libero_spatial,duration_vs_stk,angular_driver,dur,angular_driver,stk,pick_up_the_black_bowl_on_the_wooden_cabinet_and_place_it_on_the_plate,250,80.0,67.2,12.8
libero_spatial,versus_reference,angular_scalar,stk,reference,stk,pick_up_the_black_bowl_between_the_plate_and_the_ramekin_and_place_it_on_the_plate,250,57.199999999999996,56.00000000000001,1.19999999999999
libero_spatial,versus_reference,angular_scalar,stk,reference,stk,pick_up_the_black_bowl_from_table_center_and_place_it_on_the_plate,250,86.0,81.2,4.799999999999994
libero_spatial,versus_reference,angular_scalar,stk,reference,stk,pick_up_the_black_bowl_in_the_top_drawer_of_the_wooden_cabinet_and_place_it_on_the_plate,250,66.4,81.6,-15.199999999999992
libero_spatial,versus_reference,angular_scalar,stk,reference,stk,pick_up_the_black_bowl_next_to_the_cookie_box_and_place_it_on_the_plate,250,88.8,75.6,13.200000000000001
libero_spatial,versus_reference,angular_scalar,stk,reference,stk,pick_up_the_black_bowl_next_to_the_plate_and_place_it_on_the_plate,250,46.0,54.0,-8.000000000000002
libero_spatial,versus_reference,angular_scalar,stk,reference,stk,pick_up_the_black_bowl_next_to_the_ramekin_and_place_it_on_the_plate,250,71.2,84.8,-13.600000000000001
libero_spatial,versus_reference,angular_scalar,stk,reference,stk,pick_up_the_black_bowl_on_the_cookie_box_and_place_it_on_the_plate,250,96.8,92.80000000000001,3.9999999999999925
libero_spatial,versus_reference,angular_scalar,stk,reference,stk,pick_up_the_black_bowl_on_the_ramekin_and_place_it_on_the_plate,250,2.8000000000000003,6.0,-3.2
libero_spatial,versus_reference,angular_scalar,stk,reference,stk,pick_up_the_black_bowl_on_the_stove_and_place_it_on_the_plate,250,92.80000000000001,91.60000000000001,1.200000000000001
libero_spatial,versus_reference,angular_scalar,stk,reference,stk,pick_up_the_black_bowl_on_the_wooden_cabinet_and_place_it_on_the_plate,250,76.4,62.8,13.600000000000001
libero_spatial,design_contrast,angular_scalar,stk,angular_driver,stk,pick_up_the_black_bowl_between_the_plate_and_the_ramekin_and_place_it_on_the_plate,250,57.199999999999996,55.60000000000001,1.5999999999999903
libero_spatial,design_contrast,angular_scalar,stk,angular_driver,stk,pick_up_the_black_bowl_from_table_center_and_place_it_on_the_plate,250,86.0,87.6,-1.6000000000000014
libero_spatial,design_contrast,angular_scalar,stk,angular_driver,stk,pick_up_the_black_bowl_in_the_top_drawer_of_the_wooden_cabinet_and_place_it_on_the_plate,250,66.4,93.2,-26.8
libero_spatial,design_contrast,angular_scalar,stk,angular_driver,stk,pick_up_the_black_bowl_next_to_the_cookie_box_and_place_it_on_the_plate,250,88.8,82.0,6.800000000000006
libero_spatial,design_contrast,angular_scalar,stk,angular_driver,stk,pick_up_the_black_bowl_next_to_the_plate_and_place_it_on_the_plate,250,46.0,64.4,-18.4
libero_spatial,design_contrast,angular_scalar,stk,angular_driver,stk,pick_up_the_black_bowl_next_to_the_ramekin_and_place_it_on_the_plate,250,71.2,84.8,-13.600000000000001
libero_spatial,design_contrast,angular_scalar,stk,angular_driver,stk,pick_up_the_black_bowl_on_the_cookie_box_and_place_it_on_the_plate,250,96.8,92.80000000000001,3.9999999999999925
libero_spatial,design_contrast,angular_scalar,stk,angular_driver,stk,pick_up_the_black_bowl_on_the_ramekin_and_place_it_on_the_plate,250,2.8000000000000003,2.0,0.8
libero_spatial,design_contrast,angular_scalar,stk,angular_driver,stk,pick_up_the_black_bowl_on_the_stove_and_place_it_on_the_plate,250,92.80000000000001,91.60000000000001,1.200000000000001
libero_spatial,design_contrast,angular_scalar,stk,angular_driver,stk,pick_up_the_black_bowl_on_the_wooden_cabinet_and_place_it_on_the_plate,250,76.4,67.2,9.199999999999998
libero_spatial,versus_reference,angular_scalar,dur,reference,dur,pick_up_the_black_bowl_between_the_plate_and_the_ramekin_and_place_it_on_the_plate,250,68.4,61.6,6.800000000000006
libero_spatial,versus_reference,angular_scalar,dur,reference,dur,pick_up_the_black_bowl_from_table_center_and_place_it_on_the_plate,250,87.6,82.39999999999999,5.200000000000005
libero_spatial,versus_reference,angular_scalar,dur,reference,dur,pick_up_the_black_bowl_in_the_top_drawer_of_the_wooden_cabinet_and_place_it_on_the_plate,250,54.0,74.0,-19.999999999999996
libero_spatial,versus_reference,angular_scalar,dur,reference,dur,pick_up_the_black_bowl_next_to_the_cookie_box_and_place_it_on_the_plate,250,82.0,84.39999999999999,-2.400000000000002
libero_spatial,versus_reference,angular_scalar,dur,reference,dur,pick_up_the_black_bowl_next_to_the_plate_and_place_it_on_the_plate,250,68.8,58.4,10.399999999999999
libero_spatial,versus_reference,angular_scalar,dur,reference,dur,pick_up_the_black_bowl_next_to_the_ramekin_and_place_it_on_the_plate,250,76.0,78.8,-2.8000000000000025
libero_spatial,versus_reference,angular_scalar,dur,reference,dur,pick_up_the_black_bowl_on_the_cookie_box_and_place_it_on_the_plate,250,92.0,87.2,4.800000000000004
libero_spatial,versus_reference,angular_scalar,dur,reference,dur,pick_up_the_black_bowl_on_the_ramekin_and_place_it_on_the_plate,250,7.6,3.5999999999999996,4.0
libero_spatial,versus_reference,angular_scalar,dur,reference,dur,pick_up_the_black_bowl_on_the_stove_and_place_it_on_the_plate,250,97.2,96.0,1.200000000000001
libero_spatial,versus_reference,angular_scalar,dur,reference,dur,pick_up_the_black_bowl_on_the_wooden_cabinet_and_place_it_on_the_plate,250,70.39999999999999,68.4,1.9999999999999907
libero_spatial,design_contrast,angular_scalar,dur,angular_driver,dur,pick_up_the_black_bowl_between_the_plate_and_the_ramekin_and_place_it_on_the_plate,250,68.4,54.800000000000004,13.600000000000001
libero_spatial,design_contrast,angular_scalar,dur,angular_driver,dur,pick_up_the_black_bowl_from_table_center_and_place_it_on_the_plate,250,87.6,86.8,0.8000000000000007
libero_spatial,design_contrast,angular_scalar,dur,angular_driver,dur,pick_up_the_black_bowl_in_the_top_drawer_of_the_wooden_cabinet_and_place_it_on_the_plate,250,54.0,65.2,-11.2
libero_spatial,design_contrast,angular_scalar,dur,angular_driver,dur,pick_up_the_black_bowl_next_to_the_cookie_box_and_place_it_on_the_plate,250,82.0,88.8,-6.800000000000006
libero_spatial,design_contrast,angular_scalar,dur,angular_driver,dur,pick_up_the_black_bowl_next_to_the_plate_and_place_it_on_the_plate,250,68.8,59.599999999999994,9.199999999999998
libero_spatial,design_contrast,angular_scalar,dur,angular_driver,dur,pick_up_the_black_bowl_next_to_the_ramekin_and_place_it_on_the_plate,250,76.0,82.8,-6.799999999999995
libero_spatial,design_contrast,angular_scalar,dur,angular_driver,dur,pick_up_the_black_bowl_on_the_cookie_box_and_place_it_on_the_plate,250,92.0,94.0,-1.9999999999999907
libero_spatial,design_contrast,angular_scalar,dur,angular_driver,dur,pick_up_the_black_bowl_on_the_ramekin_and_place_it_on_the_plate,250,7.6,8.4,-0.8000000000000007
libero_spatial,design_contrast,angular_scalar,dur,angular_driver,dur,pick_up_the_black_bowl_on_the_stove_and_place_it_on_the_plate,250,97.2,97.2,0.0
libero_spatial,design_contrast,angular_scalar,dur,angular_driver,dur,pick_up_the_black_bowl_on_the_wooden_cabinet_and_place_it_on_the_plate,250,70.39999999999999,80.0,-9.600000000000009
libero_spatial,duration_vs_stk,angular_scalar,dur,angular_scalar,stk,pick_up_the_black_bowl_between_the_plate_and_the_ramekin_and_place_it_on_the_plate,250,68.4,57.199999999999996,11.20000000000001
libero_spatial,duration_vs_stk,angular_scalar,dur,angular_scalar,stk,pick_up_the_black_bowl_from_table_center_and_place_it_on_the_plate,250,87.6,86.0,1.6000000000000014
libero_spatial,duration_vs_stk,angular_scalar,dur,angular_scalar,stk,pick_up_the_black_bowl_in_the_top_drawer_of_the_wooden_cabinet_and_place_it_on_the_plate,250,54.0,66.4,-12.4
libero_spatial,duration_vs_stk,angular_scalar,dur,angular_scalar,stk,pick_up_the_black_bowl_next_to_the_cookie_box_and_place_it_on_the_plate,250,82.0,88.8,-6.800000000000006
libero_spatial,duration_vs_stk,angular_scalar,dur,angular_scalar,stk,pick_up_the_black_bowl_next_to_the_plate_and_place_it_on_the_plate,250,68.8,46.0,22.799999999999994
libero_spatial,duration_vs_stk,angular_scalar,dur,angular_scalar,stk,pick_up_the_black_bowl_next_to_the_ramekin_and_place_it_on_the_plate,250,76.0,71.2,4.800000000000004
libero_spatial,duration_vs_stk,angular_scalar,dur,angular_scalar,stk,pick_up_the_black_bowl_on_the_cookie_box_and_place_it_on_the_plate,250,92.0,96.8,-4.799999999999994
libero_spatial,duration_vs_stk,angular_scalar,dur,angular_scalar,stk,pick_up_the_black_bowl_on_the_ramekin_and_place_it_on_the_plate,250,7.6,2.8000000000000003,4.8
libero_spatial,duration_vs_stk,angular_scalar,dur,angular_scalar,stk,pick_up_the_black_bowl_on_the_stove_and_place_it_on_the_plate,250,97.2,92.80000000000001,4.399999999999993
libero_spatial,duration_vs_stk,angular_scalar,dur,angular_scalar,stk,pick_up_the_black_bowl_on_the_wooden_cabinet_and_place_it_on_the_plate,250,70.39999999999999,76.4,-6.000000000000005
libero_spatial,versus_reference,all_scalar,stk,reference,stk,pick_up_the_black_bowl_between_the_plate_and_the_ramekin_and_place_it_on_the_plate,250,51.6,56.00000000000001,-4.400000000000004
libero_spatial,versus_reference,all_scalar,stk,reference,stk,pick_up_the_black_bowl_from_table_center_and_place_it_on_the_plate,250,68.0,81.2,-13.200000000000001
libero_spatial,versus_reference,all_scalar,stk,reference,stk,pick_up_the_black_bowl_in_the_top_drawer_of_the_wooden_cabinet_and_place_it_on_the_plate,204,25.0,78.92156862745098,-53.92156862745098
libero_spatial,versus_reference,all_scalar,stk,reference,stk,pick_up_the_black_bowl_next_to_the_ramekin_and_place_it_on_the_plate,250,67.60000000000001,84.8,-17.199999999999992
libero_spatial,versus_reference,all_scalar,stk,reference,stk,pick_up_the_black_bowl_on_the_cookie_box_and_place_it_on_the_plate,250,58.4,92.80000000000001,-34.400000000000006
libero_spatial,design_contrast,all_scalar,stk,angular_scalar,stk,pick_up_the_black_bowl_between_the_plate_and_the_ramekin_and_place_it_on_the_plate,250,51.6,57.199999999999996,-5.599999999999994
libero_spatial,design_contrast,all_scalar,stk,angular_scalar,stk,pick_up_the_black_bowl_from_table_center_and_place_it_on_the_plate,250,68.0,86.0,-17.999999999999993
libero_spatial,design_contrast,all_scalar,stk,angular_scalar,stk,pick_up_the_black_bowl_in_the_top_drawer_of_the_wooden_cabinet_and_place_it_on_the_plate,204,25.0,64.2156862745098,-39.21568627450981
libero_spatial,design_contrast,all_scalar,stk,angular_scalar,stk,pick_up_the_black_bowl_next_to_the_ramekin_and_place_it_on_the_plate,250,67.60000000000001,71.2,-3.599999999999992
libero_spatial,design_contrast,all_scalar,stk,angular_scalar,stk,pick_up_the_black_bowl_on_the_cookie_box_and_place_it_on_the_plate,250,58.4,96.8,-38.4
libero_object,duration_vs_stk,reference,dur,reference,stk,pick_up_the_alphabet_soup_and_place_it_in_the_basket,250,26.8,98.4,-71.6
libero_object,duration_vs_stk,reference,dur,reference,stk,pick_up_the_bbq_sauce_and_place_it_in_the_basket,250,0.8,20.0,-19.2
libero_object,duration_vs_stk,reference,dur,reference,stk,pick_up_the_butter_and_place_it_in_the_basket,250,0.0,14.799999999999999,-14.799999999999999
libero_object,duration_vs_stk,reference,dur,reference,stk,pick_up_the_chocolate_pudding_and_place_it_in_the_basket,250,0.4,12.0,-11.6
libero_object,duration_vs_stk,reference,dur,reference,stk,pick_up_the_cream_cheese_and_place_it_in_the_basket,250,1.2,2.8000000000000003,-1.6
libero_object,duration_vs_stk,reference,dur,reference,stk,pick_up_the_ketchup_and_place_it_in_the_basket,250,100.0,97.2,2.8000000000000025
libero_object,duration_vs_stk,reference,dur,reference,stk,pick_up_the_milk_and_place_it_in_the_basket,250,98.0,91.2,6.799999999999995
libero_object,duration_vs_stk,reference,dur,reference,stk,pick_up_the_orange_juice_and_place_it_in_the_basket,250,92.4,93.60000000000001,-1.200000000000001
libero_object,duration_vs_stk,reference,dur,reference,stk,pick_up_the_salad_dressing_and_place_it_in_the_basket,250,100.0,41.6,58.400000000000006
libero_object,duration_vs_stk,reference,dur,reference,stk,pick_up_the_tomato_sauce_and_place_it_in_the_basket,250,0.0,0.0,0.0
libero_object,versus_reference,gripper,stk,reference,stk,pick_up_the_alphabet_soup_and_place_it_in_the_basket,250,68.8,98.4,-29.600000000000005
libero_object,versus_reference,gripper,stk,reference,stk,pick_up_the_bbq_sauce_and_place_it_in_the_basket,250,82.8,20.0,62.79999999999999
libero_object,versus_reference,gripper,stk,reference,stk,pick_up_the_butter_and_place_it_in_the_basket,250,18.0,14.799999999999999,3.2
libero_object,versus_reference,gripper,stk,reference,stk,pick_up_the_chocolate_pudding_and_place_it_in_the_basket,250,7.199999999999999,12.0,-4.8
libero_object,versus_reference,gripper,stk,reference,stk,pick_up_the_cream_cheese_and_place_it_in_the_basket,250,6.800000000000001,2.8000000000000003,4.000000000000001
libero_object,versus_reference,gripper,stk,reference,stk,pick_up_the_ketchup_and_place_it_in_the_basket,250,58.4,97.2,-38.800000000000004
libero_object,versus_reference,gripper,stk,reference,stk,pick_up_the_milk_and_place_it_in_the_basket,250,94.8,91.2,3.599999999999992
libero_object,versus_reference,gripper,stk,reference,stk,pick_up_the_orange_juice_and_place_it_in_the_basket,250,92.80000000000001,93.60000000000001,-0.8000000000000007
libero_object,versus_reference,gripper,stk,reference,stk,pick_up_the_salad_dressing_and_place_it_in_the_basket,250,99.2,41.6,57.60000000000001
libero_object,versus_reference,gripper,stk,reference,stk,pick_up_the_tomato_sauce_and_place_it_in_the_basket,250,13.200000000000001,0.0,13.200000000000001
libero_object,versus_reference,component_time,dur,reference,dur,pick_up_the_alphabet_soup_and_place_it_in_the_basket,250,52.800000000000004,26.8,26.0
libero_object,versus_reference,component_time,dur,reference,dur,pick_up_the_bbq_sauce_and_place_it_in_the_basket,250,80.0,0.8,79.2
libero_object,versus_reference,component_time,dur,reference,dur,pick_up_the_butter_and_place_it_in_the_basket,250,1.2,0.0,1.2
libero_object,versus_reference,component_time,dur,reference,dur,pick_up_the_chocolate_pudding_and_place_it_in_the_basket,250,3.5999999999999996,0.4,3.2
libero_object,versus_reference,component_time,dur,reference,dur,pick_up_the_cream_cheese_and_place_it_in_the_basket,250,4.8,1.2,3.6000000000000005
libero_object,versus_reference,component_time,dur,reference,dur,pick_up_the_ketchup_and_place_it_in_the_basket,250,98.8,100.0,-1.200000000000001
libero_object,versus_reference,component_time,dur,reference,dur,pick_up_the_milk_and_place_it_in_the_basket,250,98.4,98.0,0.40000000000000036
libero_object,versus_reference,component_time,dur,reference,dur,pick_up_the_orange_juice_and_place_it_in_the_basket,250,82.39999999999999,92.4,-10.000000000000009
libero_object,versus_reference,component_time,dur,reference,dur,pick_up_the_salad_dressing_and_place_it_in_the_basket,250,100.0,100.0,0.0
libero_object,versus_reference,component_time,dur,reference,dur,pick_up_the_tomato_sauce_and_place_it_in_the_basket,250,1.6,0.0,1.6
libero_object,design_contrast,component_time,dur,component_velocity,dur,pick_up_the_alphabet_soup_and_place_it_in_the_basket,250,52.800000000000004,56.00000000000001,-3.200000000000003
libero_object,design_contrast,component_time,dur,component_velocity,dur,pick_up_the_bbq_sauce_and_place_it_in_the_basket,250,80.0,86.8,-6.799999999999995
libero_object,design_contrast,component_time,dur,component_velocity,dur,pick_up_the_butter_and_place_it_in_the_basket,250,1.2,0.4,0.8
libero_object,design_contrast,component_time,dur,component_velocity,dur,pick_up_the_chocolate_pudding_and_place_it_in_the_basket,250,3.5999999999999996,2.0,1.5999999999999996
libero_object,design_contrast,component_time,dur,component_velocity,dur,pick_up_the_cream_cheese_and_place_it_in_the_basket,250,4.8,3.5999999999999996,1.2000000000000004
libero_object,design_contrast,component_time,dur,component_velocity,dur,pick_up_the_ketchup_and_place_it_in_the_basket,250,98.8,98.8,0.0
libero_object,design_contrast,component_time,dur,component_velocity,dur,pick_up_the_milk_and_place_it_in_the_basket,250,98.4,100.0,-1.6000000000000014
libero_object,design_contrast,component_time,dur,component_velocity,dur,pick_up_the_orange_juice_and_place_it_in_the_basket,250,82.39999999999999,77.60000000000001,4.799999999999994
libero_object,design_contrast,component_time,dur,component_velocity,dur,pick_up_the_salad_dressing_and_place_it_in_the_basket,250,100.0,99.6,0.40000000000000036
libero_object,design_contrast,component_time,dur,component_velocity,dur,pick_up_the_tomato_sauce_and_place_it_in_the_basket,250,1.6,1.6,0.0
libero_object,combined_timing_change,component_time,dur,gripper,dur,pick_up_the_alphabet_soup_and_place_it_in_the_basket,250,52.800000000000004,70.39999999999999,-17.599999999999994
libero_object,combined_timing_change,component_time,dur,gripper,dur,pick_up_the_bbq_sauce_and_place_it_in_the_basket,250,80.0,87.6,-7.599999999999996
libero_object,combined_timing_change,component_time,dur,gripper,dur,pick_up_the_butter_and_place_it_in_the_basket,250,1.2,27.200000000000003,-26.0
libero_object,combined_timing_change,component_time,dur,gripper,dur,pick_up_the_chocolate_pudding_and_place_it_in_the_basket,250,3.5999999999999996,48.8,-45.2
libero_object,combined_timing_change,component_time,dur,gripper,dur,pick_up_the_cream_cheese_and_place_it_in_the_basket,250,4.8,13.600000000000001,-8.8
libero_object,combined_timing_change,component_time,dur,gripper,dur,pick_up_the_ketchup_and_place_it_in_the_basket,250,98.8,99.2,-0.40000000000000036
libero_object,combined_timing_change,component_time,dur,gripper,dur,pick_up_the_milk_and_place_it_in_the_basket,250,98.4,86.0,12.4
libero_object,combined_timing_change,component_time,dur,gripper,dur,pick_up_the_orange_juice_and_place_it_in_the_basket,250,82.39999999999999,97.6,-15.200000000000003
libero_object,combined_timing_change,component_time,dur,gripper,dur,pick_up_the_salad_dressing_and_place_it_in_the_basket,250,100.0,99.6,0.40000000000000036
libero_object,combined_timing_change,component_time,dur,gripper,dur,pick_up_the_tomato_sauce_and_place_it_in_the_basket,250,1.6,7.199999999999999,-5.6
libero_object,duration_vs_stk,component_time,dur,component_time,stk,pick_up_the_alphabet_soup_and_place_it_in_the_basket,250,52.800000000000004,88.4,-35.6
libero_object,duration_vs_stk,component_time,dur,component_time,stk,pick_up_the_bbq_sauce_and_place_it_in_the_basket,250,80.0,18.8,61.20000000000001
libero_object,duration_vs_stk,component_time,dur,component_time,stk,pick_up_the_butter_and_place_it_in_the_basket,250,1.2,0.8,0.4
libero_object,duration_vs_stk,component_time,dur,component_time,stk,pick_up_the_chocolate_pudding_and_place_it_in_the_basket,250,3.5999999999999996,0.0,3.5999999999999996
libero_object,duration_vs_stk,component_time,dur,component_time,stk,pick_up_the_cream_cheese_and_place_it_in_the_basket,250,4.8,2.4,2.4
libero_object,duration_vs_stk,component_time,dur,component_time,stk,pick_up_the_ketchup_and_place_it_in_the_basket,250,98.8,97.2,1.6000000000000014
libero_object,duration_vs_stk,component_time,dur,component_time,stk,pick_up_the_milk_and_place_it_in_the_basket,250,98.4,90.0,8.399999999999997
libero_object,duration_vs_stk,component_time,dur,component_time,stk,pick_up_the_orange_juice_and_place_it_in_the_basket,250,82.39999999999999,86.0,-3.600000000000003
libero_object,duration_vs_stk,component_time,dur,component_time,stk,pick_up_the_salad_dressing_and_place_it_in_the_basket,250,100.0,55.2,44.8
libero_object,duration_vs_stk,component_time,dur,component_time,stk,pick_up_the_tomato_sauce_and_place_it_in_the_basket,250,1.6,0.0,1.6
libero_object,versus_reference,gripper,dur,reference,dur,pick_up_the_alphabet_soup_and_place_it_in_the_basket,250,70.39999999999999,26.8,43.599999999999994
libero_object,versus_reference,gripper,dur,reference,dur,pick_up_the_bbq_sauce_and_place_it_in_the_basket,250,87.6,0.8,86.8
libero_object,versus_reference,gripper,dur,reference,dur,pick_up_the_butter_and_place_it_in_the_basket,250,27.200000000000003,0.0,27.200000000000003
libero_object,versus_reference,gripper,dur,reference,dur,pick_up_the_chocolate_pudding_and_place_it_in_the_basket,250,48.8,0.4,48.4
libero_object,versus_reference,gripper,dur,reference,dur,pick_up_the_cream_cheese_and_place_it_in_the_basket,250,13.600000000000001,1.2,12.400000000000002
libero_object,versus_reference,gripper,dur,reference,dur,pick_up_the_ketchup_and_place_it_in_the_basket,250,99.2,100.0,-0.8000000000000007
libero_object,versus_reference,gripper,dur,reference,dur,pick_up_the_milk_and_place_it_in_the_basket,250,86.0,98.0,-12.0
libero_object,versus_reference,gripper,dur,reference,dur,pick_up_the_orange_juice_and_place_it_in_the_basket,250,97.6,92.4,5.199999999999994
libero_object,versus_reference,gripper,dur,reference,dur,pick_up_the_salad_dressing_and_place_it_in_the_basket,250,99.6,100.0,-0.40000000000000036
libero_object,versus_reference,gripper,dur,reference,dur,pick_up_the_tomato_sauce_and_place_it_in_the_basket,250,7.199999999999999,0.0,7.199999999999999
libero_object,duration_vs_stk,gripper,dur,gripper,stk,pick_up_the_alphabet_soup_and_place_it_in_the_basket,250,70.39999999999999,68.8,1.6000000000000014
libero_object,duration_vs_stk,gripper,dur,gripper,stk,pick_up_the_bbq_sauce_and_place_it_in_the_basket,250,87.6,82.8,4.800000000000004
libero_object,duration_vs_stk,gripper,dur,gripper,stk,pick_up_the_butter_and_place_it_in_the_basket,250,27.200000000000003,18.0,9.200000000000003
libero_object,duration_vs_stk,gripper,dur,gripper,stk,pick_up_the_chocolate_pudding_and_place_it_in_the_basket,250,48.8,7.199999999999999,41.6
libero_object,duration_vs_stk,gripper,dur,gripper,stk,pick_up_the_cream_cheese_and_place_it_in_the_basket,250,13.600000000000001,6.800000000000001,6.800000000000001
libero_object,duration_vs_stk,gripper,dur,gripper,stk,pick_up_the_ketchup_and_place_it_in_the_basket,250,99.2,58.4,40.800000000000004
libero_object,duration_vs_stk,gripper,dur,gripper,stk,pick_up_the_milk_and_place_it_in_the_basket,250,86.0,94.8,-8.799999999999997
libero_object,duration_vs_stk,gripper,dur,gripper,stk,pick_up_the_orange_juice_and_place_it_in_the_basket,250,97.6,92.80000000000001,4.799999999999994
libero_object,duration_vs_stk,gripper,dur,gripper,stk,pick_up_the_salad_dressing_and_place_it_in_the_basket,250,99.6,99.2,0.40000000000000036
libero_object,duration_vs_stk,gripper,dur,gripper,stk,pick_up_the_tomato_sauce_and_place_it_in_the_basket,250,7.199999999999999,13.200000000000001,-6.000000000000001
libero_object,versus_reference,xyz_scalar,stk,reference,stk,pick_up_the_alphabet_soup_and_place_it_in_the_basket,250,40.0,98.4,-58.4
libero_object,versus_reference,xyz_scalar,stk,reference,stk,pick_up_the_bbq_sauce_and_place_it_in_the_basket,250,9.2,20.0,-10.8
libero_object,versus_reference,xyz_scalar,stk,reference,stk,pick_up_the_butter_and_place_it_in_the_basket,250,0.0,14.799999999999999,-14.799999999999999
libero_object,versus_reference,xyz_scalar,stk,reference,stk,pick_up_the_chocolate_pudding_and_place_it_in_the_basket,250,63.2,12.0,51.2
libero_object,versus_reference,xyz_scalar,stk,reference,stk,pick_up_the_cream_cheese_and_place_it_in_the_basket,250,2.0,2.8000000000000003,-0.8
libero_object,versus_reference,xyz_scalar,stk,reference,stk,pick_up_the_ketchup_and_place_it_in_the_basket,250,67.60000000000001,97.2,-29.599999999999994
libero_object,versus_reference,xyz_scalar,stk,reference,stk,pick_up_the_milk_and_place_it_in_the_basket,250,90.8,91.2,-0.40000000000000036
libero_object,versus_reference,xyz_scalar,stk,reference,stk,pick_up_the_orange_juice_and_place_it_in_the_basket,250,49.6,93.60000000000001,-44.00000000000001
libero_object,versus_reference,xyz_scalar,stk,reference,stk,pick_up_the_salad_dressing_and_place_it_in_the_basket,250,83.6,41.6,42.0
libero_object,versus_reference,xyz_scalar,stk,reference,stk,pick_up_the_tomato_sauce_and_place_it_in_the_basket,250,0.0,0.0,0.0
libero_object,design_contrast,xyz_scalar,stk,gripper,stk,pick_up_the_alphabet_soup_and_place_it_in_the_basket,250,40.0,68.8,-28.799999999999994
libero_object,design_contrast,xyz_scalar,stk,gripper,stk,pick_up_the_bbq_sauce_and_place_it_in_the_basket,250,9.2,82.8,-73.6
libero_object,design_contrast,xyz_scalar,stk,gripper,stk,pick_up_the_butter_and_place_it_in_the_basket,250,0.0,18.0,-18.0
libero_object,design_contrast,xyz_scalar,stk,gripper,stk,pick_up_the_chocolate_pudding_and_place_it_in_the_basket,250,63.2,7.199999999999999,56.00000000000001
libero_object,design_contrast,xyz_scalar,stk,gripper,stk,pick_up_the_cream_cheese_and_place_it_in_the_basket,250,2.0,6.800000000000001,-4.8
libero_object,design_contrast,xyz_scalar,stk,gripper,stk,pick_up_the_ketchup_and_place_it_in_the_basket,250,67.60000000000001,58.4,9.200000000000008
libero_object,design_contrast,xyz_scalar,stk,gripper,stk,pick_up_the_milk_and_place_it_in_the_basket,250,90.8,94.8,-3.9999999999999925
libero_object,design_contrast,xyz_scalar,stk,gripper,stk,pick_up_the_orange_juice_and_place_it_in_the_basket,250,49.6,92.80000000000001,-43.2
libero_object,design_contrast,xyz_scalar,stk,gripper,stk,pick_up_the_salad_dressing_and_place_it_in_the_basket,250,83.6,99.2,-15.600000000000003
libero_object,design_contrast,xyz_scalar,stk,gripper,stk,pick_up_the_tomato_sauce_and_place_it_in_the_basket,250,0.0,13.200000000000001,-13.200000000000001
libero_object,versus_reference,xyz_scalar,dur,reference,dur,pick_up_the_alphabet_soup_and_place_it_in_the_basket,250,88.0,26.8,61.199999999999996
libero_object,versus_reference,xyz_scalar,dur,reference,dur,pick_up_the_bbq_sauce_and_place_it_in_the_basket,250,89.2,0.8,88.4
libero_object,versus_reference,xyz_scalar,dur,reference,dur,pick_up_the_butter_and_place_it_in_the_basket,250,1.6,0.0,1.6
libero_object,versus_reference,xyz_scalar,dur,reference,dur,pick_up_the_chocolate_pudding_and_place_it_in_the_basket,250,0.0,0.4,-0.4
libero_object,versus_reference,xyz_scalar,dur,reference,dur,pick_up_the_cream_cheese_and_place_it_in_the_basket,250,31.2,1.2,30.0
libero_object,versus_reference,xyz_scalar,dur,reference,dur,pick_up_the_ketchup_and_place_it_in_the_basket,250,0.0,100.0,-100.0
libero_object,versus_reference,xyz_scalar,dur,reference,dur,pick_up_the_milk_and_place_it_in_the_basket,250,7.199999999999999,98.0,-90.8
libero_object,versus_reference,xyz_scalar,dur,reference,dur,pick_up_the_orange_juice_and_place_it_in_the_basket,250,96.8,92.4,4.399999999999993
libero_object,versus_reference,xyz_scalar,dur,reference,dur,pick_up_the_salad_dressing_and_place_it_in_the_basket,250,58.4,100.0,-41.6
libero_object,versus_reference,xyz_scalar,dur,reference,dur,pick_up_the_tomato_sauce_and_place_it_in_the_basket,250,86.0,0.0,86.0
libero_object,design_contrast,xyz_scalar,dur,gripper,dur,pick_up_the_alphabet_soup_and_place_it_in_the_basket,250,88.0,70.39999999999999,17.600000000000005
libero_object,design_contrast,xyz_scalar,dur,gripper,dur,pick_up_the_bbq_sauce_and_place_it_in_the_basket,250,89.2,87.6,1.6000000000000014
libero_object,design_contrast,xyz_scalar,dur,gripper,dur,pick_up_the_butter_and_place_it_in_the_basket,250,1.6,27.200000000000003,-25.6
libero_object,design_contrast,xyz_scalar,dur,gripper,dur,pick_up_the_chocolate_pudding_and_place_it_in_the_basket,250,0.0,48.8,-48.8
libero_object,design_contrast,xyz_scalar,dur,gripper,dur,pick_up_the_cream_cheese_and_place_it_in_the_basket,250,31.2,13.600000000000001,17.599999999999998
libero_object,design_contrast,xyz_scalar,dur,gripper,dur,pick_up_the_ketchup_and_place_it_in_the_basket,250,0.0,99.2,-99.2
libero_object,design_contrast,xyz_scalar,dur,gripper,dur,pick_up_the_milk_and_place_it_in_the_basket,250,7.199999999999999,86.0,-78.8
libero_object,design_contrast,xyz_scalar,dur,gripper,dur,pick_up_the_orange_juice_and_place_it_in_the_basket,250,96.8,97.6,-0.8000000000000007
libero_object,design_contrast,xyz_scalar,dur,gripper,dur,pick_up_the_salad_dressing_and_place_it_in_the_basket,250,58.4,99.6,-41.2
libero_object,design_contrast,xyz_scalar,dur,gripper,dur,pick_up_the_tomato_sauce_and_place_it_in_the_basket,250,86.0,7.199999999999999,78.8
libero_object,duration_vs_stk,xyz_scalar,dur,xyz_scalar,stk,pick_up_the_alphabet_soup_and_place_it_in_the_basket,250,88.0,40.0,48.0
libero_object,duration_vs_stk,xyz_scalar,dur,xyz_scalar,stk,pick_up_the_bbq_sauce_and_place_it_in_the_basket,250,89.2,9.2,80.0
libero_object,duration_vs_stk,xyz_scalar,dur,xyz_scalar,stk,pick_up_the_butter_and_place_it_in_the_basket,250,1.6,0.0,1.6
libero_object,duration_vs_stk,xyz_scalar,dur,xyz_scalar,stk,pick_up_the_chocolate_pudding_and_place_it_in_the_basket,250,0.0,63.2,-63.2
libero_object,duration_vs_stk,xyz_scalar,dur,xyz_scalar,stk,pick_up_the_cream_cheese_and_place_it_in_the_basket,250,31.2,2.0,29.2
libero_object,duration_vs_stk,xyz_scalar,dur,xyz_scalar,stk,pick_up_the_ketchup_and_place_it_in_the_basket,250,0.0,67.60000000000001,-67.60000000000001
libero_object,duration_vs_stk,xyz_scalar,dur,xyz_scalar,stk,pick_up_the_milk_and_place_it_in_the_basket,250,7.199999999999999,90.8,-83.60000000000001
libero_object,duration_vs_stk,xyz_scalar,dur,xyz_scalar,stk,pick_up_the_orange_juice_and_place_it_in_the_basket,250,96.8,49.6,47.199999999999996
libero_object,duration_vs_stk,xyz_scalar,dur,xyz_scalar,stk,pick_up_the_salad_dressing_and_place_it_in_the_basket,250,58.4,83.6,-25.2
libero_object,duration_vs_stk,xyz_scalar,dur,xyz_scalar,stk,pick_up_the_tomato_sauce_and_place_it_in_the_basket,250,86.0,0.0,86.0
libero_object,versus_reference,component_velocity,stk,reference,stk,pick_up_the_alphabet_soup_and_place_it_in_the_basket,250,92.80000000000001,98.4,-5.599999999999994
libero_object,versus_reference,component_velocity,stk,reference,stk,pick_up_the_bbq_sauce_and_place_it_in_the_basket,250,16.8,20.0,-3.2
libero_object,versus_reference,component_velocity,stk,reference,stk,pick_up_the_butter_and_place_it_in_the_basket,250,0.0,14.799999999999999,-14.799999999999999
libero_object,versus_reference,component_velocity,stk,reference,stk,pick_up_the_chocolate_pudding_and_place_it_in_the_basket,250,0.0,12.0,-12.0
libero_object,versus_reference,component_velocity,stk,reference,stk,pick_up_the_cream_cheese_and_place_it_in_the_basket,250,0.0,2.8000000000000003,-2.8000000000000003
libero_object,versus_reference,component_velocity,stk,reference,stk,pick_up_the_ketchup_and_place_it_in_the_basket,250,100.0,97.2,2.8000000000000025
libero_object,versus_reference,component_velocity,stk,reference,stk,pick_up_the_milk_and_place_it_in_the_basket,250,94.0,91.2,2.7999999999999914
libero_object,versus_reference,component_velocity,stk,reference,stk,pick_up_the_orange_juice_and_place_it_in_the_basket,250,94.39999999999999,93.60000000000001,0.7999999999999896
libero_object,versus_reference,component_velocity,stk,reference,stk,pick_up_the_salad_dressing_and_place_it_in_the_basket,250,97.6,41.6,56.00000000000001
libero_object,versus_reference,component_velocity,stk,reference,stk,pick_up_the_tomato_sauce_and_place_it_in_the_basket,250,0.0,0.0,0.0
libero_object,design_contrast,component_velocity,stk,gripper,stk,pick_up_the_alphabet_soup_and_place_it_in_the_basket,250,92.80000000000001,68.8,24.00000000000001
libero_object,design_contrast,component_velocity,stk,gripper,stk,pick_up_the_bbq_sauce_and_place_it_in_the_basket,250,16.8,82.8,-65.99999999999999
libero_object,design_contrast,component_velocity,stk,gripper,stk,pick_up_the_butter_and_place_it_in_the_basket,250,0.0,18.0,-18.0
libero_object,design_contrast,component_velocity,stk,gripper,stk,pick_up_the_chocolate_pudding_and_place_it_in_the_basket,250,0.0,7.199999999999999,-7.199999999999999
libero_object,design_contrast,component_velocity,stk,gripper,stk,pick_up_the_cream_cheese_and_place_it_in_the_basket,250,0.0,6.800000000000001,-6.800000000000001
libero_object,design_contrast,component_velocity,stk,gripper,stk,pick_up_the_ketchup_and_place_it_in_the_basket,250,100.0,58.4,41.6
libero_object,design_contrast,component_velocity,stk,gripper,stk,pick_up_the_milk_and_place_it_in_the_basket,250,94.0,94.8,-0.8000000000000007
libero_object,design_contrast,component_velocity,stk,gripper,stk,pick_up_the_orange_juice_and_place_it_in_the_basket,250,94.39999999999999,92.80000000000001,1.5999999999999903
libero_object,design_contrast,component_velocity,stk,gripper,stk,pick_up_the_salad_dressing_and_place_it_in_the_basket,250,97.6,99.2,-1.6000000000000014
libero_object,design_contrast,component_velocity,stk,gripper,stk,pick_up_the_tomato_sauce_and_place_it_in_the_basket,250,0.0,13.200000000000001,-13.200000000000001
libero_object,versus_reference,component_velocity,dur,reference,dur,pick_up_the_alphabet_soup_and_place_it_in_the_basket,250,56.00000000000001,26.8,29.200000000000003
libero_object,versus_reference,component_velocity,dur,reference,dur,pick_up_the_bbq_sauce_and_place_it_in_the_basket,250,86.8,0.8,86.0
libero_object,versus_reference,component_velocity,dur,reference,dur,pick_up_the_butter_and_place_it_in_the_basket,250,0.4,0.0,0.4
libero_object,versus_reference,component_velocity,dur,reference,dur,pick_up_the_chocolate_pudding_and_place_it_in_the_basket,250,2.0,0.4,1.6
libero_object,versus_reference,component_velocity,dur,reference,dur,pick_up_the_cream_cheese_and_place_it_in_the_basket,250,3.5999999999999996,1.2,2.4
libero_object,versus_reference,component_velocity,dur,reference,dur,pick_up_the_ketchup_and_place_it_in_the_basket,250,98.8,100.0,-1.200000000000001
libero_object,versus_reference,component_velocity,dur,reference,dur,pick_up_the_milk_and_place_it_in_the_basket,250,100.0,98.0,2.0000000000000018
libero_object,versus_reference,component_velocity,dur,reference,dur,pick_up_the_orange_juice_and_place_it_in_the_basket,250,77.60000000000001,92.4,-14.800000000000002
libero_object,versus_reference,component_velocity,dur,reference,dur,pick_up_the_salad_dressing_and_place_it_in_the_basket,250,99.6,100.0,-0.40000000000000036
libero_object,versus_reference,component_velocity,dur,reference,dur,pick_up_the_tomato_sauce_and_place_it_in_the_basket,250,1.6,0.0,1.6
libero_object,design_contrast,component_velocity,dur,gripper,dur,pick_up_the_alphabet_soup_and_place_it_in_the_basket,250,56.00000000000001,70.39999999999999,-14.399999999999991
libero_object,design_contrast,component_velocity,dur,gripper,dur,pick_up_the_bbq_sauce_and_place_it_in_the_basket,250,86.8,87.6,-0.8000000000000007
libero_object,design_contrast,component_velocity,dur,gripper,dur,pick_up_the_butter_and_place_it_in_the_basket,250,0.4,27.200000000000003,-26.8
libero_object,design_contrast,component_velocity,dur,gripper,dur,pick_up_the_chocolate_pudding_and_place_it_in_the_basket,250,2.0,48.8,-46.8
libero_object,design_contrast,component_velocity,dur,gripper,dur,pick_up_the_cream_cheese_and_place_it_in_the_basket,250,3.5999999999999996,13.600000000000001,-10.0
libero_object,design_contrast,component_velocity,dur,gripper,dur,pick_up_the_ketchup_and_place_it_in_the_basket,250,98.8,99.2,-0.40000000000000036
libero_object,design_contrast,component_velocity,dur,gripper,dur,pick_up_the_milk_and_place_it_in_the_basket,250,100.0,86.0,14.000000000000002
libero_object,design_contrast,component_velocity,dur,gripper,dur,pick_up_the_orange_juice_and_place_it_in_the_basket,250,77.60000000000001,97.6,-19.999999999999996
libero_object,design_contrast,component_velocity,dur,gripper,dur,pick_up_the_salad_dressing_and_place_it_in_the_basket,250,99.6,99.6,0.0
libero_object,design_contrast,component_velocity,dur,gripper,dur,pick_up_the_tomato_sauce_and_place_it_in_the_basket,250,1.6,7.199999999999999,-5.6
libero_object,duration_vs_stk,component_velocity,dur,component_velocity,stk,pick_up_the_alphabet_soup_and_place_it_in_the_basket,250,56.00000000000001,92.80000000000001,-36.8
libero_object,duration_vs_stk,component_velocity,dur,component_velocity,stk,pick_up_the_bbq_sauce_and_place_it_in_the_basket,250,86.8,16.8,70.0
libero_object,duration_vs_stk,component_velocity,dur,component_velocity,stk,pick_up_the_butter_and_place_it_in_the_basket,250,0.4,0.0,0.4
libero_object,duration_vs_stk,component_velocity,dur,component_velocity,stk,pick_up_the_chocolate_pudding_and_place_it_in_the_basket,250,2.0,0.0,2.0
libero_object,duration_vs_stk,component_velocity,dur,component_velocity,stk,pick_up_the_cream_cheese_and_place_it_in_the_basket,250,3.5999999999999996,0.0,3.5999999999999996
libero_object,duration_vs_stk,component_velocity,dur,component_velocity,stk,pick_up_the_ketchup_and_place_it_in_the_basket,250,98.8,100.0,-1.200000000000001
libero_object,duration_vs_stk,component_velocity,dur,component_velocity,stk,pick_up_the_milk_and_place_it_in_the_basket,250,100.0,94.0,6.000000000000005
libero_object,duration_vs_stk,component_velocity,dur,component_velocity,stk,pick_up_the_orange_juice_and_place_it_in_the_basket,250,77.60000000000001,94.39999999999999,-16.799999999999994
libero_object,duration_vs_stk,component_velocity,dur,component_velocity,stk,pick_up_the_salad_dressing_and_place_it_in_the_basket,250,99.6,97.6,2.0000000000000018
libero_object,duration_vs_stk,component_velocity,dur,component_velocity,stk,pick_up_the_tomato_sauce_and_place_it_in_the_basket,250,1.6,0.0,1.6
libero_object,versus_reference,component_time,stk,reference,stk,pick_up_the_alphabet_soup_and_place_it_in_the_basket,250,88.4,98.4,-9.999999999999998
libero_object,versus_reference,component_time,stk,reference,stk,pick_up_the_bbq_sauce_and_place_it_in_the_basket,250,18.8,20.0,-1.200000000000001
libero_object,versus_reference,component_time,stk,reference,stk,pick_up_the_butter_and_place_it_in_the_basket,250,0.8,14.799999999999999,-13.999999999999998
libero_object,versus_reference,component_time,stk,reference,stk,pick_up_the_chocolate_pudding_and_place_it_in_the_basket,250,0.0,12.0,-12.0
libero_object,versus_reference,component_time,stk,reference,stk,pick_up_the_cream_cheese_and_place_it_in_the_basket,250,2.4,2.8000000000000003,-0.4
libero_object,versus_reference,component_time,stk,reference,stk,pick_up_the_ketchup_and_place_it_in_the_basket,250,97.2,97.2,0.0
libero_object,versus_reference,component_time,stk,reference,stk,pick_up_the_milk_and_place_it_in_the_basket,250,90.0,91.2,-1.200000000000001
libero_object,versus_reference,component_time,stk,reference,stk,pick_up_the_orange_juice_and_place_it_in_the_basket,250,86.0,93.60000000000001,-7.600000000000007
libero_object,versus_reference,component_time,stk,reference,stk,pick_up_the_salad_dressing_and_place_it_in_the_basket,250,55.2,41.6,13.600000000000007
libero_object,versus_reference,component_time,stk,reference,stk,pick_up_the_tomato_sauce_and_place_it_in_the_basket,250,0.0,0.0,0.0
libero_object,design_contrast,component_time,stk,component_velocity,stk,pick_up_the_alphabet_soup_and_place_it_in_the_basket,250,88.4,92.80000000000001,-4.400000000000004
libero_object,design_contrast,component_time,stk,component_velocity,stk,pick_up_the_bbq_sauce_and_place_it_in_the_basket,250,18.8,16.8,1.9999999999999991
libero_object,design_contrast,component_time,stk,component_velocity,stk,pick_up_the_butter_and_place_it_in_the_basket,250,0.8,0.0,0.8
libero_object,design_contrast,component_time,stk,component_velocity,stk,pick_up_the_chocolate_pudding_and_place_it_in_the_basket,250,0.0,0.0,0.0
libero_object,design_contrast,component_time,stk,component_velocity,stk,pick_up_the_cream_cheese_and_place_it_in_the_basket,250,2.4,0.0,2.4
libero_object,design_contrast,component_time,stk,component_velocity,stk,pick_up_the_ketchup_and_place_it_in_the_basket,250,97.2,100.0,-2.8000000000000025
libero_object,design_contrast,component_time,stk,component_velocity,stk,pick_up_the_milk_and_place_it_in_the_basket,250,90.0,94.0,-3.9999999999999925
libero_object,design_contrast,component_time,stk,component_velocity,stk,pick_up_the_orange_juice_and_place_it_in_the_basket,250,86.0,94.39999999999999,-8.399999999999997
libero_object,design_contrast,component_time,stk,component_velocity,stk,pick_up_the_salad_dressing_and_place_it_in_the_basket,250,55.2,97.6,-42.39999999999999
libero_object,design_contrast,component_time,stk,component_velocity,stk,pick_up_the_tomato_sauce_and_place_it_in_the_basket,250,0.0,0.0,0.0
libero_object,combined_timing_change,component_time,stk,gripper,stk,pick_up_the_alphabet_soup_and_place_it_in_the_basket,250,88.4,68.8,19.600000000000005
libero_object,combined_timing_change,component_time,stk,gripper,stk,pick_up_the_bbq_sauce_and_place_it_in_the_basket,250,18.8,82.8,-63.99999999999999
libero_object,combined_timing_change,component_time,stk,gripper,stk,pick_up_the_butter_and_place_it_in_the_basket,250,0.8,18.0,-17.2
libero_object,combined_timing_change,component_time,stk,gripper,stk,pick_up_the_chocolate_pudding_and_place_it_in_the_basket,250,0.0,7.199999999999999,-7.199999999999999
libero_object,combined_timing_change,component_time,stk,gripper,stk,pick_up_the_cream_cheese_and_place_it_in_the_basket,250,2.4,6.800000000000001,-4.4
libero_object,combined_timing_change,component_time,stk,gripper,stk,pick_up_the_ketchup_and_place_it_in_the_basket,250,97.2,58.4,38.800000000000004
libero_object,combined_timing_change,component_time,stk,gripper,stk,pick_up_the_milk_and_place_it_in_the_basket,250,90.0,94.8,-4.799999999999994
libero_object,combined_timing_change,component_time,stk,gripper,stk,pick_up_the_orange_juice_and_place_it_in_the_basket,250,86.0,92.80000000000001,-6.800000000000006
libero_object,combined_timing_change,component_time,stk,gripper,stk,pick_up_the_salad_dressing_and_place_it_in_the_basket,250,55.2,99.2,-43.99999999999999
libero_object,combined_timing_change,component_time,stk,gripper,stk,pick_up_the_tomato_sauce_and_place_it_in_the_basket,250,0.0,13.200000000000001,-13.200000000000001
libero_object,versus_reference,x_yz,stk,reference,stk,pick_up_the_alphabet_soup_and_place_it_in_the_basket,250,24.8,98.4,-73.6
libero_object,versus_reference,x_yz,stk,reference,stk,pick_up_the_bbq_sauce_and_place_it_in_the_basket,250,50.0,20.0,30.0
libero_object,versus_reference,x_yz,stk,reference,stk,pick_up_the_butter_and_place_it_in_the_basket,250,0.0,14.799999999999999,-14.799999999999999
libero_object,versus_reference,x_yz,stk,reference,stk,pick_up_the_chocolate_pudding_and_place_it_in_the_basket,250,5.2,12.0,-6.800000000000001
libero_object,versus_reference,x_yz,stk,reference,stk,pick_up_the_cream_cheese_and_place_it_in_the_basket,250,0.0,2.8000000000000003,-2.8000000000000003
libero_object,versus_reference,x_yz,stk,reference,stk,pick_up_the_ketchup_and_place_it_in_the_basket,250,99.2,97.2,2.0000000000000018
libero_object,versus_reference,x_yz,stk,reference,stk,pick_up_the_milk_and_place_it_in_the_basket,250,84.0,91.2,-7.200000000000006
libero_object,versus_reference,x_yz,stk,reference,stk,pick_up_the_orange_juice_and_place_it_in_the_basket,250,91.60000000000001,93.60000000000001,-2.0000000000000018
libero_object,versus_reference,x_yz,stk,reference,stk,pick_up_the_salad_dressing_and_place_it_in_the_basket,250,94.39999999999999,41.6,52.800000000000004
libero_object,versus_reference,x_yz,stk,reference,stk,pick_up_the_tomato_sauce_and_place_it_in_the_basket,250,0.0,0.0,0.0
libero_object,design_contrast,x_yz,stk,gripper,stk,pick_up_the_alphabet_soup_and_place_it_in_the_basket,250,24.8,68.8,-43.99999999999999
libero_object,design_contrast,x_yz,stk,gripper,stk,pick_up_the_bbq_sauce_and_place_it_in_the_basket,250,50.0,82.8,-32.8
libero_object,design_contrast,x_yz,stk,gripper,stk,pick_up_the_butter_and_place_it_in_the_basket,250,0.0,18.0,-18.0
libero_object,design_contrast,x_yz,stk,gripper,stk,pick_up_the_chocolate_pudding_and_place_it_in_the_basket,250,5.2,7.199999999999999,-1.9999999999999998
libero_object,design_contrast,x_yz,stk,gripper,stk,pick_up_the_cream_cheese_and_place_it_in_the_basket,250,0.0,6.800000000000001,-6.800000000000001
libero_object,design_contrast,x_yz,stk,gripper,stk,pick_up_the_ketchup_and_place_it_in_the_basket,250,99.2,58.4,40.800000000000004
libero_object,design_contrast,x_yz,stk,gripper,stk,pick_up_the_milk_and_place_it_in_the_basket,250,84.0,94.8,-10.799999999999999
libero_object,design_contrast,x_yz,stk,gripper,stk,pick_up_the_orange_juice_and_place_it_in_the_basket,250,91.60000000000001,92.80000000000001,-1.200000000000001
libero_object,design_contrast,x_yz,stk,gripper,stk,pick_up_the_salad_dressing_and_place_it_in_the_basket,250,94.39999999999999,99.2,-4.800000000000004
libero_object,design_contrast,x_yz,stk,gripper,stk,pick_up_the_tomato_sauce_and_place_it_in_the_basket,250,0.0,13.200000000000001,-13.200000000000001
libero_object,versus_reference,x_yz,dur,reference,dur,pick_up_the_alphabet_soup_and_place_it_in_the_basket,250,73.2,26.8,46.4
libero_object,versus_reference,x_yz,dur,reference,dur,pick_up_the_bbq_sauce_and_place_it_in_the_basket,250,96.0,0.8,95.19999999999999
libero_object,versus_reference,x_yz,dur,reference,dur,pick_up_the_butter_and_place_it_in_the_basket,250,0.4,0.0,0.4
libero_object,versus_reference,x_yz,dur,reference,dur,pick_up_the_chocolate_pudding_and_place_it_in_the_basket,250,0.0,0.4,-0.4
libero_object,versus_reference,x_yz,dur,reference,dur,pick_up_the_cream_cheese_and_place_it_in_the_basket,250,11.600000000000001,1.2,10.4
libero_object,versus_reference,x_yz,dur,reference,dur,pick_up_the_ketchup_and_place_it_in_the_basket,250,53.2,100.0,-46.8
libero_object,versus_reference,x_yz,dur,reference,dur,pick_up_the_milk_and_place_it_in_the_basket,250,36.4,98.0,-61.6
libero_object,versus_reference,x_yz,dur,reference,dur,pick_up_the_orange_juice_and_place_it_in_the_basket,250,99.6,92.4,7.199999999999996
libero_object,versus_reference,x_yz,dur,reference,dur,pick_up_the_salad_dressing_and_place_it_in_the_basket,250,69.19999999999999,100.0,-30.800000000000004
libero_object,versus_reference,x_yz,dur,reference,dur,pick_up_the_tomato_sauce_and_place_it_in_the_basket,250,72.0,0.0,72.0
libero_object,design_contrast,x_yz,dur,gripper,dur,pick_up_the_alphabet_soup_and_place_it_in_the_basket,250,73.2,70.39999999999999,2.8000000000000025
libero_object,design_contrast,x_yz,dur,gripper,dur,pick_up_the_bbq_sauce_and_place_it_in_the_basket,250,96.0,87.6,8.399999999999997
libero_object,design_contrast,x_yz,dur,gripper,dur,pick_up_the_butter_and_place_it_in_the_basket,250,0.4,27.200000000000003,-26.8
libero_object,design_contrast,x_yz,dur,gripper,dur,pick_up_the_chocolate_pudding_and_place_it_in_the_basket,250,0.0,48.8,-48.8
libero_object,design_contrast,x_yz,dur,gripper,dur,pick_up_the_cream_cheese_and_place_it_in_the_basket,250,11.600000000000001,13.600000000000001,-2.0000000000000004
libero_object,design_contrast,x_yz,dur,gripper,dur,pick_up_the_ketchup_and_place_it_in_the_basket,250,53.2,99.2,-46.0
libero_object,design_contrast,x_yz,dur,gripper,dur,pick_up_the_milk_and_place_it_in_the_basket,250,36.4,86.0,-49.6
libero_object,design_contrast,x_yz,dur,gripper,dur,pick_up_the_orange_juice_and_place_it_in_the_basket,250,99.6,97.6,2.0000000000000018
libero_object,design_contrast,x_yz,dur,gripper,dur,pick_up_the_salad_dressing_and_place_it_in_the_basket,250,69.19999999999999,99.6,-30.400000000000006
libero_object,design_contrast,x_yz,dur,gripper,dur,pick_up_the_tomato_sauce_and_place_it_in_the_basket,250,72.0,7.199999999999999,64.8
libero_object,duration_vs_stk,x_yz,dur,x_yz,stk,pick_up_the_alphabet_soup_and_place_it_in_the_basket,250,73.2,24.8,48.4
libero_object,duration_vs_stk,x_yz,dur,x_yz,stk,pick_up_the_bbq_sauce_and_place_it_in_the_basket,250,96.0,50.0,46.0
libero_object,duration_vs_stk,x_yz,dur,x_yz,stk,pick_up_the_butter_and_place_it_in_the_basket,250,0.4,0.0,0.4
libero_object,duration_vs_stk,x_yz,dur,x_yz,stk,pick_up_the_chocolate_pudding_and_place_it_in_the_basket,250,0.0,5.2,-5.2
libero_object,duration_vs_stk,x_yz,dur,x_yz,stk,pick_up_the_cream_cheese_and_place_it_in_the_basket,250,11.600000000000001,0.0,11.600000000000001
libero_object,duration_vs_stk,x_yz,dur,x_yz,stk,pick_up_the_ketchup_and_place_it_in_the_basket,250,53.2,99.2,-46.0
libero_object,duration_vs_stk,x_yz,dur,x_yz,stk,pick_up_the_milk_and_place_it_in_the_basket,250,36.4,84.0,-47.599999999999994
libero_object,duration_vs_stk,x_yz,dur,x_yz,stk,pick_up_the_orange_juice_and_place_it_in_the_basket,250,99.6,91.60000000000001,7.9999999999999964
libero_object,duration_vs_stk,x_yz,dur,x_yz,stk,pick_up_the_salad_dressing_and_place_it_in_the_basket,250,69.19999999999999,94.39999999999999,-25.2
libero_object,duration_vs_stk,x_yz,dur,x_yz,stk,pick_up_the_tomato_sauce_and_place_it_in_the_basket,250,72.0,0.0,72.0
libero_object,versus_reference,y_xz,stk,reference,stk,pick_up_the_alphabet_soup_and_place_it_in_the_basket,250,80.4,98.4,-17.999999999999993
libero_object,versus_reference,y_xz,stk,reference,stk,pick_up_the_bbq_sauce_and_place_it_in_the_basket,250,10.4,20.0,-9.600000000000001
libero_object,versus_reference,y_xz,stk,reference,stk,pick_up_the_butter_and_place_it_in_the_basket,250,4.0,14.799999999999999,-10.799999999999999
libero_object,versus_reference,y_xz,stk,reference,stk,pick_up_the_chocolate_pudding_and_place_it_in_the_basket,250,20.0,12.0,8.000000000000002
libero_object,versus_reference,y_xz,stk,reference,stk,pick_up_the_cream_cheese_and_place_it_in_the_basket,250,0.0,2.8000000000000003,-2.8000000000000003
libero_object,versus_reference,y_xz,stk,reference,stk,pick_up_the_ketchup_and_place_it_in_the_basket,250,94.39999999999999,97.2,-2.8000000000000025
libero_object,versus_reference,y_xz,stk,reference,stk,pick_up_the_milk_and_place_it_in_the_basket,250,76.4,91.2,-14.800000000000002
libero_object,versus_reference,y_xz,stk,reference,stk,pick_up_the_orange_juice_and_place_it_in_the_basket,250,45.2,93.60000000000001,-48.400000000000006
libero_object,versus_reference,y_xz,stk,reference,stk,pick_up_the_salad_dressing_and_place_it_in_the_basket,250,19.2,41.6,-22.4
libero_object,versus_reference,y_xz,stk,reference,stk,pick_up_the_tomato_sauce_and_place_it_in_the_basket,250,0.0,0.0,0.0
libero_object,design_contrast,y_xz,stk,gripper,stk,pick_up_the_alphabet_soup_and_place_it_in_the_basket,250,80.4,68.8,11.60000000000001
libero_object,design_contrast,y_xz,stk,gripper,stk,pick_up_the_bbq_sauce_and_place_it_in_the_basket,250,10.4,82.8,-72.39999999999999
libero_object,design_contrast,y_xz,stk,gripper,stk,pick_up_the_butter_and_place_it_in_the_basket,250,4.0,18.0,-13.999999999999998
libero_object,design_contrast,y_xz,stk,gripper,stk,pick_up_the_chocolate_pudding_and_place_it_in_the_basket,250,20.0,7.199999999999999,12.8
libero_object,design_contrast,y_xz,stk,gripper,stk,pick_up_the_cream_cheese_and_place_it_in_the_basket,250,0.0,6.800000000000001,-6.800000000000001
libero_object,design_contrast,y_xz,stk,gripper,stk,pick_up_the_ketchup_and_place_it_in_the_basket,250,94.39999999999999,58.4,36.0
libero_object,design_contrast,y_xz,stk,gripper,stk,pick_up_the_milk_and_place_it_in_the_basket,250,76.4,94.8,-18.399999999999995
libero_object,design_contrast,y_xz,stk,gripper,stk,pick_up_the_orange_juice_and_place_it_in_the_basket,250,45.2,92.80000000000001,-47.6
libero_object,design_contrast,y_xz,stk,gripper,stk,pick_up_the_salad_dressing_and_place_it_in_the_basket,250,19.2,99.2,-80.0
libero_object,design_contrast,y_xz,stk,gripper,stk,pick_up_the_tomato_sauce_and_place_it_in_the_basket,250,0.0,13.200000000000001,-13.200000000000001
libero_object,versus_reference,y_xz,dur,reference,dur,pick_up_the_alphabet_soup_and_place_it_in_the_basket,250,68.8,26.8,41.99999999999999
libero_object,versus_reference,y_xz,dur,reference,dur,pick_up_the_bbq_sauce_and_place_it_in_the_basket,250,50.4,0.8,49.6
libero_object,versus_reference,y_xz,dur,reference,dur,pick_up_the_butter_and_place_it_in_the_basket,250,0.0,0.0,0.0
libero_object,versus_reference,y_xz,dur,reference,dur,pick_up_the_chocolate_pudding_and_place_it_in_the_basket,250,0.4,0.4,0.0
libero_object,versus_reference,y_xz,dur,reference,dur,pick_up_the_cream_cheese_and_place_it_in_the_basket,250,3.5999999999999996,1.2,2.4
libero_object,versus_reference,y_xz,dur,reference,dur,pick_up_the_ketchup_and_place_it_in_the_basket,250,96.39999999999999,100.0,-3.600000000000003
libero_object,versus_reference,y_xz,dur,reference,dur,pick_up_the_milk_and_place_it_in_the_basket,250,99.2,98.0,1.200000000000001
libero_object,versus_reference,y_xz,dur,reference,dur,pick_up_the_orange_juice_and_place_it_in_the_basket,250,99.2,92.4,6.799999999999995
libero_object,versus_reference,y_xz,dur,reference,dur,pick_up_the_salad_dressing_and_place_it_in_the_basket,250,98.8,100.0,-1.200000000000001
libero_object,versus_reference,y_xz,dur,reference,dur,pick_up_the_tomato_sauce_and_place_it_in_the_basket,250,1.6,0.0,1.6
libero_object,design_contrast,y_xz,dur,gripper,dur,pick_up_the_alphabet_soup_and_place_it_in_the_basket,250,68.8,70.39999999999999,-1.6000000000000014
libero_object,design_contrast,y_xz,dur,gripper,dur,pick_up_the_bbq_sauce_and_place_it_in_the_basket,250,50.4,87.6,-37.2
libero_object,design_contrast,y_xz,dur,gripper,dur,pick_up_the_butter_and_place_it_in_the_basket,250,0.0,27.200000000000003,-27.200000000000003
libero_object,design_contrast,y_xz,dur,gripper,dur,pick_up_the_chocolate_pudding_and_place_it_in_the_basket,250,0.4,48.8,-48.4
libero_object,design_contrast,y_xz,dur,gripper,dur,pick_up_the_cream_cheese_and_place_it_in_the_basket,250,3.5999999999999996,13.600000000000001,-10.0
libero_object,design_contrast,y_xz,dur,gripper,dur,pick_up_the_ketchup_and_place_it_in_the_basket,250,96.39999999999999,99.2,-2.8000000000000025
libero_object,design_contrast,y_xz,dur,gripper,dur,pick_up_the_milk_and_place_it_in_the_basket,250,99.2,86.0,13.200000000000001
libero_object,design_contrast,y_xz,dur,gripper,dur,pick_up_the_orange_juice_and_place_it_in_the_basket,250,99.2,97.6,1.6000000000000014
libero_object,design_contrast,y_xz,dur,gripper,dur,pick_up_the_salad_dressing_and_place_it_in_the_basket,250,98.8,99.6,-0.8000000000000007
libero_object,design_contrast,y_xz,dur,gripper,dur,pick_up_the_tomato_sauce_and_place_it_in_the_basket,250,1.6,7.199999999999999,-5.6
libero_object,duration_vs_stk,y_xz,dur,y_xz,stk,pick_up_the_alphabet_soup_and_place_it_in_the_basket,250,68.8,80.4,-11.60000000000001
libero_object,duration_vs_stk,y_xz,dur,y_xz,stk,pick_up_the_bbq_sauce_and_place_it_in_the_basket,250,50.4,10.4,40.0
libero_object,duration_vs_stk,y_xz,dur,y_xz,stk,pick_up_the_butter_and_place_it_in_the_basket,250,0.0,4.0,-4.0
libero_object,duration_vs_stk,y_xz,dur,y_xz,stk,pick_up_the_chocolate_pudding_and_place_it_in_the_basket,250,0.4,20.0,-19.6
libero_object,duration_vs_stk,y_xz,dur,y_xz,stk,pick_up_the_cream_cheese_and_place_it_in_the_basket,250,3.5999999999999996,0.0,3.5999999999999996
libero_object,duration_vs_stk,y_xz,dur,y_xz,stk,pick_up_the_ketchup_and_place_it_in_the_basket,250,96.39999999999999,94.39999999999999,2.0000000000000018
libero_object,duration_vs_stk,y_xz,dur,y_xz,stk,pick_up_the_milk_and_place_it_in_the_basket,250,99.2,76.4,22.799999999999997
libero_object,duration_vs_stk,y_xz,dur,y_xz,stk,pick_up_the_orange_juice_and_place_it_in_the_basket,250,99.2,45.2,54.0
libero_object,duration_vs_stk,y_xz,dur,y_xz,stk,pick_up_the_salad_dressing_and_place_it_in_the_basket,250,98.8,19.2,79.60000000000001
libero_object,duration_vs_stk,y_xz,dur,y_xz,stk,pick_up_the_tomato_sauce_and_place_it_in_the_basket,250,1.6,0.0,1.6
libero_object,versus_reference,z_xy,stk,reference,stk,pick_up_the_alphabet_soup_and_place_it_in_the_basket,250,0.4,98.4,-98.0
libero_object,versus_reference,z_xy,stk,reference,stk,pick_up_the_bbq_sauce_and_place_it_in_the_basket,250,16.8,20.0,-3.2
libero_object,versus_reference,z_xy,stk,reference,stk,pick_up_the_butter_and_place_it_in_the_basket,250,3.2,14.799999999999999,-11.6
libero_object,versus_reference,z_xy,stk,reference,stk,pick_up_the_chocolate_pudding_and_place_it_in_the_basket,250,0.0,12.0,-12.0
libero_object,versus_reference,z_xy,stk,reference,stk,pick_up_the_cream_cheese_and_place_it_in_the_basket,250,3.5999999999999996,2.8000000000000003,0.7999999999999997
libero_object,versus_reference,z_xy,stk,reference,stk,pick_up_the_ketchup_and_place_it_in_the_basket,250,68.4,97.2,-28.799999999999994
libero_object,versus_reference,z_xy,stk,reference,stk,pick_up_the_milk_and_place_it_in_the_basket,250,93.2,91.2,2.0000000000000018
libero_object,versus_reference,z_xy,stk,reference,stk,pick_up_the_orange_juice_and_place_it_in_the_basket,250,96.39999999999999,93.60000000000001,2.7999999999999914
libero_object,versus_reference,z_xy,stk,reference,stk,pick_up_the_salad_dressing_and_place_it_in_the_basket,250,98.4,41.6,56.800000000000004
libero_object,versus_reference,z_xy,stk,reference,stk,pick_up_the_tomato_sauce_and_place_it_in_the_basket,250,0.4,0.0,0.4
libero_object,design_contrast,z_xy,stk,gripper,stk,pick_up_the_alphabet_soup_and_place_it_in_the_basket,250,0.4,68.8,-68.39999999999999
libero_object,design_contrast,z_xy,stk,gripper,stk,pick_up_the_bbq_sauce_and_place_it_in_the_basket,250,16.8,82.8,-65.99999999999999
libero_object,design_contrast,z_xy,stk,gripper,stk,pick_up_the_butter_and_place_it_in_the_basket,250,3.2,18.0,-14.799999999999999
libero_object,design_contrast,z_xy,stk,gripper,stk,pick_up_the_chocolate_pudding_and_place_it_in_the_basket,250,0.0,7.199999999999999,-7.199999999999999
libero_object,design_contrast,z_xy,stk,gripper,stk,pick_up_the_cream_cheese_and_place_it_in_the_basket,250,3.5999999999999996,6.800000000000001,-3.2000000000000006
libero_object,design_contrast,z_xy,stk,gripper,stk,pick_up_the_ketchup_and_place_it_in_the_basket,250,68.4,58.4,10.000000000000009
libero_object,design_contrast,z_xy,stk,gripper,stk,pick_up_the_milk_and_place_it_in_the_basket,250,93.2,94.8,-1.5999999999999903
libero_object,design_contrast,z_xy,stk,gripper,stk,pick_up_the_orange_juice_and_place_it_in_the_basket,250,96.39999999999999,92.80000000000001,3.599999999999992
libero_object,design_contrast,z_xy,stk,gripper,stk,pick_up_the_salad_dressing_and_place_it_in_the_basket,250,98.4,99.2,-0.8000000000000007
libero_object,design_contrast,z_xy,stk,gripper,stk,pick_up_the_tomato_sauce_and_place_it_in_the_basket,250,0.4,13.200000000000001,-12.8
libero_object,versus_reference,z_xy,dur,reference,dur,pick_up_the_alphabet_soup_and_place_it_in_the_basket,250,50.8,26.8,24.0
libero_object,versus_reference,z_xy,dur,reference,dur,pick_up_the_bbq_sauce_and_place_it_in_the_basket,250,89.60000000000001,0.8,88.8
libero_object,versus_reference,z_xy,dur,reference,dur,pick_up_the_butter_and_place_it_in_the_basket,250,0.8,0.0,0.8
libero_object,versus_reference,z_xy,dur,reference,dur,pick_up_the_chocolate_pudding_and_place_it_in_the_basket,250,0.4,0.4,0.0
libero_object,versus_reference,z_xy,dur,reference,dur,pick_up_the_cream_cheese_and_place_it_in_the_basket,250,0.0,1.2,-1.2
libero_object,versus_reference,z_xy,dur,reference,dur,pick_up_the_ketchup_and_place_it_in_the_basket,250,55.60000000000001,100.0,-44.39999999999999
libero_object,versus_reference,z_xy,dur,reference,dur,pick_up_the_milk_and_place_it_in_the_basket,250,98.8,98.0,0.8000000000000007
libero_object,versus_reference,z_xy,dur,reference,dur,pick_up_the_orange_juice_and_place_it_in_the_basket,250,96.39999999999999,92.4,3.9999999999999925
libero_object,versus_reference,z_xy,dur,reference,dur,pick_up_the_salad_dressing_and_place_it_in_the_basket,250,96.39999999999999,100.0,-3.600000000000003
libero_object,versus_reference,z_xy,dur,reference,dur,pick_up_the_tomato_sauce_and_place_it_in_the_basket,250,12.8,0.0,12.8
libero_object,design_contrast,z_xy,dur,gripper,dur,pick_up_the_alphabet_soup_and_place_it_in_the_basket,250,50.8,70.39999999999999,-19.599999999999994
libero_object,design_contrast,z_xy,dur,gripper,dur,pick_up_the_bbq_sauce_and_place_it_in_the_basket,250,89.60000000000001,87.6,2.0000000000000018
libero_object,design_contrast,z_xy,dur,gripper,dur,pick_up_the_butter_and_place_it_in_the_basket,250,0.8,27.200000000000003,-26.400000000000002
libero_object,design_contrast,z_xy,dur,gripper,dur,pick_up_the_chocolate_pudding_and_place_it_in_the_basket,250,0.4,48.8,-48.4
libero_object,design_contrast,z_xy,dur,gripper,dur,pick_up_the_cream_cheese_and_place_it_in_the_basket,250,0.0,13.600000000000001,-13.600000000000001
libero_object,design_contrast,z_xy,dur,gripper,dur,pick_up_the_ketchup_and_place_it_in_the_basket,250,55.60000000000001,99.2,-43.599999999999994
libero_object,design_contrast,z_xy,dur,gripper,dur,pick_up_the_milk_and_place_it_in_the_basket,250,98.8,86.0,12.8
libero_object,design_contrast,z_xy,dur,gripper,dur,pick_up_the_orange_juice_and_place_it_in_the_basket,250,96.39999999999999,97.6,-1.200000000000001
libero_object,design_contrast,z_xy,dur,gripper,dur,pick_up_the_salad_dressing_and_place_it_in_the_basket,250,96.39999999999999,99.6,-3.200000000000003
libero_object,design_contrast,z_xy,dur,gripper,dur,pick_up_the_tomato_sauce_and_place_it_in_the_basket,250,12.8,7.199999999999999,5.6000000000000005
libero_object,duration_vs_stk,z_xy,dur,z_xy,stk,pick_up_the_alphabet_soup_and_place_it_in_the_basket,250,50.8,0.4,50.4
libero_object,duration_vs_stk,z_xy,dur,z_xy,stk,pick_up_the_bbq_sauce_and_place_it_in_the_basket,250,89.60000000000001,16.8,72.8
libero_object,duration_vs_stk,z_xy,dur,z_xy,stk,pick_up_the_butter_and_place_it_in_the_basket,250,0.8,3.2,-2.4
libero_object,duration_vs_stk,z_xy,dur,z_xy,stk,pick_up_the_chocolate_pudding_and_place_it_in_the_basket,250,0.4,0.0,0.4
libero_object,duration_vs_stk,z_xy,dur,z_xy,stk,pick_up_the_cream_cheese_and_place_it_in_the_basket,250,0.0,3.5999999999999996,-3.5999999999999996
libero_object,duration_vs_stk,z_xy,dur,z_xy,stk,pick_up_the_ketchup_and_place_it_in_the_basket,250,55.60000000000001,68.4,-12.8
libero_object,duration_vs_stk,z_xy,dur,z_xy,stk,pick_up_the_milk_and_place_it_in_the_basket,250,98.8,93.2,5.599999999999994
libero_object,duration_vs_stk,z_xy,dur,z_xy,stk,pick_up_the_orange_juice_and_place_it_in_the_basket,250,96.39999999999999,96.39999999999999,0.0
libero_object,duration_vs_stk,z_xy,dur,z_xy,stk,pick_up_the_salad_dressing_and_place_it_in_the_basket,250,96.39999999999999,98.4,-2.0000000000000018
libero_object,duration_vs_stk,z_xy,dur,z_xy,stk,pick_up_the_tomato_sauce_and_place_it_in_the_basket,250,12.8,0.4,12.4
libero_object,versus_reference,angular_driver,stk,reference,stk,pick_up_the_alphabet_soup_and_place_it_in_the_basket,250,0.0,98.4,-98.4
libero_object,versus_reference,angular_driver,stk,reference,stk,pick_up_the_bbq_sauce_and_place_it_in_the_basket,250,91.2,20.0,71.2
libero_object,versus_reference,angular_driver,stk,reference,stk,pick_up_the_butter_and_place_it_in_the_basket,250,8.799999999999999,14.799999999999999,-6.0
libero_object,versus_reference,angular_driver,stk,reference,stk,pick_up_the_chocolate_pudding_and_place_it_in_the_basket,250,1.2,12.0,-10.8
libero_object,versus_reference,angular_driver,stk,reference,stk,pick_up_the_cream_cheese_and_place_it_in_the_basket,250,97.6,2.8000000000000003,94.8
libero_object,versus_reference,angular_driver,stk,reference,stk,pick_up_the_ketchup_and_place_it_in_the_basket,250,0.0,97.2,-97.2
libero_object,versus_reference,angular_driver,stk,reference,stk,pick_up_the_milk_and_place_it_in_the_basket,250,14.799999999999999,91.2,-76.4
libero_object,versus_reference,angular_driver,stk,reference,stk,pick_up_the_orange_juice_and_place_it_in_the_basket,250,96.39999999999999,93.60000000000001,2.7999999999999914
libero_object,versus_reference,angular_driver,stk,reference,stk,pick_up_the_salad_dressing_and_place_it_in_the_basket,250,58.8,41.6,17.2
libero_object,versus_reference,angular_driver,stk,reference,stk,pick_up_the_tomato_sauce_and_place_it_in_the_basket,250,98.8,0.0,98.8
libero_object,design_contrast,angular_driver,stk,gripper,stk,pick_up_the_alphabet_soup_and_place_it_in_the_basket,250,0.0,68.8,-68.8
libero_object,design_contrast,angular_driver,stk,gripper,stk,pick_up_the_bbq_sauce_and_place_it_in_the_basket,250,91.2,82.8,8.400000000000007
libero_object,design_contrast,angular_driver,stk,gripper,stk,pick_up_the_butter_and_place_it_in_the_basket,250,8.799999999999999,18.0,-9.2
libero_object,design_contrast,angular_driver,stk,gripper,stk,pick_up_the_chocolate_pudding_and_place_it_in_the_basket,250,1.2,7.199999999999999,-6.0
libero_object,design_contrast,angular_driver,stk,gripper,stk,pick_up_the_cream_cheese_and_place_it_in_the_basket,250,97.6,6.800000000000001,90.8
libero_object,design_contrast,angular_driver,stk,gripper,stk,pick_up_the_ketchup_and_place_it_in_the_basket,250,0.0,58.4,-58.4
libero_object,design_contrast,angular_driver,stk,gripper,stk,pick_up_the_milk_and_place_it_in_the_basket,250,14.799999999999999,94.8,-80.0
libero_object,design_contrast,angular_driver,stk,gripper,stk,pick_up_the_orange_juice_and_place_it_in_the_basket,250,96.39999999999999,92.80000000000001,3.599999999999992
libero_object,design_contrast,angular_driver,stk,gripper,stk,pick_up_the_salad_dressing_and_place_it_in_the_basket,250,58.8,99.2,-40.400000000000006
libero_object,design_contrast,angular_driver,stk,gripper,stk,pick_up_the_tomato_sauce_and_place_it_in_the_basket,250,98.8,13.200000000000001,85.6
libero_object,versus_reference,angular_driver,dur,reference,dur,pick_up_the_alphabet_soup_and_place_it_in_the_basket,250,1.2,26.8,-25.6
libero_object,versus_reference,angular_driver,dur,reference,dur,pick_up_the_bbq_sauce_and_place_it_in_the_basket,250,93.2,0.8,92.4
libero_object,versus_reference,angular_driver,dur,reference,dur,pick_up_the_butter_and_place_it_in_the_basket,250,6.0,0.0,6.0
libero_object,versus_reference,angular_driver,dur,reference,dur,pick_up_the_chocolate_pudding_and_place_it_in_the_basket,250,1.2,0.4,0.8
libero_object,versus_reference,angular_driver,dur,reference,dur,pick_up_the_cream_cheese_and_place_it_in_the_basket,250,97.6,1.2,96.39999999999999
libero_object,versus_reference,angular_driver,dur,reference,dur,pick_up_the_ketchup_and_place_it_in_the_basket,250,3.5999999999999996,100.0,-96.39999999999999
libero_object,versus_reference,angular_driver,dur,reference,dur,pick_up_the_milk_and_place_it_in_the_basket,250,43.6,98.0,-54.400000000000006
libero_object,versus_reference,angular_driver,dur,reference,dur,pick_up_the_orange_juice_and_place_it_in_the_basket,250,100.0,92.4,7.599999999999996
libero_object,versus_reference,angular_driver,dur,reference,dur,pick_up_the_salad_dressing_and_place_it_in_the_basket,250,76.0,100.0,-24.0
libero_object,versus_reference,angular_driver,dur,reference,dur,pick_up_the_tomato_sauce_and_place_it_in_the_basket,250,98.4,0.0,98.4
libero_object,design_contrast,angular_driver,dur,gripper,dur,pick_up_the_alphabet_soup_and_place_it_in_the_basket,250,1.2,70.39999999999999,-69.19999999999999
libero_object,design_contrast,angular_driver,dur,gripper,dur,pick_up_the_bbq_sauce_and_place_it_in_the_basket,250,93.2,87.6,5.600000000000005
libero_object,design_contrast,angular_driver,dur,gripper,dur,pick_up_the_butter_and_place_it_in_the_basket,250,6.0,27.200000000000003,-21.200000000000003
libero_object,design_contrast,angular_driver,dur,gripper,dur,pick_up_the_chocolate_pudding_and_place_it_in_the_basket,250,1.2,48.8,-47.599999999999994
libero_object,design_contrast,angular_driver,dur,gripper,dur,pick_up_the_cream_cheese_and_place_it_in_the_basket,250,97.6,13.600000000000001,84.0
libero_object,design_contrast,angular_driver,dur,gripper,dur,pick_up_the_ketchup_and_place_it_in_the_basket,250,3.5999999999999996,99.2,-95.6
libero_object,design_contrast,angular_driver,dur,gripper,dur,pick_up_the_milk_and_place_it_in_the_basket,250,43.6,86.0,-42.4
libero_object,design_contrast,angular_driver,dur,gripper,dur,pick_up_the_orange_juice_and_place_it_in_the_basket,250,100.0,97.6,2.400000000000002
libero_object,design_contrast,angular_driver,dur,gripper,dur,pick_up_the_salad_dressing_and_place_it_in_the_basket,250,76.0,99.6,-23.599999999999998
libero_object,design_contrast,angular_driver,dur,gripper,dur,pick_up_the_tomato_sauce_and_place_it_in_the_basket,250,98.4,7.199999999999999,91.2
libero_object,duration_vs_stk,angular_driver,dur,angular_driver,stk,pick_up_the_alphabet_soup_and_place_it_in_the_basket,250,1.2,0.0,1.2
libero_object,duration_vs_stk,angular_driver,dur,angular_driver,stk,pick_up_the_bbq_sauce_and_place_it_in_the_basket,250,93.2,91.2,2.0000000000000018
libero_object,duration_vs_stk,angular_driver,dur,angular_driver,stk,pick_up_the_butter_and_place_it_in_the_basket,250,6.0,8.799999999999999,-2.8
libero_object,duration_vs_stk,angular_driver,dur,angular_driver,stk,pick_up_the_chocolate_pudding_and_place_it_in_the_basket,250,1.2,1.2,0.0
libero_object,duration_vs_stk,angular_driver,dur,angular_driver,stk,pick_up_the_cream_cheese_and_place_it_in_the_basket,250,97.6,97.6,0.0
libero_object,duration_vs_stk,angular_driver,dur,angular_driver,stk,pick_up_the_ketchup_and_place_it_in_the_basket,250,3.5999999999999996,0.0,3.5999999999999996
libero_object,duration_vs_stk,angular_driver,dur,angular_driver,stk,pick_up_the_milk_and_place_it_in_the_basket,250,43.6,14.799999999999999,28.800000000000004
libero_object,duration_vs_stk,angular_driver,dur,angular_driver,stk,pick_up_the_orange_juice_and_place_it_in_the_basket,250,100.0,96.39999999999999,3.600000000000003
libero_object,duration_vs_stk,angular_driver,dur,angular_driver,stk,pick_up_the_salad_dressing_and_place_it_in_the_basket,250,76.0,58.8,17.200000000000003
libero_object,duration_vs_stk,angular_driver,dur,angular_driver,stk,pick_up_the_tomato_sauce_and_place_it_in_the_basket,250,98.4,98.8,-0.40000000000000036
libero_object,versus_reference,angular_scalar,stk,reference,stk,pick_up_the_alphabet_soup_and_place_it_in_the_basket,250,11.600000000000001,98.4,-86.8
libero_object,versus_reference,angular_scalar,stk,reference,stk,pick_up_the_bbq_sauce_and_place_it_in_the_basket,250,82.39999999999999,20.0,62.39999999999999
libero_object,versus_reference,angular_scalar,stk,reference,stk,pick_up_the_butter_and_place_it_in_the_basket,250,9.6,14.799999999999999,-5.199999999999999
libero_object,versus_reference,angular_scalar,stk,reference,stk,pick_up_the_chocolate_pudding_and_place_it_in_the_basket,250,34.8,12.0,22.799999999999997
libero_object,versus_reference,angular_scalar,stk,reference,stk,pick_up_the_cream_cheese_and_place_it_in_the_basket,250,35.199999999999996,2.8000000000000003,32.4
libero_object,versus_reference,angular_scalar,stk,reference,stk,pick_up_the_ketchup_and_place_it_in_the_basket,250,95.6,97.2,-1.6000000000000014
libero_object,versus_reference,angular_scalar,stk,reference,stk,pick_up_the_milk_and_place_it_in_the_basket,250,72.0,91.2,-19.200000000000006
libero_object,versus_reference,angular_scalar,stk,reference,stk,pick_up_the_orange_juice_and_place_it_in_the_basket,250,96.39999999999999,93.60000000000001,2.7999999999999914
libero_object,versus_reference,angular_scalar,stk,reference,stk,pick_up_the_salad_dressing_and_place_it_in_the_basket,250,85.6,41.6,44.0
libero_object,versus_reference,angular_scalar,stk,reference,stk,pick_up_the_tomato_sauce_and_place_it_in_the_basket,250,0.0,0.0,0.0
libero_object,design_contrast,angular_scalar,stk,angular_driver,stk,pick_up_the_alphabet_soup_and_place_it_in_the_basket,250,11.600000000000001,0.0,11.600000000000001
libero_object,design_contrast,angular_scalar,stk,angular_driver,stk,pick_up_the_bbq_sauce_and_place_it_in_the_basket,250,82.39999999999999,91.2,-8.800000000000008
libero_object,design_contrast,angular_scalar,stk,angular_driver,stk,pick_up_the_butter_and_place_it_in_the_basket,250,9.6,8.799999999999999,0.8000000000000007
libero_object,design_contrast,angular_scalar,stk,angular_driver,stk,pick_up_the_chocolate_pudding_and_place_it_in_the_basket,250,34.8,1.2,33.599999999999994
libero_object,design_contrast,angular_scalar,stk,angular_driver,stk,pick_up_the_cream_cheese_and_place_it_in_the_basket,250,35.199999999999996,97.6,-62.4
libero_object,design_contrast,angular_scalar,stk,angular_driver,stk,pick_up_the_ketchup_and_place_it_in_the_basket,250,95.6,0.0,95.6
libero_object,design_contrast,angular_scalar,stk,angular_driver,stk,pick_up_the_milk_and_place_it_in_the_basket,250,72.0,14.799999999999999,57.199999999999996
libero_object,design_contrast,angular_scalar,stk,angular_driver,stk,pick_up_the_orange_juice_and_place_it_in_the_basket,250,96.39999999999999,96.39999999999999,0.0
libero_object,design_contrast,angular_scalar,stk,angular_driver,stk,pick_up_the_salad_dressing_and_place_it_in_the_basket,250,85.6,58.8,26.8
libero_object,design_contrast,angular_scalar,stk,angular_driver,stk,pick_up_the_tomato_sauce_and_place_it_in_the_basket,250,0.0,98.8,-98.8
libero_object,versus_reference,angular_scalar,dur,reference,dur,pick_up_the_alphabet_soup_and_place_it_in_the_basket,250,95.19999999999999,26.8,68.39999999999999
libero_object,versus_reference,angular_scalar,dur,reference,dur,pick_up_the_bbq_sauce_and_place_it_in_the_basket,250,86.8,0.8,86.0
libero_object,versus_reference,angular_scalar,dur,reference,dur,pick_up_the_butter_and_place_it_in_the_basket,250,82.0,0.0,82.0
libero_object,versus_reference,angular_scalar,dur,reference,dur,pick_up_the_chocolate_pudding_and_place_it_in_the_basket,250,26.400000000000002,0.4,26.0
libero_object,versus_reference,angular_scalar,dur,reference,dur,pick_up_the_cream_cheese_and_place_it_in_the_basket,250,81.2,1.2,80.0
libero_object,versus_reference,angular_scalar,dur,reference,dur,pick_up_the_ketchup_and_place_it_in_the_basket,250,29.2,100.0,-70.8
libero_object,versus_reference,angular_scalar,dur,reference,dur,pick_up_the_milk_and_place_it_in_the_basket,250,47.599999999999994,98.0,-50.4
libero_object,versus_reference,angular_scalar,dur,reference,dur,pick_up_the_orange_juice_and_place_it_in_the_basket,250,88.4,92.4,-4.0000000000000036
libero_object,versus_reference,angular_scalar,dur,reference,dur,pick_up_the_salad_dressing_and_place_it_in_the_basket,250,61.199999999999996,100.0,-38.800000000000004
libero_object,versus_reference,angular_scalar,dur,reference,dur,pick_up_the_tomato_sauce_and_place_it_in_the_basket,250,81.2,0.0,81.2
libero_object,design_contrast,angular_scalar,dur,angular_driver,dur,pick_up_the_alphabet_soup_and_place_it_in_the_basket,250,95.19999999999999,1.2,94.0
libero_object,design_contrast,angular_scalar,dur,angular_driver,dur,pick_up_the_bbq_sauce_and_place_it_in_the_basket,250,86.8,93.2,-6.400000000000006
libero_object,design_contrast,angular_scalar,dur,angular_driver,dur,pick_up_the_butter_and_place_it_in_the_basket,250,82.0,6.0,76.0
libero_object,design_contrast,angular_scalar,dur,angular_driver,dur,pick_up_the_chocolate_pudding_and_place_it_in_the_basket,250,26.400000000000002,1.2,25.2
libero_object,design_contrast,angular_scalar,dur,angular_driver,dur,pick_up_the_cream_cheese_and_place_it_in_the_basket,250,81.2,97.6,-16.39999999999999
libero_object,design_contrast,angular_scalar,dur,angular_driver,dur,pick_up_the_ketchup_and_place_it_in_the_basket,250,29.2,3.5999999999999996,25.6
libero_object,design_contrast,angular_scalar,dur,angular_driver,dur,pick_up_the_milk_and_place_it_in_the_basket,250,47.599999999999994,43.6,3.9999999999999982
libero_object,design_contrast,angular_scalar,dur,angular_driver,dur,pick_up_the_orange_juice_and_place_it_in_the_basket,250,88.4,100.0,-11.6
libero_object,design_contrast,angular_scalar,dur,angular_driver,dur,pick_up_the_salad_dressing_and_place_it_in_the_basket,250,61.199999999999996,76.0,-14.800000000000002
libero_object,design_contrast,angular_scalar,dur,angular_driver,dur,pick_up_the_tomato_sauce_and_place_it_in_the_basket,250,81.2,98.4,-17.199999999999992
libero_object,duration_vs_stk,angular_scalar,dur,angular_scalar,stk,pick_up_the_alphabet_soup_and_place_it_in_the_basket,250,95.19999999999999,11.600000000000001,83.6
libero_object,duration_vs_stk,angular_scalar,dur,angular_scalar,stk,pick_up_the_bbq_sauce_and_place_it_in_the_basket,250,86.8,82.39999999999999,4.400000000000004
libero_object,duration_vs_stk,angular_scalar,dur,angular_scalar,stk,pick_up_the_butter_and_place_it_in_the_basket,250,82.0,9.6,72.39999999999999
libero_object,duration_vs_stk,angular_scalar,dur,angular_scalar,stk,pick_up_the_chocolate_pudding_and_place_it_in_the_basket,250,26.400000000000002,34.8,-8.399999999999997
libero_object,duration_vs_stk,angular_scalar,dur,angular_scalar,stk,pick_up_the_cream_cheese_and_place_it_in_the_basket,250,81.2,35.199999999999996,46.00000000000001
libero_object,duration_vs_stk,angular_scalar,dur,angular_scalar,stk,pick_up_the_ketchup_and_place_it_in_the_basket,250,29.2,95.6,-66.39999999999999
libero_object,duration_vs_stk,angular_scalar,dur,angular_scalar,stk,pick_up_the_milk_and_place_it_in_the_basket,250,47.599999999999994,72.0,-24.4
libero_object,duration_vs_stk,angular_scalar,dur,angular_scalar,stk,pick_up_the_orange_juice_and_place_it_in_the_basket,250,88.4,96.39999999999999,-7.9999999999999964
libero_object,duration_vs_stk,angular_scalar,dur,angular_scalar,stk,pick_up_the_salad_dressing_and_place_it_in_the_basket,250,61.199999999999996,85.6,-24.4
libero_object,duration_vs_stk,angular_scalar,dur,angular_scalar,stk,pick_up_the_tomato_sauce_and_place_it_in_the_basket,250,81.2,0.0,81.2
libero_object,versus_reference,all_scalar,stk,reference,stk,pick_up_the_alphabet_soup_and_place_it_in_the_basket,250,58.8,98.4,-39.6
libero_object,versus_reference,all_scalar,stk,reference,stk,pick_up_the_bbq_sauce_and_place_it_in_the_basket,250,0.8,20.0,-19.2
libero_object,versus_reference,all_scalar,stk,reference,stk,pick_up_the_butter_and_place_it_in_the_basket,250,0.4,14.799999999999999,-14.399999999999999
libero_object,versus_reference,all_scalar,stk,reference,stk,pick_up_the_chocolate_pudding_and_place_it_in_the_basket,250,11.600000000000001,12.0,-0.39999999999999897
libero_object,versus_reference,all_scalar,stk,reference,stk,pick_up_the_cream_cheese_and_place_it_in_the_basket,250,0.0,2.8000000000000003,-2.8000000000000003
libero_object,versus_reference,all_scalar,stk,reference,stk,pick_up_the_ketchup_and_place_it_in_the_basket,250,48.8,97.2,-48.4
libero_object,versus_reference,all_scalar,stk,reference,stk,pick_up_the_milk_and_place_it_in_the_basket,250,63.2,91.2,-28.000000000000004
libero_object,versus_reference,all_scalar,stk,reference,stk,pick_up_the_orange_juice_and_place_it_in_the_basket,250,1.2,93.60000000000001,-92.4
libero_object,versus_reference,all_scalar,stk,reference,stk,pick_up_the_salad_dressing_and_place_it_in_the_basket,250,0.0,41.6,-41.6
libero_object,versus_reference,all_scalar,stk,reference,stk,pick_up_the_tomato_sauce_and_place_it_in_the_basket,250,0.0,0.0,0.0
libero_object,design_contrast,all_scalar,stk,angular_scalar,stk,pick_up_the_alphabet_soup_and_place_it_in_the_basket,250,58.8,11.600000000000001,47.199999999999996
libero_object,design_contrast,all_scalar,stk,angular_scalar,stk,pick_up_the_bbq_sauce_and_place_it_in_the_basket,250,0.8,82.39999999999999,-81.6
libero_object,design_contrast,all_scalar,stk,angular_scalar,stk,pick_up_the_butter_and_place_it_in_the_basket,250,0.4,9.6,-9.2
libero_object,design_contrast,all_scalar,stk,angular_scalar,stk,pick_up_the_chocolate_pudding_and_place_it_in_the_basket,250,11.600000000000001,34.8,-23.2
libero_object,design_contrast,all_scalar,stk,angular_scalar,stk,pick_up_the_cream_cheese_and_place_it_in_the_basket,250,0.0,35.199999999999996,-35.199999999999996
libero_object,design_contrast,all_scalar,stk,angular_scalar,stk,pick_up_the_ketchup_and_place_it_in_the_basket,250,48.8,95.6,-46.8
libero_object,design_contrast,all_scalar,stk,angular_scalar,stk,pick_up_the_milk_and_place_it_in_the_basket,250,63.2,72.0,-8.799999999999997
libero_object,design_contrast,all_scalar,stk,angular_scalar,stk,pick_up_the_orange_juice_and_place_it_in_the_basket,250,1.2,96.39999999999999,-95.19999999999999
libero_object,design_contrast,all_scalar,stk,angular_scalar,stk,pick_up_the_salad_dressing_and_place_it_in_the_basket,250,0.0,85.6,-85.6
libero_object,design_contrast,all_scalar,stk,angular_scalar,stk,pick_up_the_tomato_sauce_and_place_it_in_the_basket,250,0.0,0.0,0.0
libero_object,versus_reference,all_scalar,dur,reference,dur,pick_up_the_alphabet_soup_and_place_it_in_the_basket,250,0.0,26.8,-26.8
libero_object,versus_reference,all_scalar,dur,reference,dur,pick_up_the_bbq_sauce_and_place_it_in_the_basket,250,93.2,0.8,92.4
libero_object,versus_reference,all_scalar,dur,reference,dur,pick_up_the_butter_and_place_it_in_the_basket,250,0.0,0.0,0.0
libero_object,versus_reference,all_scalar,dur,reference,dur,pick_up_the_chocolate_pudding_and_place_it_in_the_basket,250,0.0,0.4,-0.4
libero_object,versus_reference,all_scalar,dur,reference,dur,pick_up_the_cream_cheese_and_place_it_in_the_basket,250,16.400000000000002,1.2,15.2
libero_object,versus_reference,all_scalar,dur,reference,dur,pick_up_the_ketchup_and_place_it_in_the_basket,250,0.0,100.0,-100.0
libero_object,versus_reference,all_scalar,dur,reference,dur,pick_up_the_milk_and_place_it_in_the_basket,250,0.0,98.0,-98.0
libero_object,versus_reference,all_scalar,dur,reference,dur,pick_up_the_orange_juice_and_place_it_in_the_basket,250,97.6,92.4,5.199999999999994
libero_object,versus_reference,all_scalar,dur,reference,dur,pick_up_the_salad_dressing_and_place_it_in_the_basket,250,81.2,100.0,-18.799999999999994
libero_object,versus_reference,all_scalar,dur,reference,dur,pick_up_the_tomato_sauce_and_place_it_in_the_basket,250,96.8,0.0,96.8
libero_object,design_contrast,all_scalar,dur,angular_scalar,dur,pick_up_the_alphabet_soup_and_place_it_in_the_basket,250,0.0,95.19999999999999,-95.19999999999999
libero_object,design_contrast,all_scalar,dur,angular_scalar,dur,pick_up_the_bbq_sauce_and_place_it_in_the_basket,250,93.2,86.8,6.400000000000006
libero_object,design_contrast,all_scalar,dur,angular_scalar,dur,pick_up_the_butter_and_place_it_in_the_basket,250,0.0,82.0,-82.0
libero_object,design_contrast,all_scalar,dur,angular_scalar,dur,pick_up_the_chocolate_pudding_and_place_it_in_the_basket,250,0.0,26.400000000000002,-26.400000000000002
libero_object,design_contrast,all_scalar,dur,angular_scalar,dur,pick_up_the_cream_cheese_and_place_it_in_the_basket,250,16.400000000000002,81.2,-64.8
libero_object,design_contrast,all_scalar,dur,angular_scalar,dur,pick_up_the_ketchup_and_place_it_in_the_basket,250,0.0,29.2,-29.2
libero_object,design_contrast,all_scalar,dur,angular_scalar,dur,pick_up_the_milk_and_place_it_in_the_basket,250,0.0,47.599999999999994,-47.599999999999994
libero_object,design_contrast,all_scalar,dur,angular_scalar,dur,pick_up_the_orange_juice_and_place_it_in_the_basket,250,97.6,88.4,9.199999999999998
libero_object,design_contrast,all_scalar,dur,angular_scalar,dur,pick_up_the_salad_dressing_and_place_it_in_the_basket,250,81.2,61.199999999999996,20.000000000000007
libero_object,design_contrast,all_scalar,dur,angular_scalar,dur,pick_up_the_tomato_sauce_and_place_it_in_the_basket,250,96.8,81.2,15.59999999999999
libero_object,duration_vs_stk,all_scalar,dur,all_scalar,stk,pick_up_the_alphabet_soup_and_place_it_in_the_basket,250,0.0,58.8,-58.8
libero_object,duration_vs_stk,all_scalar,dur,all_scalar,stk,pick_up_the_bbq_sauce_and_place_it_in_the_basket,250,93.2,0.8,92.4
libero_object,duration_vs_stk,all_scalar,dur,all_scalar,stk,pick_up_the_butter_and_place_it_in_the_basket,250,0.0,0.4,-0.4
libero_object,duration_vs_stk,all_scalar,dur,all_scalar,stk,pick_up_the_chocolate_pudding_and_place_it_in_the_basket,250,0.0,11.600000000000001,-11.600000000000001
libero_object,duration_vs_stk,all_scalar,dur,all_scalar,stk,pick_up_the_cream_cheese_and_place_it_in_the_basket,250,16.400000000000002,0.0,16.400000000000002
libero_object,duration_vs_stk,all_scalar,dur,all_scalar,stk,pick_up_the_ketchup_and_place_it_in_the_basket,250,0.0,48.8,-48.8
libero_object,duration_vs_stk,all_scalar,dur,all_scalar,stk,pick_up_the_milk_and_place_it_in_the_basket,250,0.0,63.2,-63.2
libero_object,duration_vs_stk,all_scalar,dur,all_scalar,stk,pick_up_the_orange_juice_and_place_it_in_the_basket,250,97.6,1.2,96.39999999999999
libero_object,duration_vs_stk,all_scalar,dur,all_scalar,stk,pick_up_the_salad_dressing_and_place_it_in_the_basket,250,81.2,0.0,81.2
libero_object,duration_vs_stk,all_scalar,dur,all_scalar,stk,pick_up_the_tomato_sauce_and_place_it_in_the_basket,250,96.8,0.0,96.8
libero_goal,duration_vs_stk,reference,dur,reference,stk,open_the_middle_drawer_of_the_cabinet,250,99.6,99.6,0.0
libero_goal,duration_vs_stk,reference,dur,reference,stk,open_the_top_drawer_and_put_the_bowl_inside,250,81.2,72.0,9.200000000000008
libero_goal,duration_vs_stk,reference,dur,reference,stk,push_the_plate_to_the_front_of_the_stove,250,83.2,77.2,5.999999999999995
libero_goal,duration_vs_stk,reference,dur,reference,stk,put_the_bowl_on_the_plate,250,80.0,76.8,3.200000000000003
libero_goal,duration_vs_stk,reference,dur,reference,stk,put_the_bowl_on_the_stove,250,96.39999999999999,98.4,-2.0000000000000018
libero_goal,duration_vs_stk,reference,dur,reference,stk,put_the_bowl_on_top_of_the_cabinet,250,96.39999999999999,94.39999999999999,2.0000000000000018
libero_goal,duration_vs_stk,reference,dur,reference,stk,put_the_cream_cheese_in_the_bowl,250,77.60000000000001,66.0,11.6
libero_goal,duration_vs_stk,reference,dur,reference,stk,put_the_wine_bottle_on_the_rack,250,88.8,84.0,4.800000000000004
libero_goal,duration_vs_stk,reference,dur,reference,stk,put_the_wine_bottle_on_top_of_the_cabinet,250,92.0,87.2,4.800000000000004
libero_goal,duration_vs_stk,reference,dur,reference,stk,turn_on_the_stove,250,98.4,99.6,-1.200000000000001
libero_goal,versus_reference,gripper,stk,reference,stk,open_the_middle_drawer_of_the_cabinet,250,98.8,99.6,-0.8000000000000007
libero_goal,versus_reference,gripper,stk,reference,stk,open_the_top_drawer_and_put_the_bowl_inside,250,74.0,72.0,2.0000000000000018
libero_goal,versus_reference,gripper,stk,reference,stk,push_the_plate_to_the_front_of_the_stove,250,72.39999999999999,77.2,-4.800000000000004
libero_goal,versus_reference,gripper,stk,reference,stk,put_the_bowl_on_the_plate,250,83.6,76.8,6.799999999999995
libero_goal,versus_reference,gripper,stk,reference,stk,put_the_bowl_on_the_stove,250,98.0,98.4,-0.40000000000000036
libero_goal,versus_reference,gripper,stk,reference,stk,put_the_bowl_on_top_of_the_cabinet,250,85.6,94.39999999999999,-8.799999999999997
libero_goal,versus_reference,gripper,stk,reference,stk,put_the_cream_cheese_in_the_bowl,250,80.80000000000001,66.0,14.800000000000002
libero_goal,versus_reference,gripper,stk,reference,stk,put_the_wine_bottle_on_the_rack,250,88.0,84.0,4.0000000000000036
libero_goal,versus_reference,gripper,stk,reference,stk,put_the_wine_bottle_on_top_of_the_cabinet,250,89.60000000000001,87.2,2.400000000000002
libero_goal,versus_reference,gripper,stk,reference,stk,turn_on_the_stove,250,99.6,99.6,0.0
libero_goal,versus_reference,component_time,dur,reference,dur,open_the_middle_drawer_of_the_cabinet,250,98.0,99.6,-1.6000000000000014
libero_goal,versus_reference,component_time,dur,reference,dur,open_the_top_drawer_and_put_the_bowl_inside,250,63.2,81.2,-18.000000000000004
libero_goal,versus_reference,component_time,dur,reference,dur,push_the_plate_to_the_front_of_the_stove,250,94.8,83.2,11.6
libero_goal,versus_reference,component_time,dur,reference,dur,put_the_bowl_on_the_plate,250,95.19999999999999,80.0,15.199999999999992
libero_goal,versus_reference,component_time,dur,reference,dur,put_the_bowl_on_the_stove,250,92.80000000000001,96.39999999999999,-3.599999999999992
libero_goal,versus_reference,component_time,dur,reference,dur,put_the_bowl_on_top_of_the_cabinet,250,95.19999999999999,96.39999999999999,-1.200000000000001
libero_goal,versus_reference,component_time,dur,reference,dur,put_the_cream_cheese_in_the_bowl,250,80.0,77.60000000000001,2.400000000000002
libero_goal,versus_reference,component_time,dur,reference,dur,put_the_wine_bottle_on_the_rack,250,74.0,88.8,-14.800000000000002
libero_goal,versus_reference,component_time,dur,reference,dur,put_the_wine_bottle_on_top_of_the_cabinet,250,88.0,92.0,-4.0000000000000036
libero_goal,versus_reference,component_time,dur,reference,dur,turn_on_the_stove,250,100.0,98.4,1.6000000000000014
libero_goal,design_contrast,component_time,dur,component_velocity,dur,open_the_middle_drawer_of_the_cabinet,250,98.0,98.4,-0.40000000000000036
libero_goal,design_contrast,component_time,dur,component_velocity,dur,open_the_top_drawer_and_put_the_bowl_inside,250,63.2,64.0,-0.8000000000000007
libero_goal,design_contrast,component_time,dur,component_velocity,dur,push_the_plate_to_the_front_of_the_stove,250,94.8,93.2,1.5999999999999903
libero_goal,design_contrast,component_time,dur,component_velocity,dur,put_the_bowl_on_the_plate,250,95.19999999999999,92.80000000000001,2.399999999999991
libero_goal,design_contrast,component_time,dur,component_velocity,dur,put_the_bowl_on_the_stove,250,92.80000000000001,94.39999999999999,-1.5999999999999903
libero_goal,design_contrast,component_time,dur,component_velocity,dur,put_the_bowl_on_top_of_the_cabinet,250,95.19999999999999,95.6,-0.40000000000000036
libero_goal,design_contrast,component_time,dur,component_velocity,dur,put_the_cream_cheese_in_the_bowl,250,80.0,79.60000000000001,0.40000000000000036
libero_goal,design_contrast,component_time,dur,component_velocity,dur,put_the_wine_bottle_on_the_rack,250,74.0,78.8,-4.800000000000004
libero_goal,design_contrast,component_time,dur,component_velocity,dur,put_the_wine_bottle_on_top_of_the_cabinet,250,88.0,86.8,1.200000000000001
libero_goal,design_contrast,component_time,dur,component_velocity,dur,turn_on_the_stove,250,100.0,99.6,0.40000000000000036
libero_goal,combined_timing_change,component_time,dur,gripper,dur,open_the_middle_drawer_of_the_cabinet,250,98.0,99.2,-1.200000000000001
libero_goal,combined_timing_change,component_time,dur,gripper,dur,open_the_top_drawer_and_put_the_bowl_inside,250,63.2,74.4,-11.2
libero_goal,combined_timing_change,component_time,dur,gripper,dur,push_the_plate_to_the_front_of_the_stove,250,94.8,75.6,19.199999999999996
libero_goal,combined_timing_change,component_time,dur,gripper,dur,put_the_bowl_on_the_plate,250,95.19999999999999,93.2,1.9999999999999907
libero_goal,combined_timing_change,component_time,dur,gripper,dur,put_the_bowl_on_the_stove,250,92.80000000000001,98.0,-5.199999999999994
libero_goal,combined_timing_change,component_time,dur,gripper,dur,put_the_bowl_on_top_of_the_cabinet,250,95.19999999999999,95.6,-0.40000000000000036
libero_goal,combined_timing_change,component_time,dur,gripper,dur,put_the_cream_cheese_in_the_bowl,250,80.0,79.2,0.8000000000000007
libero_goal,combined_timing_change,component_time,dur,gripper,dur,put_the_wine_bottle_on_the_rack,250,74.0,85.2,-11.2
libero_goal,combined_timing_change,component_time,dur,gripper,dur,put_the_wine_bottle_on_top_of_the_cabinet,250,88.0,88.8,-0.8000000000000007
libero_goal,combined_timing_change,component_time,dur,gripper,dur,turn_on_the_stove,250,100.0,100.0,0.0
libero_goal,duration_vs_stk,component_time,dur,component_time,stk,open_the_middle_drawer_of_the_cabinet,250,98.0,98.0,0.0
libero_goal,duration_vs_stk,component_time,dur,component_time,stk,open_the_top_drawer_and_put_the_bowl_inside,250,63.2,62.8,0.40000000000000036
libero_goal,duration_vs_stk,component_time,dur,component_time,stk,push_the_plate_to_the_front_of_the_stove,250,94.8,71.6,23.2
libero_goal,duration_vs_stk,component_time,dur,component_time,stk,put_the_bowl_on_the_plate,250,95.19999999999999,73.6,21.599999999999998
libero_goal,duration_vs_stk,component_time,dur,component_time,stk,put_the_bowl_on_the_stove,250,92.80000000000001,80.0,12.8
libero_goal,duration_vs_stk,component_time,dur,component_time,stk,put_the_bowl_on_top_of_the_cabinet,250,95.19999999999999,88.4,6.799999999999995
libero_goal,duration_vs_stk,component_time,dur,component_time,stk,put_the_cream_cheese_in_the_bowl,250,80.0,48.8,31.200000000000006
libero_goal,duration_vs_stk,component_time,dur,component_time,stk,put_the_wine_bottle_on_the_rack,250,74.0,64.8,9.199999999999998
libero_goal,duration_vs_stk,component_time,dur,component_time,stk,put_the_wine_bottle_on_top_of_the_cabinet,250,88.0,69.19999999999999,18.800000000000004
libero_goal,duration_vs_stk,component_time,dur,component_time,stk,turn_on_the_stove,250,100.0,99.6,0.40000000000000036
libero_goal,versus_reference,gripper,dur,reference,dur,open_the_middle_drawer_of_the_cabinet,250,99.2,99.6,-0.40000000000000036
libero_goal,versus_reference,gripper,dur,reference,dur,open_the_top_drawer_and_put_the_bowl_inside,250,74.4,81.2,-6.800000000000006
libero_goal,versus_reference,gripper,dur,reference,dur,push_the_plate_to_the_front_of_the_stove,250,75.6,83.2,-7.599999999999996
libero_goal,versus_reference,gripper,dur,reference,dur,put_the_bowl_on_the_plate,250,93.2,80.0,13.200000000000001
libero_goal,versus_reference,gripper,dur,reference,dur,put_the_bowl_on_the_stove,250,98.0,96.39999999999999,1.6000000000000014
libero_goal,versus_reference,gripper,dur,reference,dur,put_the_bowl_on_top_of_the_cabinet,250,95.6,96.39999999999999,-0.8000000000000007
libero_goal,versus_reference,gripper,dur,reference,dur,put_the_cream_cheese_in_the_bowl,250,79.2,77.60000000000001,1.6000000000000014
libero_goal,versus_reference,gripper,dur,reference,dur,put_the_wine_bottle_on_the_rack,250,85.2,88.8,-3.600000000000003
libero_goal,versus_reference,gripper,dur,reference,dur,put_the_wine_bottle_on_top_of_the_cabinet,250,88.8,92.0,-3.200000000000003
libero_goal,versus_reference,gripper,dur,reference,dur,turn_on_the_stove,250,100.0,98.4,1.6000000000000014
libero_goal,duration_vs_stk,gripper,dur,gripper,stk,open_the_middle_drawer_of_the_cabinet,250,99.2,98.8,0.40000000000000036
libero_goal,duration_vs_stk,gripper,dur,gripper,stk,open_the_top_drawer_and_put_the_bowl_inside,250,74.4,74.0,0.40000000000000036
libero_goal,duration_vs_stk,gripper,dur,gripper,stk,push_the_plate_to_the_front_of_the_stove,250,75.6,72.39999999999999,3.200000000000003
libero_goal,duration_vs_stk,gripper,dur,gripper,stk,put_the_bowl_on_the_plate,250,93.2,83.6,9.600000000000009
libero_goal,duration_vs_stk,gripper,dur,gripper,stk,put_the_bowl_on_the_stove,250,98.0,98.0,0.0
libero_goal,duration_vs_stk,gripper,dur,gripper,stk,put_the_bowl_on_top_of_the_cabinet,250,95.6,85.6,9.999999999999998
libero_goal,duration_vs_stk,gripper,dur,gripper,stk,put_the_cream_cheese_in_the_bowl,250,79.2,80.80000000000001,-1.6000000000000014
libero_goal,duration_vs_stk,gripper,dur,gripper,stk,put_the_wine_bottle_on_the_rack,250,85.2,88.0,-2.8000000000000025
libero_goal,duration_vs_stk,gripper,dur,gripper,stk,put_the_wine_bottle_on_top_of_the_cabinet,250,88.8,89.60000000000001,-0.8000000000000007
libero_goal,duration_vs_stk,gripper,dur,gripper,stk,turn_on_the_stove,250,100.0,99.6,0.40000000000000036
libero_goal,versus_reference,xyz_scalar,stk,reference,stk,open_the_middle_drawer_of_the_cabinet,250,89.2,99.6,-10.399999999999999
libero_goal,versus_reference,xyz_scalar,stk,reference,stk,open_the_top_drawer_and_put_the_bowl_inside,250,40.0,72.0,-31.999999999999996
libero_goal,versus_reference,xyz_scalar,stk,reference,stk,push_the_plate_to_the_front_of_the_stove,250,54.0,77.2,-23.2
libero_goal,versus_reference,xyz_scalar,stk,reference,stk,put_the_bowl_on_the_plate,250,67.60000000000001,76.8,-9.199999999999998
libero_goal,versus_reference,xyz_scalar,stk,reference,stk,put_the_bowl_on_the_stove,250,88.8,98.4,-9.599999999999998
libero_goal,versus_reference,xyz_scalar,stk,reference,stk,put_the_bowl_on_top_of_the_cabinet,250,74.4,94.39999999999999,-19.999999999999996
libero_goal,versus_reference,xyz_scalar,stk,reference,stk,put_the_cream_cheese_in_the_bowl,250,45.2,66.0,-20.8
libero_goal,versus_reference,xyz_scalar,stk,reference,stk,put_the_wine_bottle_on_the_rack,250,67.60000000000001,84.0,-16.39999999999999
libero_goal,versus_reference,xyz_scalar,stk,reference,stk,put_the_wine_bottle_on_top_of_the_cabinet,250,59.199999999999996,87.2,-28.000000000000004
libero_goal,versus_reference,xyz_scalar,stk,reference,stk,turn_on_the_stove,250,94.39999999999999,99.6,-5.200000000000005
libero_goal,design_contrast,xyz_scalar,stk,gripper,stk,open_the_middle_drawer_of_the_cabinet,250,89.2,98.8,-9.599999999999998
libero_goal,design_contrast,xyz_scalar,stk,gripper,stk,open_the_top_drawer_and_put_the_bowl_inside,250,40.0,74.0,-34.0
libero_goal,design_contrast,xyz_scalar,stk,gripper,stk,push_the_plate_to_the_front_of_the_stove,250,54.0,72.39999999999999,-18.399999999999995
libero_goal,design_contrast,xyz_scalar,stk,gripper,stk,put_the_bowl_on_the_plate,250,67.60000000000001,83.6,-15.999999999999993
libero_goal,design_contrast,xyz_scalar,stk,gripper,stk,put_the_bowl_on_the_stove,250,88.8,98.0,-9.199999999999998
libero_goal,design_contrast,xyz_scalar,stk,gripper,stk,put_the_bowl_on_top_of_the_cabinet,250,74.4,85.6,-11.2
libero_goal,design_contrast,xyz_scalar,stk,gripper,stk,put_the_cream_cheese_in_the_bowl,250,45.2,80.80000000000001,-35.6
libero_goal,design_contrast,xyz_scalar,stk,gripper,stk,put_the_wine_bottle_on_the_rack,250,67.60000000000001,88.0,-20.399999999999995
libero_goal,design_contrast,xyz_scalar,stk,gripper,stk,put_the_wine_bottle_on_top_of_the_cabinet,250,59.199999999999996,89.60000000000001,-30.400000000000006
libero_goal,design_contrast,xyz_scalar,stk,gripper,stk,turn_on_the_stove,250,94.39999999999999,99.6,-5.200000000000005
libero_goal,versus_reference,xyz_scalar,dur,reference,dur,open_the_middle_drawer_of_the_cabinet,250,97.6,99.6,-2.0000000000000018
libero_goal,versus_reference,xyz_scalar,dur,reference,dur,open_the_top_drawer_and_put_the_bowl_inside,250,73.2,81.2,-8.000000000000007
libero_goal,versus_reference,xyz_scalar,dur,reference,dur,push_the_plate_to_the_front_of_the_stove,250,81.2,83.2,-1.9999999999999907
libero_goal,versus_reference,xyz_scalar,dur,reference,dur,put_the_bowl_on_the_plate,250,92.80000000000001,80.0,12.8
libero_goal,versus_reference,xyz_scalar,dur,reference,dur,put_the_bowl_on_the_stove,250,97.2,96.39999999999999,0.8000000000000007
libero_goal,versus_reference,xyz_scalar,dur,reference,dur,put_the_bowl_on_top_of_the_cabinet,250,94.39999999999999,96.39999999999999,-2.0000000000000018
libero_goal,versus_reference,xyz_scalar,dur,reference,dur,put_the_cream_cheese_in_the_bowl,250,74.4,77.60000000000001,-3.200000000000003
libero_goal,versus_reference,xyz_scalar,dur,reference,dur,put_the_wine_bottle_on_the_rack,250,80.4,88.8,-8.399999999999997
libero_goal,versus_reference,xyz_scalar,dur,reference,dur,put_the_wine_bottle_on_top_of_the_cabinet,250,88.0,92.0,-4.0000000000000036
libero_goal,versus_reference,xyz_scalar,dur,reference,dur,turn_on_the_stove,250,99.2,98.4,0.8000000000000007
libero_goal,design_contrast,xyz_scalar,dur,gripper,dur,open_the_middle_drawer_of_the_cabinet,250,97.6,99.2,-1.6000000000000014
libero_goal,design_contrast,xyz_scalar,dur,gripper,dur,open_the_top_drawer_and_put_the_bowl_inside,250,73.2,74.4,-1.200000000000001
libero_goal,design_contrast,xyz_scalar,dur,gripper,dur,push_the_plate_to_the_front_of_the_stove,250,81.2,75.6,5.600000000000005
libero_goal,design_contrast,xyz_scalar,dur,gripper,dur,put_the_bowl_on_the_plate,250,92.80000000000001,93.2,-0.40000000000000036
libero_goal,design_contrast,xyz_scalar,dur,gripper,dur,put_the_bowl_on_the_stove,250,97.2,98.0,-0.8000000000000007
libero_goal,design_contrast,xyz_scalar,dur,gripper,dur,put_the_bowl_on_top_of_the_cabinet,250,94.39999999999999,95.6,-1.200000000000001
libero_goal,design_contrast,xyz_scalar,dur,gripper,dur,put_the_cream_cheese_in_the_bowl,250,74.4,79.2,-4.800000000000004
libero_goal,design_contrast,xyz_scalar,dur,gripper,dur,put_the_wine_bottle_on_the_rack,250,80.4,85.2,-4.799999999999994
libero_goal,design_contrast,xyz_scalar,dur,gripper,dur,put_the_wine_bottle_on_top_of_the_cabinet,250,88.0,88.8,-0.8000000000000007
libero_goal,design_contrast,xyz_scalar,dur,gripper,dur,turn_on_the_stove,250,99.2,100.0,-0.8000000000000007
libero_goal,duration_vs_stk,xyz_scalar,dur,xyz_scalar,stk,open_the_middle_drawer_of_the_cabinet,250,97.6,89.2,8.399999999999997
libero_goal,duration_vs_stk,xyz_scalar,dur,xyz_scalar,stk,open_the_top_drawer_and_put_the_bowl_inside,250,73.2,40.0,33.199999999999996
libero_goal,duration_vs_stk,xyz_scalar,dur,xyz_scalar,stk,push_the_plate_to_the_front_of_the_stove,250,81.2,54.0,27.200000000000003
libero_goal,duration_vs_stk,xyz_scalar,dur,xyz_scalar,stk,put_the_bowl_on_the_plate,250,92.80000000000001,67.60000000000001,25.2
libero_goal,duration_vs_stk,xyz_scalar,dur,xyz_scalar,stk,put_the_bowl_on_the_stove,250,97.2,88.8,8.399999999999997
libero_goal,duration_vs_stk,xyz_scalar,dur,xyz_scalar,stk,put_the_bowl_on_top_of_the_cabinet,250,94.39999999999999,74.4,19.999999999999996
libero_goal,duration_vs_stk,xyz_scalar,dur,xyz_scalar,stk,put_the_cream_cheese_in_the_bowl,250,74.4,45.2,29.2
libero_goal,duration_vs_stk,xyz_scalar,dur,xyz_scalar,stk,put_the_wine_bottle_on_the_rack,250,80.4,67.60000000000001,12.8
libero_goal,duration_vs_stk,xyz_scalar,dur,xyz_scalar,stk,put_the_wine_bottle_on_top_of_the_cabinet,250,88.0,59.199999999999996,28.800000000000004
libero_goal,duration_vs_stk,xyz_scalar,dur,xyz_scalar,stk,turn_on_the_stove,250,99.2,94.39999999999999,4.800000000000004
libero_goal,versus_reference,component_velocity,stk,reference,stk,open_the_middle_drawer_of_the_cabinet,250,99.6,99.6,0.0
libero_goal,versus_reference,component_velocity,stk,reference,stk,open_the_top_drawer_and_put_the_bowl_inside,250,75.2,72.0,3.200000000000003
libero_goal,versus_reference,component_velocity,stk,reference,stk,push_the_plate_to_the_front_of_the_stove,250,79.60000000000001,77.2,2.400000000000002
libero_goal,versus_reference,component_velocity,stk,reference,stk,put_the_bowl_on_the_plate,250,71.6,76.8,-5.200000000000005
libero_goal,versus_reference,component_velocity,stk,reference,stk,put_the_bowl_on_the_stove,250,99.2,98.4,0.8000000000000007
libero_goal,versus_reference,component_velocity,stk,reference,stk,put_the_bowl_on_top_of_the_cabinet,250,96.8,94.39999999999999,2.400000000000002
libero_goal,versus_reference,component_velocity,stk,reference,stk,put_the_cream_cheese_in_the_bowl,250,72.39999999999999,66.0,6.399999999999995
libero_goal,versus_reference,component_velocity,stk,reference,stk,put_the_wine_bottle_on_the_rack,250,78.4,84.0,-5.599999999999994
libero_goal,versus_reference,component_velocity,stk,reference,stk,put_the_wine_bottle_on_top_of_the_cabinet,250,81.6,87.2,-5.600000000000005
libero_goal,versus_reference,component_velocity,stk,reference,stk,turn_on_the_stove,250,99.6,99.6,0.0
libero_goal,design_contrast,component_velocity,stk,gripper,stk,open_the_middle_drawer_of_the_cabinet,250,99.6,98.8,0.8000000000000007
libero_goal,design_contrast,component_velocity,stk,gripper,stk,open_the_top_drawer_and_put_the_bowl_inside,250,75.2,74.0,1.200000000000001
libero_goal,design_contrast,component_velocity,stk,gripper,stk,push_the_plate_to_the_front_of_the_stove,250,79.60000000000001,72.39999999999999,7.200000000000006
libero_goal,design_contrast,component_velocity,stk,gripper,stk,put_the_bowl_on_the_plate,250,71.6,83.6,-12.0
libero_goal,design_contrast,component_velocity,stk,gripper,stk,put_the_bowl_on_the_stove,250,99.2,98.0,1.200000000000001
libero_goal,design_contrast,component_velocity,stk,gripper,stk,put_the_bowl_on_top_of_the_cabinet,250,96.8,85.6,11.2
libero_goal,design_contrast,component_velocity,stk,gripper,stk,put_the_cream_cheese_in_the_bowl,250,72.39999999999999,80.80000000000001,-8.400000000000007
libero_goal,design_contrast,component_velocity,stk,gripper,stk,put_the_wine_bottle_on_the_rack,250,78.4,88.0,-9.599999999999998
libero_goal,design_contrast,component_velocity,stk,gripper,stk,put_the_wine_bottle_on_top_of_the_cabinet,250,81.6,89.60000000000001,-8.000000000000007
libero_goal,design_contrast,component_velocity,stk,gripper,stk,turn_on_the_stove,250,99.6,99.6,0.0
libero_goal,versus_reference,component_velocity,dur,reference,dur,open_the_middle_drawer_of_the_cabinet,250,98.4,99.6,-1.200000000000001
libero_goal,versus_reference,component_velocity,dur,reference,dur,open_the_top_drawer_and_put_the_bowl_inside,250,64.0,81.2,-17.200000000000003
libero_goal,versus_reference,component_velocity,dur,reference,dur,push_the_plate_to_the_front_of_the_stove,250,93.2,83.2,10.000000000000009
libero_goal,versus_reference,component_velocity,dur,reference,dur,put_the_bowl_on_the_plate,250,92.80000000000001,80.0,12.8
libero_goal,versus_reference,component_velocity,dur,reference,dur,put_the_bowl_on_the_stove,250,94.39999999999999,96.39999999999999,-2.0000000000000018
libero_goal,versus_reference,component_velocity,dur,reference,dur,put_the_bowl_on_top_of_the_cabinet,250,95.6,96.39999999999999,-0.8000000000000007
libero_goal,versus_reference,component_velocity,dur,reference,dur,put_the_cream_cheese_in_the_bowl,250,79.60000000000001,77.60000000000001,2.0000000000000018
libero_goal,versus_reference,component_velocity,dur,reference,dur,put_the_wine_bottle_on_the_rack,250,78.8,88.8,-9.999999999999998
libero_goal,versus_reference,component_velocity,dur,reference,dur,put_the_wine_bottle_on_top_of_the_cabinet,250,86.8,92.0,-5.200000000000005
libero_goal,versus_reference,component_velocity,dur,reference,dur,turn_on_the_stove,250,99.6,98.4,1.200000000000001
libero_goal,design_contrast,component_velocity,dur,gripper,dur,open_the_middle_drawer_of_the_cabinet,250,98.4,99.2,-0.8000000000000007
libero_goal,design_contrast,component_velocity,dur,gripper,dur,open_the_top_drawer_and_put_the_bowl_inside,250,64.0,74.4,-10.399999999999999
libero_goal,design_contrast,component_velocity,dur,gripper,dur,push_the_plate_to_the_front_of_the_stove,250,93.2,75.6,17.600000000000005
libero_goal,design_contrast,component_velocity,dur,gripper,dur,put_the_bowl_on_the_plate,250,92.80000000000001,93.2,-0.40000000000000036
libero_goal,design_contrast,component_velocity,dur,gripper,dur,put_the_bowl_on_the_stove,250,94.39999999999999,98.0,-3.600000000000003
libero_goal,design_contrast,component_velocity,dur,gripper,dur,put_the_bowl_on_top_of_the_cabinet,250,95.6,95.6,0.0
libero_goal,design_contrast,component_velocity,dur,gripper,dur,put_the_cream_cheese_in_the_bowl,250,79.60000000000001,79.2,0.40000000000000036
libero_goal,design_contrast,component_velocity,dur,gripper,dur,put_the_wine_bottle_on_the_rack,250,78.8,85.2,-6.399999999999995
libero_goal,design_contrast,component_velocity,dur,gripper,dur,put_the_wine_bottle_on_top_of_the_cabinet,250,86.8,88.8,-2.0000000000000018
libero_goal,design_contrast,component_velocity,dur,gripper,dur,turn_on_the_stove,250,99.6,100.0,-0.40000000000000036
libero_goal,duration_vs_stk,component_velocity,dur,component_velocity,stk,open_the_middle_drawer_of_the_cabinet,250,98.4,99.6,-1.200000000000001
libero_goal,duration_vs_stk,component_velocity,dur,component_velocity,stk,open_the_top_drawer_and_put_the_bowl_inside,250,64.0,75.2,-11.2
libero_goal,duration_vs_stk,component_velocity,dur,component_velocity,stk,push_the_plate_to_the_front_of_the_stove,250,93.2,79.60000000000001,13.600000000000001
libero_goal,duration_vs_stk,component_velocity,dur,component_velocity,stk,put_the_bowl_on_the_plate,250,92.80000000000001,71.6,21.200000000000006
libero_goal,duration_vs_stk,component_velocity,dur,component_velocity,stk,put_the_bowl_on_the_stove,250,94.39999999999999,99.2,-4.800000000000004
libero_goal,duration_vs_stk,component_velocity,dur,component_velocity,stk,put_the_bowl_on_top_of_the_cabinet,250,95.6,96.8,-1.200000000000001
libero_goal,duration_vs_stk,component_velocity,dur,component_velocity,stk,put_the_cream_cheese_in_the_bowl,250,79.60000000000001,72.39999999999999,7.200000000000006
libero_goal,duration_vs_stk,component_velocity,dur,component_velocity,stk,put_the_wine_bottle_on_the_rack,250,78.8,78.4,0.40000000000000036
libero_goal,duration_vs_stk,component_velocity,dur,component_velocity,stk,put_the_wine_bottle_on_top_of_the_cabinet,250,86.8,81.6,5.200000000000005
libero_goal,duration_vs_stk,component_velocity,dur,component_velocity,stk,turn_on_the_stove,250,99.6,99.6,0.0
libero_goal,versus_reference,component_time,stk,reference,stk,open_the_middle_drawer_of_the_cabinet,250,98.0,99.6,-1.6000000000000014
libero_goal,versus_reference,component_time,stk,reference,stk,open_the_top_drawer_and_put_the_bowl_inside,250,62.8,72.0,-9.199999999999998
libero_goal,versus_reference,component_time,stk,reference,stk,push_the_plate_to_the_front_of_the_stove,250,71.6,77.2,-5.600000000000005
libero_goal,versus_reference,component_time,stk,reference,stk,put_the_bowl_on_the_plate,250,73.6,76.8,-3.200000000000003
libero_goal,versus_reference,component_time,stk,reference,stk,put_the_bowl_on_the_stove,250,80.0,98.4,-18.399999999999995
libero_goal,versus_reference,component_time,stk,reference,stk,put_the_bowl_on_top_of_the_cabinet,250,88.4,94.39999999999999,-5.999999999999995
libero_goal,versus_reference,component_time,stk,reference,stk,put_the_cream_cheese_in_the_bowl,250,48.8,66.0,-17.200000000000003
libero_goal,versus_reference,component_time,stk,reference,stk,put_the_wine_bottle_on_the_rack,250,64.8,84.0,-19.199999999999996
libero_goal,versus_reference,component_time,stk,reference,stk,put_the_wine_bottle_on_top_of_the_cabinet,250,69.19999999999999,87.2,-18.000000000000004
libero_goal,versus_reference,component_time,stk,reference,stk,turn_on_the_stove,250,99.6,99.6,0.0
libero_goal,design_contrast,component_time,stk,component_velocity,stk,open_the_middle_drawer_of_the_cabinet,250,98.0,99.6,-1.6000000000000014
libero_goal,design_contrast,component_time,stk,component_velocity,stk,open_the_top_drawer_and_put_the_bowl_inside,250,62.8,75.2,-12.4
libero_goal,design_contrast,component_time,stk,component_velocity,stk,push_the_plate_to_the_front_of_the_stove,250,71.6,79.60000000000001,-8.000000000000007
libero_goal,design_contrast,component_time,stk,component_velocity,stk,put_the_bowl_on_the_plate,250,73.6,71.6,2.0000000000000018
libero_goal,design_contrast,component_time,stk,component_velocity,stk,put_the_bowl_on_the_stove,250,80.0,99.2,-19.199999999999996
libero_goal,design_contrast,component_time,stk,component_velocity,stk,put_the_bowl_on_top_of_the_cabinet,250,88.4,96.8,-8.399999999999997
libero_goal,design_contrast,component_time,stk,component_velocity,stk,put_the_cream_cheese_in_the_bowl,250,48.8,72.39999999999999,-23.599999999999998
libero_goal,design_contrast,component_time,stk,component_velocity,stk,put_the_wine_bottle_on_the_rack,250,64.8,78.4,-13.600000000000001
libero_goal,design_contrast,component_time,stk,component_velocity,stk,put_the_wine_bottle_on_top_of_the_cabinet,250,69.19999999999999,81.6,-12.4
libero_goal,design_contrast,component_time,stk,component_velocity,stk,turn_on_the_stove,250,99.6,99.6,0.0
libero_goal,combined_timing_change,component_time,stk,gripper,stk,open_the_middle_drawer_of_the_cabinet,250,98.0,98.8,-0.8000000000000007
libero_goal,combined_timing_change,component_time,stk,gripper,stk,open_the_top_drawer_and_put_the_bowl_inside,250,62.8,74.0,-11.2
libero_goal,combined_timing_change,component_time,stk,gripper,stk,push_the_plate_to_the_front_of_the_stove,250,71.6,72.39999999999999,-0.8000000000000007
libero_goal,combined_timing_change,component_time,stk,gripper,stk,put_the_bowl_on_the_plate,250,73.6,83.6,-9.999999999999998
libero_goal,combined_timing_change,component_time,stk,gripper,stk,put_the_bowl_on_the_stove,250,80.0,98.0,-17.999999999999993
libero_goal,combined_timing_change,component_time,stk,gripper,stk,put_the_bowl_on_top_of_the_cabinet,250,88.4,85.6,2.8000000000000025
libero_goal,combined_timing_change,component_time,stk,gripper,stk,put_the_cream_cheese_in_the_bowl,250,48.8,80.80000000000001,-32.00000000000001
libero_goal,combined_timing_change,component_time,stk,gripper,stk,put_the_wine_bottle_on_the_rack,250,64.8,88.0,-23.2
libero_goal,combined_timing_change,component_time,stk,gripper,stk,put_the_wine_bottle_on_top_of_the_cabinet,250,69.19999999999999,89.60000000000001,-20.400000000000006
libero_goal,combined_timing_change,component_time,stk,gripper,stk,turn_on_the_stove,250,99.6,99.6,0.0
libero_goal,versus_reference,x_yz,stk,reference,stk,open_the_middle_drawer_of_the_cabinet,250,99.6,99.6,0.0
libero_goal,versus_reference,x_yz,stk,reference,stk,open_the_top_drawer_and_put_the_bowl_inside,250,64.4,72.0,-7.599999999999996
libero_goal,versus_reference,x_yz,stk,reference,stk,push_the_plate_to_the_front_of_the_stove,250,72.8,77.2,-4.400000000000004
libero_goal,versus_reference,x_yz,stk,reference,stk,put_the_bowl_on_the_plate,250,66.0,76.8,-10.799999999999999
libero_goal,versus_reference,x_yz,stk,reference,stk,put_the_bowl_on_the_stove,250,94.0,98.4,-4.400000000000004
libero_goal,versus_reference,x_yz,stk,reference,stk,put_the_bowl_on_top_of_the_cabinet,250,91.60000000000001,94.39999999999999,-2.7999999999999914
libero_goal,versus_reference,x_yz,stk,reference,stk,put_the_cream_cheese_in_the_bowl,250,61.199999999999996,66.0,-4.800000000000004
libero_goal,versus_reference,x_yz,stk,reference,stk,put_the_wine_bottle_on_the_rack,250,70.8,84.0,-13.200000000000001
libero_goal,versus_reference,x_yz,stk,reference,stk,put_the_wine_bottle_on_top_of_the_cabinet,250,82.39999999999999,87.2,-4.800000000000004
libero_goal,versus_reference,x_yz,stk,reference,stk,turn_on_the_stove,250,99.2,99.6,-0.40000000000000036
libero_goal,design_contrast,x_yz,stk,gripper,stk,open_the_middle_drawer_of_the_cabinet,250,99.6,98.8,0.8000000000000007
libero_goal,design_contrast,x_yz,stk,gripper,stk,open_the_top_drawer_and_put_the_bowl_inside,250,64.4,74.0,-9.599999999999998
libero_goal,design_contrast,x_yz,stk,gripper,stk,push_the_plate_to_the_front_of_the_stove,250,72.8,72.39999999999999,0.40000000000000036
libero_goal,design_contrast,x_yz,stk,gripper,stk,put_the_bowl_on_the_plate,250,66.0,83.6,-17.599999999999994
libero_goal,design_contrast,x_yz,stk,gripper,stk,put_the_bowl_on_the_stove,250,94.0,98.0,-4.0000000000000036
libero_goal,design_contrast,x_yz,stk,gripper,stk,put_the_bowl_on_top_of_the_cabinet,250,91.60000000000001,85.6,6.000000000000005
libero_goal,design_contrast,x_yz,stk,gripper,stk,put_the_cream_cheese_in_the_bowl,250,61.199999999999996,80.80000000000001,-19.600000000000005
libero_goal,design_contrast,x_yz,stk,gripper,stk,put_the_wine_bottle_on_the_rack,250,70.8,88.0,-17.200000000000003
libero_goal,design_contrast,x_yz,stk,gripper,stk,put_the_wine_bottle_on_top_of_the_cabinet,250,82.39999999999999,89.60000000000001,-7.200000000000006
libero_goal,design_contrast,x_yz,stk,gripper,stk,turn_on_the_stove,250,99.2,99.6,-0.40000000000000036
libero_goal,versus_reference,x_yz,dur,reference,dur,open_the_middle_drawer_of_the_cabinet,250,100.0,99.6,0.40000000000000036
libero_goal,versus_reference,x_yz,dur,reference,dur,open_the_top_drawer_and_put_the_bowl_inside,250,67.2,81.2,-14.000000000000002
libero_goal,versus_reference,x_yz,dur,reference,dur,push_the_plate_to_the_front_of_the_stove,250,80.80000000000001,83.2,-2.399999999999991
libero_goal,versus_reference,x_yz,dur,reference,dur,put_the_bowl_on_the_plate,250,90.8,80.0,10.799999999999999
libero_goal,versus_reference,x_yz,dur,reference,dur,put_the_bowl_on_the_stove,250,98.0,96.39999999999999,1.6000000000000014
libero_goal,versus_reference,x_yz,dur,reference,dur,put_the_bowl_on_top_of_the_cabinet,250,92.80000000000001,96.39999999999999,-3.599999999999992
libero_goal,versus_reference,x_yz,dur,reference,dur,put_the_cream_cheese_in_the_bowl,250,74.0,77.60000000000001,-3.600000000000003
libero_goal,versus_reference,x_yz,dur,reference,dur,put_the_wine_bottle_on_the_rack,250,86.0,88.8,-2.8000000000000025
libero_goal,versus_reference,x_yz,dur,reference,dur,put_the_wine_bottle_on_top_of_the_cabinet,250,86.0,92.0,-6.000000000000005
libero_goal,versus_reference,x_yz,dur,reference,dur,turn_on_the_stove,250,100.0,98.4,1.6000000000000014
libero_goal,design_contrast,x_yz,dur,gripper,dur,open_the_middle_drawer_of_the_cabinet,250,100.0,99.2,0.8000000000000007
libero_goal,design_contrast,x_yz,dur,gripper,dur,open_the_top_drawer_and_put_the_bowl_inside,250,67.2,74.4,-7.199999999999996
libero_goal,design_contrast,x_yz,dur,gripper,dur,push_the_plate_to_the_front_of_the_stove,250,80.80000000000001,75.6,5.200000000000005
libero_goal,design_contrast,x_yz,dur,gripper,dur,put_the_bowl_on_the_plate,250,90.8,93.2,-2.400000000000002
libero_goal,design_contrast,x_yz,dur,gripper,dur,put_the_bowl_on_the_stove,250,98.0,98.0,0.0
libero_goal,design_contrast,x_yz,dur,gripper,dur,put_the_bowl_on_top_of_the_cabinet,250,92.80000000000001,95.6,-2.7999999999999914
libero_goal,design_contrast,x_yz,dur,gripper,dur,put_the_cream_cheese_in_the_bowl,250,74.0,79.2,-5.200000000000005
libero_goal,design_contrast,x_yz,dur,gripper,dur,put_the_wine_bottle_on_the_rack,250,86.0,85.2,0.8000000000000007
libero_goal,design_contrast,x_yz,dur,gripper,dur,put_the_wine_bottle_on_top_of_the_cabinet,250,86.0,88.8,-2.8000000000000025
libero_goal,design_contrast,x_yz,dur,gripper,dur,turn_on_the_stove,250,100.0,100.0,0.0
libero_goal,duration_vs_stk,x_yz,dur,x_yz,stk,open_the_middle_drawer_of_the_cabinet,250,100.0,99.6,0.40000000000000036
libero_goal,duration_vs_stk,x_yz,dur,x_yz,stk,open_the_top_drawer_and_put_the_bowl_inside,250,67.2,64.4,2.8000000000000025
libero_goal,duration_vs_stk,x_yz,dur,x_yz,stk,push_the_plate_to_the_front_of_the_stove,250,80.80000000000001,72.8,8.000000000000007
libero_goal,duration_vs_stk,x_yz,dur,x_yz,stk,put_the_bowl_on_the_plate,250,90.8,66.0,24.8
libero_goal,duration_vs_stk,x_yz,dur,x_yz,stk,put_the_bowl_on_the_stove,250,98.0,94.0,4.0000000000000036
libero_goal,duration_vs_stk,x_yz,dur,x_yz,stk,put_the_bowl_on_top_of_the_cabinet,250,92.80000000000001,91.60000000000001,1.200000000000001
libero_goal,duration_vs_stk,x_yz,dur,x_yz,stk,put_the_cream_cheese_in_the_bowl,250,74.0,61.199999999999996,12.8
libero_goal,duration_vs_stk,x_yz,dur,x_yz,stk,put_the_wine_bottle_on_the_rack,250,86.0,70.8,15.200000000000003
libero_goal,duration_vs_stk,x_yz,dur,x_yz,stk,put_the_wine_bottle_on_top_of_the_cabinet,250,86.0,82.39999999999999,3.600000000000003
libero_goal,duration_vs_stk,x_yz,dur,x_yz,stk,turn_on_the_stove,250,100.0,99.2,0.8000000000000007
libero_goal,versus_reference,y_xz,stk,reference,stk,open_the_middle_drawer_of_the_cabinet,250,97.2,99.6,-2.400000000000002
libero_goal,versus_reference,y_xz,stk,reference,stk,open_the_top_drawer_and_put_the_bowl_inside,250,57.99999999999999,72.0,-14.000000000000002
libero_goal,versus_reference,y_xz,stk,reference,stk,push_the_plate_to_the_front_of_the_stove,250,69.19999999999999,77.2,-8.000000000000007
libero_goal,versus_reference,y_xz,stk,reference,stk,put_the_bowl_on_the_plate,250,82.0,76.8,5.199999999999994
libero_goal,versus_reference,y_xz,stk,reference,stk,put_the_bowl_on_the_stove,250,91.2,98.4,-7.199999999999996
libero_goal,versus_reference,y_xz,stk,reference,stk,put_the_bowl_on_top_of_the_cabinet,250,88.4,94.39999999999999,-5.999999999999995
libero_goal,versus_reference,y_xz,stk,reference,stk,put_the_cream_cheese_in_the_bowl,250,56.00000000000001,66.0,-9.999999999999998
libero_goal,versus_reference,y_xz,stk,reference,stk,put_the_wine_bottle_on_the_rack,250,65.60000000000001,84.0,-18.399999999999995
libero_goal,versus_reference,y_xz,stk,reference,stk,put_the_wine_bottle_on_top_of_the_cabinet,250,83.2,87.2,-4.0000000000000036
libero_goal,versus_reference,y_xz,stk,reference,stk,turn_on_the_stove,250,99.2,99.6,-0.40000000000000036
libero_goal,design_contrast,y_xz,stk,gripper,stk,open_the_middle_drawer_of_the_cabinet,250,97.2,98.8,-1.6000000000000014
libero_goal,design_contrast,y_xz,stk,gripper,stk,open_the_top_drawer_and_put_the_bowl_inside,250,57.99999999999999,74.0,-16.000000000000004
libero_goal,design_contrast,y_xz,stk,gripper,stk,push_the_plate_to_the_front_of_the_stove,250,69.19999999999999,72.39999999999999,-3.200000000000003
libero_goal,design_contrast,y_xz,stk,gripper,stk,put_the_bowl_on_the_plate,250,82.0,83.6,-1.6000000000000014
libero_goal,design_contrast,y_xz,stk,gripper,stk,put_the_bowl_on_the_stove,250,91.2,98.0,-6.799999999999995
libero_goal,design_contrast,y_xz,stk,gripper,stk,put_the_bowl_on_top_of_the_cabinet,250,88.4,85.6,2.8000000000000025
libero_goal,design_contrast,y_xz,stk,gripper,stk,put_the_cream_cheese_in_the_bowl,250,56.00000000000001,80.80000000000001,-24.8
libero_goal,design_contrast,y_xz,stk,gripper,stk,put_the_wine_bottle_on_the_rack,250,65.60000000000001,88.0,-22.4
libero_goal,design_contrast,y_xz,stk,gripper,stk,put_the_wine_bottle_on_top_of_the_cabinet,250,83.2,89.60000000000001,-6.400000000000006
libero_goal,design_contrast,y_xz,stk,gripper,stk,turn_on_the_stove,250,99.2,99.6,-0.40000000000000036
libero_goal,versus_reference,y_xz,dur,reference,dur,open_the_middle_drawer_of_the_cabinet,250,98.4,99.6,-1.200000000000001
libero_goal,versus_reference,y_xz,dur,reference,dur,open_the_top_drawer_and_put_the_bowl_inside,250,63.2,81.2,-18.000000000000004
libero_goal,versus_reference,y_xz,dur,reference,dur,push_the_plate_to_the_front_of_the_stove,250,81.2,83.2,-1.9999999999999907
libero_goal,versus_reference,y_xz,dur,reference,dur,put_the_bowl_on_the_plate,250,90.4,80.0,10.399999999999999
libero_goal,versus_reference,y_xz,dur,reference,dur,put_the_bowl_on_the_stove,250,96.39999999999999,96.39999999999999,0.0
libero_goal,versus_reference,y_xz,dur,reference,dur,put_the_bowl_on_top_of_the_cabinet,250,95.6,96.39999999999999,-0.8000000000000007
libero_goal,versus_reference,y_xz,dur,reference,dur,put_the_cream_cheese_in_the_bowl,250,77.60000000000001,77.60000000000001,0.0
libero_goal,versus_reference,y_xz,dur,reference,dur,put_the_wine_bottle_on_the_rack,250,83.2,88.8,-5.600000000000005
libero_goal,versus_reference,y_xz,dur,reference,dur,put_the_wine_bottle_on_top_of_the_cabinet,250,90.8,92.0,-1.200000000000001
libero_goal,versus_reference,y_xz,dur,reference,dur,turn_on_the_stove,250,98.4,98.4,0.0
libero_goal,design_contrast,y_xz,dur,gripper,dur,open_the_middle_drawer_of_the_cabinet,250,98.4,99.2,-0.8000000000000007
libero_goal,design_contrast,y_xz,dur,gripper,dur,open_the_top_drawer_and_put_the_bowl_inside,250,63.2,74.4,-11.2
libero_goal,design_contrast,y_xz,dur,gripper,dur,push_the_plate_to_the_front_of_the_stove,250,81.2,75.6,5.600000000000005
libero_goal,design_contrast,y_xz,dur,gripper,dur,put_the_bowl_on_the_plate,250,90.4,93.2,-2.8000000000000025
libero_goal,design_contrast,y_xz,dur,gripper,dur,put_the_bowl_on_the_stove,250,96.39999999999999,98.0,-1.6000000000000014
libero_goal,design_contrast,y_xz,dur,gripper,dur,put_the_bowl_on_top_of_the_cabinet,250,95.6,95.6,0.0
libero_goal,design_contrast,y_xz,dur,gripper,dur,put_the_cream_cheese_in_the_bowl,250,77.60000000000001,79.2,-1.6000000000000014
libero_goal,design_contrast,y_xz,dur,gripper,dur,put_the_wine_bottle_on_the_rack,250,83.2,85.2,-2.0000000000000018
libero_goal,design_contrast,y_xz,dur,gripper,dur,put_the_wine_bottle_on_top_of_the_cabinet,250,90.8,88.8,2.0000000000000018
libero_goal,design_contrast,y_xz,dur,gripper,dur,turn_on_the_stove,250,98.4,100.0,-1.6000000000000014
libero_goal,duration_vs_stk,y_xz,dur,y_xz,stk,open_the_middle_drawer_of_the_cabinet,250,98.4,97.2,1.200000000000001
libero_goal,duration_vs_stk,y_xz,dur,y_xz,stk,open_the_top_drawer_and_put_the_bowl_inside,250,63.2,57.99999999999999,5.200000000000005
libero_goal,duration_vs_stk,y_xz,dur,y_xz,stk,push_the_plate_to_the_front_of_the_stove,250,81.2,69.19999999999999,12.00000000000001
libero_goal,duration_vs_stk,y_xz,dur,y_xz,stk,put_the_bowl_on_the_plate,250,90.4,82.0,8.400000000000007
libero_goal,duration_vs_stk,y_xz,dur,y_xz,stk,put_the_bowl_on_the_stove,250,96.39999999999999,91.2,5.199999999999994
libero_goal,duration_vs_stk,y_xz,dur,y_xz,stk,put_the_bowl_on_top_of_the_cabinet,250,95.6,88.4,7.199999999999996
libero_goal,duration_vs_stk,y_xz,dur,y_xz,stk,put_the_cream_cheese_in_the_bowl,250,77.60000000000001,56.00000000000001,21.599999999999998
libero_goal,duration_vs_stk,y_xz,dur,y_xz,stk,put_the_wine_bottle_on_the_rack,250,83.2,65.60000000000001,17.599999999999994
libero_goal,duration_vs_stk,y_xz,dur,y_xz,stk,put_the_wine_bottle_on_top_of_the_cabinet,250,90.8,83.2,7.600000000000007
libero_goal,duration_vs_stk,y_xz,dur,y_xz,stk,turn_on_the_stove,250,98.4,99.2,-0.8000000000000007
libero_goal,versus_reference,z_xy,stk,reference,stk,open_the_middle_drawer_of_the_cabinet,250,93.60000000000001,99.6,-5.999999999999995
libero_goal,versus_reference,z_xy,stk,reference,stk,open_the_top_drawer_and_put_the_bowl_inside,250,60.0,72.0,-12.0
libero_goal,versus_reference,z_xy,stk,reference,stk,push_the_plate_to_the_front_of_the_stove,250,76.0,77.2,-1.200000000000001
libero_goal,versus_reference,z_xy,stk,reference,stk,put_the_bowl_on_the_plate,250,73.2,76.8,-3.600000000000003
libero_goal,versus_reference,z_xy,stk,reference,stk,put_the_bowl_on_the_stove,250,92.80000000000001,98.4,-5.599999999999994
libero_goal,versus_reference,z_xy,stk,reference,stk,put_the_bowl_on_top_of_the_cabinet,250,84.0,94.39999999999999,-10.399999999999999
libero_goal,versus_reference,z_xy,stk,reference,stk,put_the_cream_cheese_in_the_bowl,250,61.199999999999996,66.0,-4.800000000000004
libero_goal,versus_reference,z_xy,stk,reference,stk,put_the_wine_bottle_on_the_rack,250,86.4,84.0,2.400000000000002
libero_goal,versus_reference,z_xy,stk,reference,stk,put_the_wine_bottle_on_top_of_the_cabinet,250,75.2,87.2,-12.0
libero_goal,versus_reference,z_xy,stk,reference,stk,turn_on_the_stove,250,94.0,99.6,-5.600000000000005
libero_goal,design_contrast,z_xy,stk,gripper,stk,open_the_middle_drawer_of_the_cabinet,250,93.60000000000001,98.8,-5.199999999999994
libero_goal,design_contrast,z_xy,stk,gripper,stk,open_the_top_drawer_and_put_the_bowl_inside,250,60.0,74.0,-14.000000000000002
libero_goal,design_contrast,z_xy,stk,gripper,stk,push_the_plate_to_the_front_of_the_stove,250,76.0,72.39999999999999,3.600000000000003
libero_goal,design_contrast,z_xy,stk,gripper,stk,put_the_bowl_on_the_plate,250,73.2,83.6,-10.399999999999999
libero_goal,design_contrast,z_xy,stk,gripper,stk,put_the_bowl_on_the_stove,250,92.80000000000001,98.0,-5.199999999999994
libero_goal,design_contrast,z_xy,stk,gripper,stk,put_the_bowl_on_top_of_the_cabinet,250,84.0,85.6,-1.6000000000000014
libero_goal,design_contrast,z_xy,stk,gripper,stk,put_the_cream_cheese_in_the_bowl,250,61.199999999999996,80.80000000000001,-19.600000000000005
libero_goal,design_contrast,z_xy,stk,gripper,stk,put_the_wine_bottle_on_the_rack,250,86.4,88.0,-1.6000000000000014
libero_goal,design_contrast,z_xy,stk,gripper,stk,put_the_wine_bottle_on_top_of_the_cabinet,250,75.2,89.60000000000001,-14.400000000000002
libero_goal,design_contrast,z_xy,stk,gripper,stk,turn_on_the_stove,250,94.0,99.6,-5.600000000000005
libero_goal,versus_reference,z_xy,dur,reference,dur,open_the_middle_drawer_of_the_cabinet,250,97.2,99.6,-2.400000000000002
libero_goal,versus_reference,z_xy,dur,reference,dur,open_the_top_drawer_and_put_the_bowl_inside,250,68.8,81.2,-12.400000000000011
libero_goal,versus_reference,z_xy,dur,reference,dur,push_the_plate_to_the_front_of_the_stove,250,84.39999999999999,83.2,1.200000000000001
libero_goal,versus_reference,z_xy,dur,reference,dur,put_the_bowl_on_the_plate,250,96.0,80.0,15.999999999999993
libero_goal,versus_reference,z_xy,dur,reference,dur,put_the_bowl_on_the_stove,250,95.6,96.39999999999999,-0.8000000000000007
libero_goal,versus_reference,z_xy,dur,reference,dur,put_the_bowl_on_top_of_the_cabinet,250,94.8,96.39999999999999,-1.6000000000000014
libero_goal,versus_reference,z_xy,dur,reference,dur,put_the_cream_cheese_in_the_bowl,250,78.8,77.60000000000001,1.200000000000001
libero_goal,versus_reference,z_xy,dur,reference,dur,put_the_wine_bottle_on_the_rack,250,87.2,88.8,-1.6000000000000014
libero_goal,versus_reference,z_xy,dur,reference,dur,put_the_wine_bottle_on_top_of_the_cabinet,250,82.8,92.0,-9.200000000000008
libero_goal,versus_reference,z_xy,dur,reference,dur,turn_on_the_stove,250,100.0,98.4,1.6000000000000014
libero_goal,design_contrast,z_xy,dur,gripper,dur,open_the_middle_drawer_of_the_cabinet,250,97.2,99.2,-2.0000000000000018
libero_goal,design_contrast,z_xy,dur,gripper,dur,open_the_top_drawer_and_put_the_bowl_inside,250,68.8,74.4,-5.600000000000005
libero_goal,design_contrast,z_xy,dur,gripper,dur,push_the_plate_to_the_front_of_the_stove,250,84.39999999999999,75.6,8.799999999999997
libero_goal,design_contrast,z_xy,dur,gripper,dur,put_the_bowl_on_the_plate,250,96.0,93.2,2.7999999999999914
libero_goal,design_contrast,z_xy,dur,gripper,dur,put_the_bowl_on_the_stove,250,95.6,98.0,-2.400000000000002
libero_goal,design_contrast,z_xy,dur,gripper,dur,put_the_bowl_on_top_of_the_cabinet,250,94.8,95.6,-0.8000000000000007
libero_goal,design_contrast,z_xy,dur,gripper,dur,put_the_cream_cheese_in_the_bowl,250,78.8,79.2,-0.40000000000000036
libero_goal,design_contrast,z_xy,dur,gripper,dur,put_the_wine_bottle_on_the_rack,250,87.2,85.2,2.0000000000000018
libero_goal,design_contrast,z_xy,dur,gripper,dur,put_the_wine_bottle_on_top_of_the_cabinet,250,82.8,88.8,-6.000000000000005
libero_goal,design_contrast,z_xy,dur,gripper,dur,turn_on_the_stove,250,100.0,100.0,0.0
libero_goal,duration_vs_stk,z_xy,dur,z_xy,stk,open_the_middle_drawer_of_the_cabinet,250,97.2,93.60000000000001,3.599999999999992
libero_goal,duration_vs_stk,z_xy,dur,z_xy,stk,open_the_top_drawer_and_put_the_bowl_inside,250,68.8,60.0,8.799999999999997
libero_goal,duration_vs_stk,z_xy,dur,z_xy,stk,push_the_plate_to_the_front_of_the_stove,250,84.39999999999999,76.0,8.399999999999997
libero_goal,duration_vs_stk,z_xy,dur,z_xy,stk,put_the_bowl_on_the_plate,250,96.0,73.2,22.799999999999997
libero_goal,duration_vs_stk,z_xy,dur,z_xy,stk,put_the_bowl_on_the_stove,250,95.6,92.80000000000001,2.7999999999999914
libero_goal,duration_vs_stk,z_xy,dur,z_xy,stk,put_the_bowl_on_top_of_the_cabinet,250,94.8,84.0,10.799999999999999
libero_goal,duration_vs_stk,z_xy,dur,z_xy,stk,put_the_cream_cheese_in_the_bowl,250,78.8,61.199999999999996,17.600000000000005
libero_goal,duration_vs_stk,z_xy,dur,z_xy,stk,put_the_wine_bottle_on_the_rack,250,87.2,86.4,0.8000000000000007
libero_goal,duration_vs_stk,z_xy,dur,z_xy,stk,put_the_wine_bottle_on_top_of_the_cabinet,250,82.8,75.2,7.599999999999996
libero_goal,duration_vs_stk,z_xy,dur,z_xy,stk,turn_on_the_stove,250,100.0,94.0,6.000000000000005
libero_goal,versus_reference,angular_driver,stk,reference,stk,open_the_middle_drawer_of_the_cabinet,250,99.2,99.6,-0.40000000000000036
libero_goal,versus_reference,angular_driver,stk,reference,stk,open_the_top_drawer_and_put_the_bowl_inside,250,86.8,72.0,14.800000000000002
libero_goal,versus_reference,angular_driver,stk,reference,stk,push_the_plate_to_the_front_of_the_stove,250,78.0,77.2,0.8000000000000007
libero_goal,versus_reference,angular_driver,stk,reference,stk,put_the_bowl_on_the_plate,250,89.2,76.8,12.4
libero_goal,versus_reference,angular_driver,stk,reference,stk,put_the_bowl_on_the_stove,250,96.8,98.4,-1.6000000000000014
libero_goal,versus_reference,angular_driver,stk,reference,stk,put_the_bowl_on_top_of_the_cabinet,250,98.4,94.39999999999999,4.0000000000000036
libero_goal,versus_reference,angular_driver,stk,reference,stk,put_the_cream_cheese_in_the_bowl,250,77.60000000000001,66.0,11.6
libero_goal,versus_reference,angular_driver,stk,reference,stk,put_the_wine_bottle_on_the_rack,250,91.2,84.0,7.200000000000006
libero_goal,versus_reference,angular_driver,stk,reference,stk,put_the_wine_bottle_on_top_of_the_cabinet,250,88.0,87.2,0.8000000000000007
libero_goal,versus_reference,angular_driver,stk,reference,stk,turn_on_the_stove,250,100.0,99.6,0.40000000000000036
libero_goal,design_contrast,angular_driver,stk,gripper,stk,open_the_middle_drawer_of_the_cabinet,250,99.2,98.8,0.40000000000000036
libero_goal,design_contrast,angular_driver,stk,gripper,stk,open_the_top_drawer_and_put_the_bowl_inside,250,86.8,74.0,12.8
libero_goal,design_contrast,angular_driver,stk,gripper,stk,push_the_plate_to_the_front_of_the_stove,250,78.0,72.39999999999999,5.600000000000005
libero_goal,design_contrast,angular_driver,stk,gripper,stk,put_the_bowl_on_the_plate,250,89.2,83.6,5.600000000000005
libero_goal,design_contrast,angular_driver,stk,gripper,stk,put_the_bowl_on_the_stove,250,96.8,98.0,-1.200000000000001
libero_goal,design_contrast,angular_driver,stk,gripper,stk,put_the_bowl_on_top_of_the_cabinet,250,98.4,85.6,12.8
libero_goal,design_contrast,angular_driver,stk,gripper,stk,put_the_cream_cheese_in_the_bowl,250,77.60000000000001,80.80000000000001,-3.200000000000003
libero_goal,design_contrast,angular_driver,stk,gripper,stk,put_the_wine_bottle_on_the_rack,250,91.2,88.0,3.200000000000003
libero_goal,design_contrast,angular_driver,stk,gripper,stk,put_the_wine_bottle_on_top_of_the_cabinet,250,88.0,89.60000000000001,-1.6000000000000014
libero_goal,design_contrast,angular_driver,stk,gripper,stk,turn_on_the_stove,250,100.0,99.6,0.40000000000000036
libero_goal,versus_reference,angular_driver,dur,reference,dur,open_the_middle_drawer_of_the_cabinet,250,100.0,99.6,0.40000000000000036
libero_goal,versus_reference,angular_driver,dur,reference,dur,open_the_top_drawer_and_put_the_bowl_inside,250,88.0,81.2,6.799999999999995
libero_goal,versus_reference,angular_driver,dur,reference,dur,push_the_plate_to_the_front_of_the_stove,250,75.2,83.2,-7.9999999999999964
libero_goal,versus_reference,angular_driver,dur,reference,dur,put_the_bowl_on_the_plate,219,95.4337899543379,80.82191780821918,14.61187214611872
libero_goal,versus_reference,angular_driver,dur,reference,dur,put_the_bowl_on_the_stove,250,96.8,96.39999999999999,0.40000000000000036
libero_goal,versus_reference,angular_driver,dur,reference,dur,put_the_bowl_on_top_of_the_cabinet,250,98.4,96.39999999999999,2.0000000000000018
libero_goal,versus_reference,angular_driver,dur,reference,dur,put_the_cream_cheese_in_the_bowl,250,80.0,77.60000000000001,2.400000000000002
libero_goal,versus_reference,angular_driver,dur,reference,dur,put_the_wine_bottle_on_the_rack,66,89.39393939393939,90.9090909090909,-1.5151515151515138
libero_goal,versus_reference,angular_driver,dur,reference,dur,put_the_wine_bottle_on_top_of_the_cabinet,250,88.8,92.0,-3.200000000000003
libero_goal,versus_reference,angular_driver,dur,reference,dur,turn_on_the_stove,250,100.0,98.4,1.6000000000000014
libero_goal,design_contrast,angular_driver,dur,gripper,dur,open_the_middle_drawer_of_the_cabinet,250,100.0,99.2,0.8000000000000007
libero_goal,design_contrast,angular_driver,dur,gripper,dur,open_the_top_drawer_and_put_the_bowl_inside,250,88.0,74.4,13.600000000000001
libero_goal,design_contrast,angular_driver,dur,gripper,dur,push_the_plate_to_the_front_of_the_stove,250,75.2,75.6,-0.40000000000000036
libero_goal,design_contrast,angular_driver,dur,gripper,dur,put_the_bowl_on_the_plate,219,95.4337899543379,92.69406392694064,2.73972602739726
libero_goal,design_contrast,angular_driver,dur,gripper,dur,put_the_bowl_on_the_stove,250,96.8,98.0,-1.200000000000001
libero_goal,design_contrast,angular_driver,dur,gripper,dur,put_the_bowl_on_top_of_the_cabinet,250,98.4,95.6,2.8000000000000025
libero_goal,design_contrast,angular_driver,dur,gripper,dur,put_the_cream_cheese_in_the_bowl,250,80.0,79.2,0.8000000000000007
libero_goal,design_contrast,angular_driver,dur,gripper,dur,put_the_wine_bottle_on_the_rack,66,89.39393939393939,87.87878787878788,1.5151515151515138
libero_goal,design_contrast,angular_driver,dur,gripper,dur,put_the_wine_bottle_on_top_of_the_cabinet,250,88.8,88.8,0.0
libero_goal,design_contrast,angular_driver,dur,gripper,dur,turn_on_the_stove,250,100.0,100.0,0.0
libero_goal,duration_vs_stk,angular_driver,dur,angular_driver,stk,open_the_middle_drawer_of_the_cabinet,250,100.0,99.2,0.8000000000000007
libero_goal,duration_vs_stk,angular_driver,dur,angular_driver,stk,open_the_top_drawer_and_put_the_bowl_inside,250,88.0,86.8,1.200000000000001
libero_goal,duration_vs_stk,angular_driver,dur,angular_driver,stk,push_the_plate_to_the_front_of_the_stove,250,75.2,78.0,-2.8000000000000025
libero_goal,duration_vs_stk,angular_driver,dur,angular_driver,stk,put_the_bowl_on_the_plate,219,95.4337899543379,88.58447488584474,6.849315068493156
libero_goal,duration_vs_stk,angular_driver,dur,angular_driver,stk,put_the_bowl_on_the_stove,250,96.8,96.8,0.0
libero_goal,duration_vs_stk,angular_driver,dur,angular_driver,stk,put_the_bowl_on_top_of_the_cabinet,250,98.4,98.4,0.0
libero_goal,duration_vs_stk,angular_driver,dur,angular_driver,stk,put_the_cream_cheese_in_the_bowl,250,80.0,77.60000000000001,2.400000000000002
libero_goal,duration_vs_stk,angular_driver,dur,angular_driver,stk,put_the_wine_bottle_on_the_rack,66,89.39393939393939,89.39393939393939,0.0
libero_goal,duration_vs_stk,angular_driver,dur,angular_driver,stk,put_the_wine_bottle_on_top_of_the_cabinet,250,88.8,88.0,0.8000000000000007
libero_goal,duration_vs_stk,angular_driver,dur,angular_driver,stk,turn_on_the_stove,250,100.0,100.0,0.0
libero_10,duration_vs_stk,reference,dur,reference,stk,KITCHEN_SCENE3_turn_on_the_stove_and_put_the_moka_pot_on_it,250,85.2,80.0,5.199999999999994
libero_10,duration_vs_stk,reference,dur,reference,stk,KITCHEN_SCENE4_put_the_black_bowl_in_the_bottom_drawer_of_the_cabinet_and_close_it,250,84.0,76.8,7.199999999999996
libero_10,duration_vs_stk,reference,dur,reference,stk,KITCHEN_SCENE6_put_the_yellow_and_white_mug_in_the_microwave_and_close_it,250,62.0,65.60000000000001,-3.600000000000003
libero_10,duration_vs_stk,reference,dur,reference,stk,KITCHEN_SCENE8_put_both_moka_pots_on_the_stove,250,15.6,31.2,-15.6
libero_10,duration_vs_stk,reference,dur,reference,stk,LIVING_ROOM_SCENE1_put_both_the_alphabet_soup_and_the_cream_cheese_box_in_the_basket,250,32.0,32.800000000000004,-0.8000000000000007
libero_10,duration_vs_stk,reference,dur,reference,stk,LIVING_ROOM_SCENE2_put_both_the_alphabet_soup_and_the_tomato_sauce_in_the_basket,250,39.6,54.800000000000004,-15.200000000000003
libero_10,duration_vs_stk,reference,dur,reference,stk,LIVING_ROOM_SCENE2_put_both_the_cream_cheese_box_and_the_butter_in_the_basket,250,57.99999999999999,49.6,8.399999999999997
libero_10,duration_vs_stk,reference,dur,reference,stk,LIVING_ROOM_SCENE5_put_the_white_mug_on_the_left_plate_and_put_the_yellow_and_white_mug_on_the_right_plate,250,40.0,36.0,4.0000000000000036
libero_10,duration_vs_stk,reference,dur,reference,stk,LIVING_ROOM_SCENE6_put_the_white_mug_on_the_plate_and_put_the_chocolate_pudding_to_the_right_of_the_plate,250,33.6,33.6,0.0
libero_10,duration_vs_stk,reference,dur,reference,stk,STUDY_SCENE1_pick_up_the_book_and_place_it_in_the_back_compartment_of_the_caddy,250,88.0,86.0,2.0000000000000018
libero_10,versus_reference,gripper,stk,reference,stk,KITCHEN_SCENE3_turn_on_the_stove_and_put_the_moka_pot_on_it,250,80.80000000000001,80.0,0.8000000000000007
libero_10,versus_reference,gripper,stk,reference,stk,KITCHEN_SCENE4_put_the_black_bowl_in_the_bottom_drawer_of_the_cabinet_and_close_it,250,77.60000000000001,76.8,0.8000000000000007
libero_10,versus_reference,gripper,stk,reference,stk,KITCHEN_SCENE6_put_the_yellow_and_white_mug_in_the_microwave_and_close_it,250,70.39999999999999,65.60000000000001,4.799999999999994
libero_10,versus_reference,gripper,stk,reference,stk,KITCHEN_SCENE8_put_both_moka_pots_on_the_stove,250,38.800000000000004,31.2,7.600000000000001
libero_10,versus_reference,gripper,stk,reference,stk,LIVING_ROOM_SCENE1_put_both_the_alphabet_soup_and_the_cream_cheese_box_in_the_basket,250,28.000000000000004,32.800000000000004,-4.799999999999999
libero_10,versus_reference,gripper,stk,reference,stk,LIVING_ROOM_SCENE2_put_both_the_alphabet_soup_and_the_tomato_sauce_in_the_basket,250,53.2,54.800000000000004,-1.6000000000000014
libero_10,versus_reference,gripper,stk,reference,stk,LIVING_ROOM_SCENE2_put_both_the_cream_cheese_box_and_the_butter_in_the_basket,250,57.599999999999994,49.6,7.9999999999999964
libero_10,versus_reference,gripper,stk,reference,stk,LIVING_ROOM_SCENE5_put_the_white_mug_on_the_left_plate_and_put_the_yellow_and_white_mug_on_the_right_plate,250,36.8,36.0,0.8000000000000007
libero_10,versus_reference,gripper,stk,reference,stk,LIVING_ROOM_SCENE6_put_the_white_mug_on_the_plate_and_put_the_chocolate_pudding_to_the_right_of_the_plate,250,28.000000000000004,33.6,-5.6
libero_10,versus_reference,gripper,stk,reference,stk,STUDY_SCENE1_pick_up_the_book_and_place_it_in_the_back_compartment_of_the_caddy,250,84.8,86.0,-1.200000000000001
libero_10,versus_reference,component_time,dur,reference,dur,KITCHEN_SCENE3_turn_on_the_stove_and_put_the_moka_pot_on_it,250,93.60000000000001,85.2,8.400000000000007
libero_10,versus_reference,component_time,dur,reference,dur,KITCHEN_SCENE4_put_the_black_bowl_in_the_bottom_drawer_of_the_cabinet_and_close_it,250,82.0,84.0,-2.0000000000000018
libero_10,versus_reference,component_time,dur,reference,dur,KITCHEN_SCENE6_put_the_yellow_and_white_mug_in_the_microwave_and_close_it,250,59.599999999999994,62.0,-2.400000000000002
libero_10,versus_reference,component_time,dur,reference,dur,KITCHEN_SCENE8_put_both_moka_pots_on_the_stove,250,24.0,15.6,8.399999999999999
libero_10,versus_reference,component_time,dur,reference,dur,LIVING_ROOM_SCENE1_put_both_the_alphabet_soup_and_the_cream_cheese_box_in_the_basket,250,32.800000000000004,32.0,0.8000000000000007
libero_10,versus_reference,component_time,dur,reference,dur,LIVING_ROOM_SCENE2_put_both_the_alphabet_soup_and_the_tomato_sauce_in_the_basket,250,52.400000000000006,39.6,12.8
libero_10,versus_reference,component_time,dur,reference,dur,LIVING_ROOM_SCENE2_put_both_the_cream_cheese_box_and_the_butter_in_the_basket,250,54.800000000000004,57.99999999999999,-3.1999999999999917
libero_10,versus_reference,component_time,dur,reference,dur,LIVING_ROOM_SCENE5_put_the_white_mug_on_the_left_plate_and_put_the_yellow_and_white_mug_on_the_right_plate,250,40.400000000000006,40.0,0.40000000000000036
libero_10,versus_reference,component_time,dur,reference,dur,LIVING_ROOM_SCENE6_put_the_white_mug_on_the_plate_and_put_the_chocolate_pudding_to_the_right_of_the_plate,250,24.8,33.6,-8.800000000000002
libero_10,versus_reference,component_time,dur,reference,dur,STUDY_SCENE1_pick_up_the_book_and_place_it_in_the_back_compartment_of_the_caddy,250,82.39999999999999,88.0,-5.600000000000005
libero_10,design_contrast,component_time,dur,component_velocity,dur,KITCHEN_SCENE3_turn_on_the_stove_and_put_the_moka_pot_on_it,250,93.60000000000001,82.39999999999999,11.20000000000001
libero_10,design_contrast,component_time,dur,component_velocity,dur,KITCHEN_SCENE4_put_the_black_bowl_in_the_bottom_drawer_of_the_cabinet_and_close_it,250,82.0,82.39999999999999,-0.40000000000000036
libero_10,design_contrast,component_time,dur,component_velocity,dur,KITCHEN_SCENE6_put_the_yellow_and_white_mug_in_the_microwave_and_close_it,250,59.599999999999994,64.4,-4.800000000000004
libero_10,design_contrast,component_time,dur,component_velocity,dur,KITCHEN_SCENE8_put_both_moka_pots_on_the_stove,250,24.0,28.4,-4.399999999999999
libero_10,design_contrast,component_time,dur,component_velocity,dur,LIVING_ROOM_SCENE1_put_both_the_alphabet_soup_and_the_cream_cheese_box_in_the_basket,250,32.800000000000004,28.799999999999997,4.0000000000000036
libero_10,design_contrast,component_time,dur,component_velocity,dur,LIVING_ROOM_SCENE2_put_both_the_alphabet_soup_and_the_tomato_sauce_in_the_basket,250,52.400000000000006,48.4,4.0000000000000036
libero_10,design_contrast,component_time,dur,component_velocity,dur,LIVING_ROOM_SCENE2_put_both_the_cream_cheese_box_and_the_butter_in_the_basket,250,54.800000000000004,48.8,6.000000000000005
libero_10,design_contrast,component_time,dur,component_velocity,dur,LIVING_ROOM_SCENE5_put_the_white_mug_on_the_left_plate_and_put_the_yellow_and_white_mug_on_the_right_plate,250,40.400000000000006,34.4,6.000000000000005
libero_10,design_contrast,component_time,dur,component_velocity,dur,LIVING_ROOM_SCENE6_put_the_white_mug_on_the_plate_and_put_the_chocolate_pudding_to_the_right_of_the_plate,250,24.8,27.200000000000003,-2.400000000000002
libero_10,design_contrast,component_time,dur,component_velocity,dur,STUDY_SCENE1_pick_up_the_book_and_place_it_in_the_back_compartment_of_the_caddy,250,82.39999999999999,82.8,-0.40000000000000036
libero_10,combined_timing_change,component_time,dur,gripper,dur,KITCHEN_SCENE3_turn_on_the_stove_and_put_the_moka_pot_on_it,250,93.60000000000001,86.0,7.600000000000007
libero_10,combined_timing_change,component_time,dur,gripper,dur,KITCHEN_SCENE4_put_the_black_bowl_in_the_bottom_drawer_of_the_cabinet_and_close_it,250,82.0,86.0,-4.0000000000000036
libero_10,combined_timing_change,component_time,dur,gripper,dur,KITCHEN_SCENE6_put_the_yellow_and_white_mug_in_the_microwave_and_close_it,250,59.599999999999994,56.8,2.8000000000000025
libero_10,combined_timing_change,component_time,dur,gripper,dur,KITCHEN_SCENE8_put_both_moka_pots_on_the_stove,250,24.0,33.2,-9.200000000000003
libero_10,combined_timing_change,component_time,dur,gripper,dur,LIVING_ROOM_SCENE1_put_both_the_alphabet_soup_and_the_cream_cheese_box_in_the_basket,250,32.800000000000004,33.2,-0.40000000000000036
libero_10,combined_timing_change,component_time,dur,gripper,dur,LIVING_ROOM_SCENE2_put_both_the_alphabet_soup_and_the_tomato_sauce_in_the_basket,250,52.400000000000006,50.0,2.400000000000002
libero_10,combined_timing_change,component_time,dur,gripper,dur,LIVING_ROOM_SCENE2_put_both_the_cream_cheese_box_and_the_butter_in_the_basket,250,54.800000000000004,52.400000000000006,2.400000000000002
libero_10,combined_timing_change,component_time,dur,gripper,dur,LIVING_ROOM_SCENE5_put_the_white_mug_on_the_left_plate_and_put_the_yellow_and_white_mug_on_the_right_plate,250,40.400000000000006,34.4,6.000000000000005
libero_10,combined_timing_change,component_time,dur,gripper,dur,LIVING_ROOM_SCENE6_put_the_white_mug_on_the_plate_and_put_the_chocolate_pudding_to_the_right_of_the_plate,250,24.8,37.2,-12.4
libero_10,combined_timing_change,component_time,dur,gripper,dur,STUDY_SCENE1_pick_up_the_book_and_place_it_in_the_back_compartment_of_the_caddy,250,82.39999999999999,88.8,-6.400000000000006
libero_10,duration_vs_stk,component_time,dur,component_time,stk,KITCHEN_SCENE3_turn_on_the_stove_and_put_the_moka_pot_on_it,250,93.60000000000001,65.60000000000001,28.000000000000004
libero_10,duration_vs_stk,component_time,dur,component_time,stk,KITCHEN_SCENE4_put_the_black_bowl_in_the_bottom_drawer_of_the_cabinet_and_close_it,250,82.0,78.4,3.599999999999992
libero_10,duration_vs_stk,component_time,dur,component_time,stk,KITCHEN_SCENE6_put_the_yellow_and_white_mug_in_the_microwave_and_close_it,250,59.599999999999994,64.4,-4.800000000000004
libero_10,duration_vs_stk,component_time,dur,component_time,stk,KITCHEN_SCENE8_put_both_moka_pots_on_the_stove,250,24.0,26.0,-2.0000000000000018
libero_10,duration_vs_stk,component_time,dur,component_time,stk,LIVING_ROOM_SCENE1_put_both_the_alphabet_soup_and_the_cream_cheese_box_in_the_basket,250,32.800000000000004,30.4,2.400000000000002
libero_10,duration_vs_stk,component_time,dur,component_time,stk,LIVING_ROOM_SCENE2_put_both_the_alphabet_soup_and_the_tomato_sauce_in_the_basket,250,52.400000000000006,39.2,13.200000000000001
libero_10,duration_vs_stk,component_time,dur,component_time,stk,LIVING_ROOM_SCENE2_put_both_the_cream_cheese_box_and_the_butter_in_the_basket,250,54.800000000000004,45.2,9.600000000000003
libero_10,duration_vs_stk,component_time,dur,component_time,stk,LIVING_ROOM_SCENE5_put_the_white_mug_on_the_left_plate_and_put_the_yellow_and_white_mug_on_the_right_plate,250,40.400000000000006,22.0,18.400000000000002
libero_10,duration_vs_stk,component_time,dur,component_time,stk,LIVING_ROOM_SCENE6_put_the_white_mug_on_the_plate_and_put_the_chocolate_pudding_to_the_right_of_the_plate,250,24.8,26.400000000000002,-1.6000000000000014
libero_10,duration_vs_stk,component_time,dur,component_time,stk,STUDY_SCENE1_pick_up_the_book_and_place_it_in_the_back_compartment_of_the_caddy,250,82.39999999999999,71.2,11.2
libero_10,versus_reference,gripper,dur,reference,dur,KITCHEN_SCENE3_turn_on_the_stove_and_put_the_moka_pot_on_it,250,86.0,85.2,0.8000000000000007
libero_10,versus_reference,gripper,dur,reference,dur,KITCHEN_SCENE4_put_the_black_bowl_in_the_bottom_drawer_of_the_cabinet_and_close_it,250,86.0,84.0,2.0000000000000018
libero_10,versus_reference,gripper,dur,reference,dur,KITCHEN_SCENE6_put_the_yellow_and_white_mug_in_the_microwave_and_close_it,250,56.8,62.0,-5.200000000000005
libero_10,versus_reference,gripper,dur,reference,dur,KITCHEN_SCENE8_put_both_moka_pots_on_the_stove,250,33.2,15.6,17.6
libero_10,versus_reference,gripper,dur,reference,dur,LIVING_ROOM_SCENE1_put_both_the_alphabet_soup_and_the_cream_cheese_box_in_the_basket,250,33.2,32.0,1.200000000000001
libero_10,versus_reference,gripper,dur,reference,dur,LIVING_ROOM_SCENE2_put_both_the_alphabet_soup_and_the_tomato_sauce_in_the_basket,250,50.0,39.6,10.399999999999999
libero_10,versus_reference,gripper,dur,reference,dur,LIVING_ROOM_SCENE2_put_both_the_cream_cheese_box_and_the_butter_in_the_basket,250,52.400000000000006,57.99999999999999,-5.599999999999994
libero_10,versus_reference,gripper,dur,reference,dur,LIVING_ROOM_SCENE5_put_the_white_mug_on_the_left_plate_and_put_the_yellow_and_white_mug_on_the_right_plate,250,34.4,40.0,-5.600000000000005
libero_10,versus_reference,gripper,dur,reference,dur,LIVING_ROOM_SCENE6_put_the_white_mug_on_the_plate_and_put_the_chocolate_pudding_to_the_right_of_the_plate,250,37.2,33.6,3.599999999999998
libero_10,versus_reference,gripper,dur,reference,dur,STUDY_SCENE1_pick_up_the_book_and_place_it_in_the_back_compartment_of_the_caddy,250,88.8,88.0,0.8000000000000007
libero_10,duration_vs_stk,gripper,dur,gripper,stk,KITCHEN_SCENE3_turn_on_the_stove_and_put_the_moka_pot_on_it,250,86.0,80.80000000000001,5.199999999999994
libero_10,duration_vs_stk,gripper,dur,gripper,stk,KITCHEN_SCENE4_put_the_black_bowl_in_the_bottom_drawer_of_the_cabinet_and_close_it,250,86.0,77.60000000000001,8.399999999999997
libero_10,duration_vs_stk,gripper,dur,gripper,stk,KITCHEN_SCENE6_put_the_yellow_and_white_mug_in_the_microwave_and_close_it,250,56.8,70.39999999999999,-13.600000000000001
libero_10,duration_vs_stk,gripper,dur,gripper,stk,KITCHEN_SCENE8_put_both_moka_pots_on_the_stove,250,33.2,38.800000000000004,-5.6
libero_10,duration_vs_stk,gripper,dur,gripper,stk,LIVING_ROOM_SCENE1_put_both_the_alphabet_soup_and_the_cream_cheese_box_in_the_basket,250,33.2,28.000000000000004,5.199999999999999
libero_10,duration_vs_stk,gripper,dur,gripper,stk,LIVING_ROOM_SCENE2_put_both_the_alphabet_soup_and_the_tomato_sauce_in_the_basket,250,50.0,53.2,-3.200000000000003
libero_10,duration_vs_stk,gripper,dur,gripper,stk,LIVING_ROOM_SCENE2_put_both_the_cream_cheese_box_and_the_butter_in_the_basket,250,52.400000000000006,57.599999999999994,-5.199999999999994
libero_10,duration_vs_stk,gripper,dur,gripper,stk,LIVING_ROOM_SCENE5_put_the_white_mug_on_the_left_plate_and_put_the_yellow_and_white_mug_on_the_right_plate,250,34.4,36.8,-2.400000000000002
libero_10,duration_vs_stk,gripper,dur,gripper,stk,LIVING_ROOM_SCENE6_put_the_white_mug_on_the_plate_and_put_the_chocolate_pudding_to_the_right_of_the_plate,250,37.2,28.000000000000004,9.199999999999998
libero_10,duration_vs_stk,gripper,dur,gripper,stk,STUDY_SCENE1_pick_up_the_book_and_place_it_in_the_back_compartment_of_the_caddy,250,88.8,84.8,4.0000000000000036
libero_10,versus_reference,xyz_scalar,stk,reference,stk,KITCHEN_SCENE3_turn_on_the_stove_and_put_the_moka_pot_on_it,250,75.2,80.0,-4.800000000000004
libero_10,versus_reference,xyz_scalar,stk,reference,stk,KITCHEN_SCENE4_put_the_black_bowl_in_the_bottom_drawer_of_the_cabinet_and_close_it,250,81.2,76.8,4.400000000000004
libero_10,versus_reference,xyz_scalar,stk,reference,stk,KITCHEN_SCENE6_put_the_yellow_and_white_mug_in_the_microwave_and_close_it,250,48.0,65.60000000000001,-17.600000000000005
libero_10,versus_reference,xyz_scalar,stk,reference,stk,KITCHEN_SCENE8_put_both_moka_pots_on_the_stove,250,20.0,31.2,-11.2
libero_10,versus_reference,xyz_scalar,stk,reference,stk,LIVING_ROOM_SCENE1_put_both_the_alphabet_soup_and_the_cream_cheese_box_in_the_basket,250,22.0,32.800000000000004,-10.8
libero_10,versus_reference,xyz_scalar,stk,reference,stk,LIVING_ROOM_SCENE2_put_both_the_alphabet_soup_and_the_tomato_sauce_in_the_basket,250,24.0,54.800000000000004,-30.800000000000004
libero_10,versus_reference,xyz_scalar,stk,reference,stk,LIVING_ROOM_SCENE2_put_both_the_cream_cheese_box_and_the_butter_in_the_basket,250,25.2,49.6,-24.4
libero_10,versus_reference,xyz_scalar,stk,reference,stk,LIVING_ROOM_SCENE5_put_the_white_mug_on_the_left_plate_and_put_the_yellow_and_white_mug_on_the_right_plate,250,21.2,36.0,-14.799999999999999
libero_10,versus_reference,xyz_scalar,stk,reference,stk,LIVING_ROOM_SCENE6_put_the_white_mug_on_the_plate_and_put_the_chocolate_pudding_to_the_right_of_the_plate,250,21.2,33.6,-12.400000000000002
libero_10,versus_reference,xyz_scalar,stk,reference,stk,STUDY_SCENE1_pick_up_the_book_and_place_it_in_the_back_compartment_of_the_caddy,250,81.2,86.0,-4.799999999999994
libero_10,design_contrast,xyz_scalar,stk,gripper,stk,KITCHEN_SCENE3_turn_on_the_stove_and_put_the_moka_pot_on_it,250,75.2,80.80000000000001,-5.600000000000005
libero_10,design_contrast,xyz_scalar,stk,gripper,stk,KITCHEN_SCENE4_put_the_black_bowl_in_the_bottom_drawer_of_the_cabinet_and_close_it,250,81.2,77.60000000000001,3.600000000000003
libero_10,design_contrast,xyz_scalar,stk,gripper,stk,KITCHEN_SCENE6_put_the_yellow_and_white_mug_in_the_microwave_and_close_it,250,48.0,70.39999999999999,-22.4
libero_10,design_contrast,xyz_scalar,stk,gripper,stk,KITCHEN_SCENE8_put_both_moka_pots_on_the_stove,250,20.0,38.800000000000004,-18.8
libero_10,design_contrast,xyz_scalar,stk,gripper,stk,LIVING_ROOM_SCENE1_put_both_the_alphabet_soup_and_the_cream_cheese_box_in_the_basket,250,22.0,28.000000000000004,-6.000000000000003
libero_10,design_contrast,xyz_scalar,stk,gripper,stk,LIVING_ROOM_SCENE2_put_both_the_alphabet_soup_and_the_tomato_sauce_in_the_basket,250,24.0,53.2,-29.200000000000003
libero_10,design_contrast,xyz_scalar,stk,gripper,stk,LIVING_ROOM_SCENE2_put_both_the_cream_cheese_box_and_the_butter_in_the_basket,250,25.2,57.599999999999994,-32.4
libero_10,design_contrast,xyz_scalar,stk,gripper,stk,LIVING_ROOM_SCENE5_put_the_white_mug_on_the_left_plate_and_put_the_yellow_and_white_mug_on_the_right_plate,250,21.2,36.8,-15.6
libero_10,design_contrast,xyz_scalar,stk,gripper,stk,LIVING_ROOM_SCENE6_put_the_white_mug_on_the_plate_and_put_the_chocolate_pudding_to_the_right_of_the_plate,250,21.2,28.000000000000004,-6.800000000000003
libero_10,design_contrast,xyz_scalar,stk,gripper,stk,STUDY_SCENE1_pick_up_the_book_and_place_it_in_the_back_compartment_of_the_caddy,250,81.2,84.8,-3.599999999999992
libero_10,versus_reference,xyz_scalar,dur,reference,dur,KITCHEN_SCENE3_turn_on_the_stove_and_put_the_moka_pot_on_it,250,80.80000000000001,85.2,-4.399999999999993
libero_10,versus_reference,xyz_scalar,dur,reference,dur,KITCHEN_SCENE4_put_the_black_bowl_in_the_bottom_drawer_of_the_cabinet_and_close_it,250,82.39999999999999,84.0,-1.6000000000000014
libero_10,versus_reference,xyz_scalar,dur,reference,dur,KITCHEN_SCENE6_put_the_yellow_and_white_mug_in_the_microwave_and_close_it,250,70.0,62.0,7.9999999999999964
libero_10,versus_reference,xyz_scalar,dur,reference,dur,KITCHEN_SCENE8_put_both_moka_pots_on_the_stove,250,23.200000000000003,15.6,7.600000000000001
libero_10,versus_reference,xyz_scalar,dur,reference,dur,LIVING_ROOM_SCENE1_put_both_the_alphabet_soup_and_the_cream_cheese_box_in_the_basket,250,33.2,32.0,1.200000000000001
libero_10,versus_reference,xyz_scalar,dur,reference,dur,LIVING_ROOM_SCENE2_put_both_the_alphabet_soup_and_the_tomato_sauce_in_the_basket,250,45.6,39.6,6.0
libero_10,versus_reference,xyz_scalar,dur,reference,dur,LIVING_ROOM_SCENE2_put_both_the_cream_cheese_box_and_the_butter_in_the_basket,250,49.2,57.99999999999999,-8.799999999999997
libero_10,versus_reference,xyz_scalar,dur,reference,dur,LIVING_ROOM_SCENE5_put_the_white_mug_on_the_left_plate_and_put_the_yellow_and_white_mug_on_the_right_plate,250,40.0,40.0,0.0
libero_10,versus_reference,xyz_scalar,dur,reference,dur,LIVING_ROOM_SCENE6_put_the_white_mug_on_the_plate_and_put_the_chocolate_pudding_to_the_right_of_the_plate,250,26.400000000000002,33.6,-7.200000000000001
libero_10,versus_reference,xyz_scalar,dur,reference,dur,STUDY_SCENE1_pick_up_the_book_and_place_it_in_the_back_compartment_of_the_caddy,250,81.2,88.0,-6.799999999999995
libero_10,design_contrast,xyz_scalar,dur,gripper,dur,KITCHEN_SCENE3_turn_on_the_stove_and_put_the_moka_pot_on_it,250,80.80000000000001,86.0,-5.199999999999994
libero_10,design_contrast,xyz_scalar,dur,gripper,dur,KITCHEN_SCENE4_put_the_black_bowl_in_the_bottom_drawer_of_the_cabinet_and_close_it,250,82.39999999999999,86.0,-3.600000000000003
libero_10,design_contrast,xyz_scalar,dur,gripper,dur,KITCHEN_SCENE6_put_the_yellow_and_white_mug_in_the_microwave_and_close_it,250,70.0,56.8,13.200000000000001
libero_10,design_contrast,xyz_scalar,dur,gripper,dur,KITCHEN_SCENE8_put_both_moka_pots_on_the_stove,250,23.200000000000003,33.2,-10.0
libero_10,design_contrast,xyz_scalar,dur,gripper,dur,LIVING_ROOM_SCENE1_put_both_the_alphabet_soup_and_the_cream_cheese_box_in_the_basket,250,33.2,33.2,0.0
libero_10,design_contrast,xyz_scalar,dur,gripper,dur,LIVING_ROOM_SCENE2_put_both_the_alphabet_soup_and_the_tomato_sauce_in_the_basket,250,45.6,50.0,-4.399999999999999
libero_10,design_contrast,xyz_scalar,dur,gripper,dur,LIVING_ROOM_SCENE2_put_both_the_cream_cheese_box_and_the_butter_in_the_basket,250,49.2,52.400000000000006,-3.200000000000003
libero_10,design_contrast,xyz_scalar,dur,gripper,dur,LIVING_ROOM_SCENE5_put_the_white_mug_on_the_left_plate_and_put_the_yellow_and_white_mug_on_the_right_plate,250,40.0,34.4,5.600000000000005
libero_10,design_contrast,xyz_scalar,dur,gripper,dur,LIVING_ROOM_SCENE6_put_the_white_mug_on_the_plate_and_put_the_chocolate_pudding_to_the_right_of_the_plate,250,26.400000000000002,37.2,-10.799999999999999
libero_10,design_contrast,xyz_scalar,dur,gripper,dur,STUDY_SCENE1_pick_up_the_book_and_place_it_in_the_back_compartment_of_the_caddy,250,81.2,88.8,-7.599999999999996
libero_10,duration_vs_stk,xyz_scalar,dur,xyz_scalar,stk,KITCHEN_SCENE3_turn_on_the_stove_and_put_the_moka_pot_on_it,250,80.80000000000001,75.2,5.600000000000005
libero_10,duration_vs_stk,xyz_scalar,dur,xyz_scalar,stk,KITCHEN_SCENE4_put_the_black_bowl_in_the_bottom_drawer_of_the_cabinet_and_close_it,250,82.39999999999999,81.2,1.19999999999999
libero_10,duration_vs_stk,xyz_scalar,dur,xyz_scalar,stk,KITCHEN_SCENE6_put_the_yellow_and_white_mug_in_the_microwave_and_close_it,250,70.0,48.0,21.999999999999996
libero_10,duration_vs_stk,xyz_scalar,dur,xyz_scalar,stk,KITCHEN_SCENE8_put_both_moka_pots_on_the_stove,250,23.200000000000003,20.0,3.2
libero_10,duration_vs_stk,xyz_scalar,dur,xyz_scalar,stk,LIVING_ROOM_SCENE1_put_both_the_alphabet_soup_and_the_cream_cheese_box_in_the_basket,250,33.2,22.0,11.200000000000001
libero_10,duration_vs_stk,xyz_scalar,dur,xyz_scalar,stk,LIVING_ROOM_SCENE2_put_both_the_alphabet_soup_and_the_tomato_sauce_in_the_basket,250,45.6,24.0,21.6
libero_10,duration_vs_stk,xyz_scalar,dur,xyz_scalar,stk,LIVING_ROOM_SCENE2_put_both_the_cream_cheese_box_and_the_butter_in_the_basket,250,49.2,25.2,24.0
libero_10,duration_vs_stk,xyz_scalar,dur,xyz_scalar,stk,LIVING_ROOM_SCENE5_put_the_white_mug_on_the_left_plate_and_put_the_yellow_and_white_mug_on_the_right_plate,250,40.0,21.2,18.800000000000004
libero_10,duration_vs_stk,xyz_scalar,dur,xyz_scalar,stk,LIVING_ROOM_SCENE6_put_the_white_mug_on_the_plate_and_put_the_chocolate_pudding_to_the_right_of_the_plate,250,26.400000000000002,21.2,5.200000000000002
libero_10,duration_vs_stk,xyz_scalar,dur,xyz_scalar,stk,STUDY_SCENE1_pick_up_the_book_and_place_it_in_the_back_compartment_of_the_caddy,250,81.2,81.2,0.0
libero_10,versus_reference,component_velocity,stk,reference,stk,KITCHEN_SCENE3_turn_on_the_stove_and_put_the_moka_pot_on_it,250,84.39999999999999,80.0,4.399999999999993
libero_10,versus_reference,component_velocity,stk,reference,stk,KITCHEN_SCENE4_put_the_black_bowl_in_the_bottom_drawer_of_the_cabinet_and_close_it,250,76.0,76.8,-0.8000000000000007
libero_10,versus_reference,component_velocity,stk,reference,stk,KITCHEN_SCENE6_put_the_yellow_and_white_mug_in_the_microwave_and_close_it,250,65.2,65.60000000000001,-0.40000000000000036
libero_10,versus_reference,component_velocity,stk,reference,stk,KITCHEN_SCENE8_put_both_moka_pots_on_the_stove,250,28.799999999999997,31.2,-2.400000000000002
libero_10,versus_reference,component_velocity,stk,reference,stk,LIVING_ROOM_SCENE1_put_both_the_alphabet_soup_and_the_cream_cheese_box_in_the_basket,250,35.6,32.800000000000004,2.799999999999997
libero_10,versus_reference,component_velocity,stk,reference,stk,LIVING_ROOM_SCENE2_put_both_the_alphabet_soup_and_the_tomato_sauce_in_the_basket,250,60.0,54.800000000000004,5.199999999999994
libero_10,versus_reference,component_velocity,stk,reference,stk,LIVING_ROOM_SCENE2_put_both_the_cream_cheese_box_and_the_butter_in_the_basket,250,49.6,49.6,0.0
libero_10,versus_reference,component_velocity,stk,reference,stk,LIVING_ROOM_SCENE5_put_the_white_mug_on_the_left_plate_and_put_the_yellow_and_white_mug_on_the_right_plate,250,31.6,36.0,-4.399999999999999
libero_10,versus_reference,component_velocity,stk,reference,stk,LIVING_ROOM_SCENE6_put_the_white_mug_on_the_plate_and_put_the_chocolate_pudding_to_the_right_of_the_plate,250,26.400000000000002,33.6,-7.200000000000001
libero_10,versus_reference,component_velocity,stk,reference,stk,STUDY_SCENE1_pick_up_the_book_and_place_it_in_the_back_compartment_of_the_caddy,250,76.8,86.0,-9.199999999999998
libero_10,design_contrast,component_velocity,stk,gripper,stk,KITCHEN_SCENE3_turn_on_the_stove_and_put_the_moka_pot_on_it,250,84.39999999999999,80.80000000000001,3.599999999999992
libero_10,design_contrast,component_velocity,stk,gripper,stk,KITCHEN_SCENE4_put_the_black_bowl_in_the_bottom_drawer_of_the_cabinet_and_close_it,250,76.0,77.60000000000001,-1.6000000000000014
libero_10,design_contrast,component_velocity,stk,gripper,stk,KITCHEN_SCENE6_put_the_yellow_and_white_mug_in_the_microwave_and_close_it,250,65.2,70.39999999999999,-5.199999999999994
libero_10,design_contrast,component_velocity,stk,gripper,stk,KITCHEN_SCENE8_put_both_moka_pots_on_the_stove,250,28.799999999999997,38.800000000000004,-10.000000000000004
libero_10,design_contrast,component_velocity,stk,gripper,stk,LIVING_ROOM_SCENE1_put_both_the_alphabet_soup_and_the_cream_cheese_box_in_the_basket,250,35.6,28.000000000000004,7.599999999999996
libero_10,design_contrast,component_velocity,stk,gripper,stk,LIVING_ROOM_SCENE2_put_both_the_alphabet_soup_and_the_tomato_sauce_in_the_basket,250,60.0,53.2,6.799999999999995
libero_10,design_contrast,component_velocity,stk,gripper,stk,LIVING_ROOM_SCENE2_put_both_the_cream_cheese_box_and_the_butter_in_the_basket,250,49.6,57.599999999999994,-7.9999999999999964
libero_10,design_contrast,component_velocity,stk,gripper,stk,LIVING_ROOM_SCENE5_put_the_white_mug_on_the_left_plate_and_put_the_yellow_and_white_mug_on_the_right_plate,250,31.6,36.8,-5.199999999999999
libero_10,design_contrast,component_velocity,stk,gripper,stk,LIVING_ROOM_SCENE6_put_the_white_mug_on_the_plate_and_put_the_chocolate_pudding_to_the_right_of_the_plate,250,26.400000000000002,28.000000000000004,-1.6000000000000014
libero_10,design_contrast,component_velocity,stk,gripper,stk,STUDY_SCENE1_pick_up_the_book_and_place_it_in_the_back_compartment_of_the_caddy,250,76.8,84.8,-7.9999999999999964
libero_10,versus_reference,component_velocity,dur,reference,dur,KITCHEN_SCENE3_turn_on_the_stove_and_put_the_moka_pot_on_it,250,82.39999999999999,85.2,-2.8000000000000025
libero_10,versus_reference,component_velocity,dur,reference,dur,KITCHEN_SCENE4_put_the_black_bowl_in_the_bottom_drawer_of_the_cabinet_and_close_it,250,82.39999999999999,84.0,-1.6000000000000014
libero_10,versus_reference,component_velocity,dur,reference,dur,KITCHEN_SCENE6_put_the_yellow_and_white_mug_in_the_microwave_and_close_it,250,64.4,62.0,2.400000000000002
libero_10,versus_reference,component_velocity,dur,reference,dur,KITCHEN_SCENE8_put_both_moka_pots_on_the_stove,250,28.4,15.6,12.799999999999997
libero_10,versus_reference,component_velocity,dur,reference,dur,LIVING_ROOM_SCENE1_put_both_the_alphabet_soup_and_the_cream_cheese_box_in_the_basket,250,28.799999999999997,32.0,-3.200000000000003
libero_10,versus_reference,component_velocity,dur,reference,dur,LIVING_ROOM_SCENE2_put_both_the_alphabet_soup_and_the_tomato_sauce_in_the_basket,250,48.4,39.6,8.799999999999997
libero_10,versus_reference,component_velocity,dur,reference,dur,LIVING_ROOM_SCENE2_put_both_the_cream_cheese_box_and_the_butter_in_the_basket,250,48.8,57.99999999999999,-9.199999999999998
libero_10,versus_reference,component_velocity,dur,reference,dur,LIVING_ROOM_SCENE5_put_the_white_mug_on_the_left_plate_and_put_the_yellow_and_white_mug_on_the_right_plate,250,34.4,40.0,-5.600000000000005
libero_10,versus_reference,component_velocity,dur,reference,dur,LIVING_ROOM_SCENE6_put_the_white_mug_on_the_plate_and_put_the_chocolate_pudding_to_the_right_of_the_plate,250,27.200000000000003,33.6,-6.4
libero_10,versus_reference,component_velocity,dur,reference,dur,STUDY_SCENE1_pick_up_the_book_and_place_it_in_the_back_compartment_of_the_caddy,250,82.8,88.0,-5.200000000000005
libero_10,design_contrast,component_velocity,dur,gripper,dur,KITCHEN_SCENE3_turn_on_the_stove_and_put_the_moka_pot_on_it,250,82.39999999999999,86.0,-3.600000000000003
libero_10,design_contrast,component_velocity,dur,gripper,dur,KITCHEN_SCENE4_put_the_black_bowl_in_the_bottom_drawer_of_the_cabinet_and_close_it,250,82.39999999999999,86.0,-3.600000000000003
libero_10,design_contrast,component_velocity,dur,gripper,dur,KITCHEN_SCENE6_put_the_yellow_and_white_mug_in_the_microwave_and_close_it,250,64.4,56.8,7.600000000000007
libero_10,design_contrast,component_velocity,dur,gripper,dur,KITCHEN_SCENE8_put_both_moka_pots_on_the_stove,250,28.4,33.2,-4.800000000000004
libero_10,design_contrast,component_velocity,dur,gripper,dur,LIVING_ROOM_SCENE1_put_both_the_alphabet_soup_and_the_cream_cheese_box_in_the_basket,250,28.799999999999997,33.2,-4.400000000000004
libero_10,design_contrast,component_velocity,dur,gripper,dur,LIVING_ROOM_SCENE2_put_both_the_alphabet_soup_and_the_tomato_sauce_in_the_basket,250,48.4,50.0,-1.6000000000000014
libero_10,design_contrast,component_velocity,dur,gripper,dur,LIVING_ROOM_SCENE2_put_both_the_cream_cheese_box_and_the_butter_in_the_basket,250,48.8,52.400000000000006,-3.600000000000003
libero_10,design_contrast,component_velocity,dur,gripper,dur,LIVING_ROOM_SCENE5_put_the_white_mug_on_the_left_plate_and_put_the_yellow_and_white_mug_on_the_right_plate,250,34.4,34.4,0.0
libero_10,design_contrast,component_velocity,dur,gripper,dur,LIVING_ROOM_SCENE6_put_the_white_mug_on_the_plate_and_put_the_chocolate_pudding_to_the_right_of_the_plate,250,27.200000000000003,37.2,-9.999999999999998
libero_10,design_contrast,component_velocity,dur,gripper,dur,STUDY_SCENE1_pick_up_the_book_and_place_it_in_the_back_compartment_of_the_caddy,250,82.8,88.8,-6.000000000000005
libero_10,duration_vs_stk,component_velocity,dur,component_velocity,stk,KITCHEN_SCENE3_turn_on_the_stove_and_put_the_moka_pot_on_it,250,82.39999999999999,84.39999999999999,-2.0000000000000018
libero_10,duration_vs_stk,component_velocity,dur,component_velocity,stk,KITCHEN_SCENE4_put_the_black_bowl_in_the_bottom_drawer_of_the_cabinet_and_close_it,250,82.39999999999999,76.0,6.399999999999995
libero_10,duration_vs_stk,component_velocity,dur,component_velocity,stk,KITCHEN_SCENE6_put_the_yellow_and_white_mug_in_the_microwave_and_close_it,250,64.4,65.2,-0.8000000000000007
libero_10,duration_vs_stk,component_velocity,dur,component_velocity,stk,KITCHEN_SCENE8_put_both_moka_pots_on_the_stove,250,28.4,28.799999999999997,-0.40000000000000036
libero_10,duration_vs_stk,component_velocity,dur,component_velocity,stk,LIVING_ROOM_SCENE1_put_both_the_alphabet_soup_and_the_cream_cheese_box_in_the_basket,250,28.799999999999997,35.6,-6.800000000000001
libero_10,duration_vs_stk,component_velocity,dur,component_velocity,stk,LIVING_ROOM_SCENE2_put_both_the_alphabet_soup_and_the_tomato_sauce_in_the_basket,250,48.4,60.0,-11.6
libero_10,duration_vs_stk,component_velocity,dur,component_velocity,stk,LIVING_ROOM_SCENE2_put_both_the_cream_cheese_box_and_the_butter_in_the_basket,250,48.8,49.6,-0.8000000000000007
libero_10,duration_vs_stk,component_velocity,dur,component_velocity,stk,LIVING_ROOM_SCENE5_put_the_white_mug_on_the_left_plate_and_put_the_yellow_and_white_mug_on_the_right_plate,250,34.4,31.6,2.799999999999997
libero_10,duration_vs_stk,component_velocity,dur,component_velocity,stk,LIVING_ROOM_SCENE6_put_the_white_mug_on_the_plate_and_put_the_chocolate_pudding_to_the_right_of_the_plate,250,27.200000000000003,26.400000000000002,0.8000000000000007
libero_10,duration_vs_stk,component_velocity,dur,component_velocity,stk,STUDY_SCENE1_pick_up_the_book_and_place_it_in_the_back_compartment_of_the_caddy,250,82.8,76.8,5.999999999999995
libero_10,versus_reference,component_time,stk,reference,stk,KITCHEN_SCENE3_turn_on_the_stove_and_put_the_moka_pot_on_it,250,65.60000000000001,80.0,-14.400000000000002
libero_10,versus_reference,component_time,stk,reference,stk,KITCHEN_SCENE4_put_the_black_bowl_in_the_bottom_drawer_of_the_cabinet_and_close_it,250,78.4,76.8,1.6000000000000014
libero_10,versus_reference,component_time,stk,reference,stk,KITCHEN_SCENE6_put_the_yellow_and_white_mug_in_the_microwave_and_close_it,250,64.4,65.60000000000001,-1.200000000000001
libero_10,versus_reference,component_time,stk,reference,stk,KITCHEN_SCENE8_put_both_moka_pots_on_the_stove,250,26.0,31.2,-5.199999999999999
libero_10,versus_reference,component_time,stk,reference,stk,LIVING_ROOM_SCENE1_put_both_the_alphabet_soup_and_the_cream_cheese_box_in_the_basket,250,30.4,32.800000000000004,-2.400000000000002
libero_10,versus_reference,component_time,stk,reference,stk,LIVING_ROOM_SCENE2_put_both_the_alphabet_soup_and_the_tomato_sauce_in_the_basket,250,39.2,54.800000000000004,-15.600000000000003
libero_10,versus_reference,component_time,stk,reference,stk,LIVING_ROOM_SCENE2_put_both_the_cream_cheese_box_and_the_butter_in_the_basket,250,45.2,49.6,-4.399999999999999
libero_10,versus_reference,component_time,stk,reference,stk,LIVING_ROOM_SCENE5_put_the_white_mug_on_the_left_plate_and_put_the_yellow_and_white_mug_on_the_right_plate,250,22.0,36.0,-13.999999999999998
libero_10,versus_reference,component_time,stk,reference,stk,LIVING_ROOM_SCENE6_put_the_white_mug_on_the_plate_and_put_the_chocolate_pudding_to_the_right_of_the_plate,250,26.400000000000002,33.6,-7.200000000000001
libero_10,versus_reference,component_time,stk,reference,stk,STUDY_SCENE1_pick_up_the_book_and_place_it_in_the_back_compartment_of_the_caddy,250,71.2,86.0,-14.800000000000002
libero_10,design_contrast,component_time,stk,component_velocity,stk,KITCHEN_SCENE3_turn_on_the_stove_and_put_the_moka_pot_on_it,250,65.60000000000001,84.39999999999999,-18.799999999999994
libero_10,design_contrast,component_time,stk,component_velocity,stk,KITCHEN_SCENE4_put_the_black_bowl_in_the_bottom_drawer_of_the_cabinet_and_close_it,250,78.4,76.0,2.400000000000002
libero_10,design_contrast,component_time,stk,component_velocity,stk,KITCHEN_SCENE6_put_the_yellow_and_white_mug_in_the_microwave_and_close_it,250,64.4,65.2,-0.8000000000000007
libero_10,design_contrast,component_time,stk,component_velocity,stk,KITCHEN_SCENE8_put_both_moka_pots_on_the_stove,250,26.0,28.799999999999997,-2.799999999999997
libero_10,design_contrast,component_time,stk,component_velocity,stk,LIVING_ROOM_SCENE1_put_both_the_alphabet_soup_and_the_cream_cheese_box_in_the_basket,250,30.4,35.6,-5.199999999999999
libero_10,design_contrast,component_time,stk,component_velocity,stk,LIVING_ROOM_SCENE2_put_both_the_alphabet_soup_and_the_tomato_sauce_in_the_basket,250,39.2,60.0,-20.799999999999997
libero_10,design_contrast,component_time,stk,component_velocity,stk,LIVING_ROOM_SCENE2_put_both_the_cream_cheese_box_and_the_butter_in_the_basket,250,45.2,49.6,-4.399999999999999
libero_10,design_contrast,component_time,stk,component_velocity,stk,LIVING_ROOM_SCENE5_put_the_white_mug_on_the_left_plate_and_put_the_yellow_and_white_mug_on_the_right_plate,250,22.0,31.6,-9.6
libero_10,design_contrast,component_time,stk,component_velocity,stk,LIVING_ROOM_SCENE6_put_the_white_mug_on_the_plate_and_put_the_chocolate_pudding_to_the_right_of_the_plate,250,26.400000000000002,26.400000000000002,0.0
libero_10,design_contrast,component_time,stk,component_velocity,stk,STUDY_SCENE1_pick_up_the_book_and_place_it_in_the_back_compartment_of_the_caddy,250,71.2,76.8,-5.600000000000005
libero_10,combined_timing_change,component_time,stk,gripper,stk,KITCHEN_SCENE3_turn_on_the_stove_and_put_the_moka_pot_on_it,250,65.60000000000001,80.80000000000001,-15.200000000000003
libero_10,combined_timing_change,component_time,stk,gripper,stk,KITCHEN_SCENE4_put_the_black_bowl_in_the_bottom_drawer_of_the_cabinet_and_close_it,250,78.4,77.60000000000001,0.8000000000000007
libero_10,combined_timing_change,component_time,stk,gripper,stk,KITCHEN_SCENE6_put_the_yellow_and_white_mug_in_the_microwave_and_close_it,250,64.4,70.39999999999999,-5.999999999999995
libero_10,combined_timing_change,component_time,stk,gripper,stk,KITCHEN_SCENE8_put_both_moka_pots_on_the_stove,250,26.0,38.800000000000004,-12.8
libero_10,combined_timing_change,component_time,stk,gripper,stk,LIVING_ROOM_SCENE1_put_both_the_alphabet_soup_and_the_cream_cheese_box_in_the_basket,250,30.4,28.000000000000004,2.399999999999997
libero_10,combined_timing_change,component_time,stk,gripper,stk,LIVING_ROOM_SCENE2_put_both_the_alphabet_soup_and_the_tomato_sauce_in_the_basket,250,39.2,53.2,-14.000000000000002
libero_10,combined_timing_change,component_time,stk,gripper,stk,LIVING_ROOM_SCENE2_put_both_the_cream_cheese_box_and_the_butter_in_the_basket,250,45.2,57.599999999999994,-12.399999999999995
libero_10,combined_timing_change,component_time,stk,gripper,stk,LIVING_ROOM_SCENE5_put_the_white_mug_on_the_left_plate_and_put_the_yellow_and_white_mug_on_the_right_plate,250,22.0,36.8,-14.799999999999999
libero_10,combined_timing_change,component_time,stk,gripper,stk,LIVING_ROOM_SCENE6_put_the_white_mug_on_the_plate_and_put_the_chocolate_pudding_to_the_right_of_the_plate,250,26.400000000000002,28.000000000000004,-1.6000000000000014
libero_10,combined_timing_change,component_time,stk,gripper,stk,STUDY_SCENE1_pick_up_the_book_and_place_it_in_the_back_compartment_of_the_caddy,250,71.2,84.8,-13.600000000000001
