source,config,status,selected_model,selected_data,selected_evaluator,model_hash,data_hash,evaluator_hash,issue
A,data/abc_arc/abc_fstshirt_bc.yaml,resolved,abc/yam_bimanual_dp,abc_arc/abc_fstshirt_bc,,aca84f52faa6902952dea94d71ca60698ccfe9cfc2be55cca93a89e28751374c,7d7b91e11aa45a6d1eee94b439c6e18e10aca7eb94a328215313a6e2dae48464,,
A,data/abc_arc/abc_visual.yaml,resolved,abc_arc/hpt_yam_visual,abc_arc/abc_visual,eval_open_loop_sim,f0963f8936e8479f1d33ff57b97e8f2f70dd277c551c71ba76b9dab5fb32b881,30e3142c2a945979e92081495bcbd27d345056ce985d7b40ae9e25c7d5f10561,33276d7dc3e1496105bb81d3e318f207e0b94c106c071312a13fbb8bd93b76c1,
A,data/abc_arc/mecka_fold_clothes_40h_human_baseline.yaml,resolved,abc_arc/hpt_bimanual_visual,abc_arc/mecka_fold_clothes_40h_human_baseline,eval_open_loop_sim,439b9c13892ae78936fc0586c1bc93d05a203bd832d5c5180b688a3a4d494422,8740ee1480a789fbff4369f80ff8811ace65751a5a7f28de1ae4fde23920baf2,194d56583f7f0b93800f323a3e3807da569e35ebf3aca931d9eb91719a690b94,
A,data/abc_arc/mecka_fold_clothes_40h_human_hybrid_D40_M100_R24deg.yaml,resolved,abc_arc/hpt_bimanual_visual,abc_arc/mecka_fold_clothes_40h_human_hybrid_D40_M100_R24deg,eval_open_loop_sim,81c669a0db106f7372229651f270891a34475e1c577b7a93c90df146361fd550,b06b80519040eca597e52f402f699e097abd2439211a87e179931f235ac947ad,86fcd1e1c078c8c69e4c8eed945493c3abb95599025d308b6125807cc93838ce,
A,data/abc_arc/stationery_rl2_hpt_arc_hybrid_D40_M100_R24deg.yaml,resolved,abc_arc/hpt_yam_visual,abc_arc/stationery_rl2_hpt_arc_hybrid_D40_M100_R24deg,eval_open_loop_sim,c4608724827b6b4756da1da8f15e7c2b5c3b37166c23e37f61d15bc9e5e29d56,2a0d71268174944290c76f1870d431cd8ac06ad2155e349613c1723d8461247e,86fcd1e1c078c8c69e4c8eed945493c3abb95599025d308b6125807cc93838ce,
A,data/abc_arc/stationery_rl2_hpt_baseline.yaml,resolved,abc_arc/hpt_yam_visual,abc_arc/stationery_rl2_hpt_baseline,eval_open_loop_sim,f0963f8936e8479f1d33ff57b97e8f2f70dd277c551c71ba76b9dab5fb32b881,7b2cf153f120a60e38da1a466b3f7bfad57dfaed2ed822857d9633873bca70a5,194d56583f7f0b93800f323a3e3807da569e35ebf3aca931d9eb91719a690b94,
A,data/aria.yaml,resolved,,aria,,,e31be421e0580fdde50ed530d3a7ccbc8593930210ff2ccddb3aa4105868a3b5,,
A,data/cotrain_dense_language.yaml,resolved,,cotrain_dense_language,,,174f5c19d9e243eb03117603905dc0223475bd79e3a15bd37bec41501e2d09c9,,
A,data/cotrain_dense_language_base.yaml,resolved,,cotrain_dense_language_base,,,88732f6980533f96c95083b429db2ccbaf22233584a0f1d3a38e06a05c3db879,,
A,data/e1/abc_skirts.yaml,resolved,e1/hpt_flow,e1/abc_skirts,e1/fold_tempo,0d2deaf3d41b30732b7268b1830983328ac1b81e68e8668320c0e15fbf66eda7,4e4069b19c9f2a2088b3e7f87701cf52090351a1a1f6c7104dc08b7a9730e367,776af127372bda43934b33cda235137a2dab6efcfc24b376bfe689f75a8c4fb5,
A,data/e1/abc_stationery.yaml,resolved,e1/hpt_flow,e1/abc_stationery,e1/fold_tempo,0d2deaf3d41b30732b7268b1830983328ac1b81e68e8668320c0e15fbf66eda7,4e4069b19c9f2a2088b3e7f87701cf52090351a1a1f6c7104dc08b7a9730e367,776af127372bda43934b33cda235137a2dab6efcfc24b376bfe689f75a8c4fb5,
A,data/e1/fold_freeform.yaml,resolved,e1/hpt_flow,e1/fold_freeform,e1/fold_tempo,0d2deaf3d41b30732b7268b1830983328ac1b81e68e8668320c0e15fbf66eda7,6059447c3b032237d0fc573aba1c7b52ec1485df114e41deae61a7420e01ef2d,776af127372bda43934b33cda235137a2dab6efcfc24b376bfe689f75a8c4fb5,
A,data/eva.yaml,resolved,,eva,,,4ced15570994ea014f89d9ca3765d225a9713a543bdc5caa944d0627622a0149,,
A,data/eva_dense_language.yaml,resolved,,eva_dense_language,,,8f3bef3adb3397705b9e93d8b9bf6a928f16e4af8ef1d2ceeb845dbd97318a6b,,
A,data/human.yaml,resolved,,human,,,c8ef7b7960728265c1ef4a1105a1a34e854dee94e9dc011145210ed28a63b529,,
A,data/mecka.yaml,resolved,,mecka,,,d31f2574727e92495598002eff98456b2e57851f1358ff23d9cba084fb84673f,,
A,data/pi05/abc_eva_pi_6d.yaml,resolved,,pi05/abc_eva_pi_6d,,,6ce46732a996c3b6e710675c6e50d11c1316ea09f690f23dc072cd94e2e070e3,,
A,data/pi05/abc_eva_pi_6d_foldviz.yaml,resolved,,pi05/abc_eva_pi_6d_foldviz,,,920411c0063146cbd6cf787346cdf3431775898beaa75324130380d15acf7ab6,,
A,data/pi05/abc_stationery_pi_6d.yaml,resolved,,pi05/abc_stationery_pi_6d,,,8e1d025590b9d18f91febb72f09463c332958d28e9dbd49fc575464cfeea8db8,,
A,data/pi05/aria_fold_pi_6d_grip.yaml,resolved,,pi05/aria_fold_pi_6d_grip,,,e86cdca72a7b1db21ab3b63e9bfd789e5f1d3317f4a0d9d964618c9ad042c711,,
A,data/pi05/cotrain_pi_base.yaml,resolved,,pi05/cotrain_pi_base,,,2957a1473b6073045ffaaac9f5f6b4776af002093e08dd39d2071f09badbcdb7,,
A,data/pi05/cotrain_pi_lang.yaml,resolved,,pi05/cotrain_pi_lang,,,06e942dd8e564fc2f9a3cedab457c5241f0c5e1fee66d98d9f34db1083572c72,,
A,data/pi05/cotrain_pi_lang_6d.yaml,resolved,,pi05/cotrain_pi_lang_6d,,,b9e1a7977b111cd4ba4f5413bda456d9c157fc94e0b9a9b4f78784589d93e382,,
A,data/pi05/mecka_abc_pi_6d.yaml,resolved,,pi05/mecka_abc_pi_6d,,,bde625d8b3e978224aec39961b65a11ee2f45e2a39f5e0ce0e9a0cc0143094b8,,
A,data/pi05/mecka_all_pi_6d.yaml,resolved,,pi05/mecka_all_pi_6d,,,ebcdf107be18329eb18adce698e19f60a5c4d5ecba8cba2a20641223bb3671ea,,
A,data/pi05/mecka_fold_flagship_pi_6d.yaml,resolved,,pi05/mecka_fold_flagship_pi_6d,,,4e75f1aeb9f6dceed79fb22b780dc2f8d1275710779649ee408fcff22a29f288,,
A,data/pi05/obj_gen_pi_lang.yaml,resolved,,pi05/obj_gen_pi_lang,,,9406544bc7945d5589db067cb2c49416827f318729656fb8290b8de96367946c,,
A,data/pi05/obj_gen_pi_lang_6d.yaml,resolved,,pi05/obj_gen_pi_lang_6d,,,1cd2a0d45e6e602be7f0f4577d573bd86148082fd3b8eb960dc7a1609fb52bef,,
A,data/pi05/obj_gen_pi_lang_wristframe.yaml,resolved,,pi05/obj_gen_pi_lang_wristframe,,,62de543d7c47622faf103a13067b631ed99e8efd5e9d47869b0912b199977d8b,,
A,data/pi05/obj_gen_pi_lang_wristframe_6d.yaml,resolved,,pi05/obj_gen_pi_lang_wristframe_6d,,,131929a8fd900b1ce7fbfeea2dc56d949f22777adf40e69c4afca2b71743a675,,
A,data/pusht/action_flow_unite_chain_val01_h16.yaml,resolved,bf/bf_planar_v2_dp_standard,pusht/action_flow_unite_chain_val01_h16,eval_planar_v2,3a4b6e004aca971eb36013fc081458f826a8be6595eaf041fe87de70c3f32984,705cc81ba65d389f10e5041e3034394708e2749569a617b2ed6c25dd2bf7f117,e46feefe086b4bc4f2ac8efd4c55cb4e8f78b6b1ce0ceff477905200d0a2f1ac,
A,data/pusht/action_flow_unite_usocket_val01_h16.yaml,resolved,bf/bf_planar_v2_dp_standard,pusht/action_flow_unite_usocket_val01_h16,eval_planar_v2,3a4b6e004aca971eb36013fc081458f826a8be6595eaf041fe87de70c3f32984,c8efffc8e17d172eba8e33a5cf608ff710b1cf9e6e5d69558fe4e46df4289a24,e46feefe086b4bc4f2ac8efd4c55cb4e8f78b6b1ce0ceff477905200d0a2f1ac,
A,data/pusht/action_flow_usocket_val01_h16_common4.yaml,resolved,bf/bf_planar_v2_dp_standard,pusht/action_flow_usocket_val01_h16_common4,eval_planar_v2,3a4b6e004aca971eb36013fc081458f826a8be6595eaf041fe87de70c3f32984,f569d6b86e6158a0cad95a16aa0c2849e4ce9b987619e76e36af95efe27c7e67,e46feefe086b4bc4f2ac8efd4c55cb4e8f78b6b1ce0ceff477905200d0a2f1ac,
A,data/pusht/planar_v2_chain_gripper.yaml,resolved,bf/bf_planar_v2_dp_standard,pusht/planar_v2_chain_gripper,eval_planar_v2,3a4b6e004aca971eb36013fc081458f826a8be6595eaf041fe87de70c3f32984,82f7a78eacf32594638861572ca0f7871da195024f5fb84e88bcfaaa08ef7670,e46feefe086b4bc4f2ac8efd4c55cb4e8f78b6b1ce0ceff477905200d0a2f1ac,
A,data/pusht/planar_v2_cotrain_clean.yaml,resolved,bf/bf_planar_v2_dp_standard,pusht/planar_v2_cotrain_clean,eval_planar_v2,3a4b6e004aca971eb36013fc081458f826a8be6595eaf041fe87de70c3f32984,67ef9c023787396ac552fac5d3f7eb8f326a74c81a2eb18f8e88722d9641cbe7,e46feefe086b4bc4f2ac8efd4c55cb4e8f78b6b1ce0ceff477905200d0a2f1ac,
A,data/pusht/planar_v2_usocket.yaml,resolved,bf/bf_planar_v2_dp_standard,pusht/planar_v2_usocket,eval_planar_v2,3a4b6e004aca971eb36013fc081458f826a8be6595eaf041fe87de70c3f32984,4cf958aae97ad64828f94e5138863be38ee60a5ad61f1bf4a79a7b2be90fb3d8,e46feefe086b4bc4f2ac8efd4c55cb4e8f78b6b1ce0ceff477905200d0a2f1ac,
A,data/pusht/unite_cotrain_usocket_chain_val01_h16.yaml,resolved,bf/bf_planar_v2_dp_standard,pusht/unite_cotrain_usocket_chain_val01_h16,eval_planar_v2,3a4b6e004aca971eb36013fc081458f826a8be6595eaf041fe87de70c3f32984,0504a9890948642dcf657f7db0ae6ae0ddbe047b36d1a63df022ae57b488f554,e46feefe086b4bc4f2ac8efd4c55cb4e8f78b6b1ce0ceff477905200d0a2f1ac,
A,data/pusht/unite_usocket_val01_h16_per_emb_proprio.yaml,resolved,bf/bf_planar_v2_dp_standard,pusht/unite_usocket_val01_h16_per_emb_proprio,eval_planar_v2,3a4b6e004aca971eb36013fc081458f826a8be6595eaf041fe87de70c3f32984,a7c1893f5f8a480faf397489fc63edcb8b9cf2f7f07b823b33f9ae9e07ae58d1,e46feefe086b4bc4f2ac8efd4c55cb4e8f78b6b1ce0ceff477905200d0a2f1ac,
A,data/scale.yaml,resolved,,scale,,,ba418b7806d92496caad811d2de176c64cf7d01b0d1ce3dee2fbfadf81333602,,
A,evaluator/e1/fold_tempo.yaml,resolved,e1/hpt_flow,e1/fold_freeform,e1/fold_tempo,0d2deaf3d41b30732b7268b1830983328ac1b81e68e8668320c0e15fbf66eda7,6059447c3b032237d0fc573aba1c7b52ec1485df114e41deae61a7420e01ef2d,776af127372bda43934b33cda235137a2dab6efcfc24b376bfe689f75a8c4fb5,
A,evaluator/eval_arc_bimanual_cartesian_D40_M100.yaml,source_error,,,eval_arc_bimanual_cartesian_D40_M100,,,,InterpolationKeyError: Interpolation key 'abc.arc_velocity_mode' not found
A,evaluator/eval_bimanual_cartesian.yaml,resolved,,,eval_bimanual_cartesian,,,80edb17228ad738f22ff9d07470673a2cfda8da2098963d3b6b671de6c95c084,
A,evaluator/eval_open_loop_sim.yaml,resolved,,,eval_open_loop_sim,,,c8a8f00dd0279094516711738e183a33c411bc5ef12f8f9106c198066d9b6eda,
A,evaluator/eval_planar_v2.yaml,resolved,,,eval_planar_v2,,,05db0475c8b79dcf1f812522f33e378ae349d3de70d9e1261ec3c06cd1c4fcf1,
A,evaluator/pi05/eval_pi.yaml,resolved,pi05/pi0.5_bc_abc_eva_6d,pi05/abc_stationery_pi_6d,pi05/eval_pi,00515eb094693884c69a7543770caef1775c6d6f2d4ac4b54f02da9e757624d3,8e1d025590b9d18f91febb72f09463c332958d28e9dbd49fc575464cfeea8db8,2dc3f9938fa661fd9bd2b6955f790ec45a07325336a9a8c7c188e022f9ba5a71,
A,evaluator/pi05/eval_pi_camframe_6d.yaml,resolved,pi05/pi0.5_bc_abc_eva_6d,pi05/abc_stationery_pi_6d,pi05/eval_pi_camframe_6d,00515eb094693884c69a7543770caef1775c6d6f2d4ac4b54f02da9e757624d3,8e1d025590b9d18f91febb72f09463c332958d28e9dbd49fc575464cfeea8db8,9e190045e787a8bc32e93673e471233fa15ba814032be00c71b28054ca4a7b7d,
A,evaluator/pi05/eval_pi_wristframe_6d.yaml,resolved,pi05/pi0.5_bc_abc_eva_6d,pi05/abc_stationery_pi_6d,pi05/eval_pi_wristframe_6d,00515eb094693884c69a7543770caef1775c6d6f2d4ac4b54f02da9e757624d3,8e1d025590b9d18f91febb72f09463c332958d28e9dbd49fc575464cfeea8db8,42ddb00d5f5cc69d00a108df6d6e512db59d1d814f0d29d8e8bf524da8569aab,
A,evaluator/pi05/eval_pi_wristframe_6d_grip.yaml,resolved,pi05/pi0.5_bc_abc_eva_6d,pi05/abc_stationery_pi_6d,pi05/eval_pi_wristframe_6d_grip,00515eb094693884c69a7543770caef1775c6d6f2d4ac4b54f02da9e757624d3,8e1d025590b9d18f91febb72f09463c332958d28e9dbd49fc575464cfeea8db8,d0daca92dc65c5c1c00b17a040e0c4946b634ab38afc8ada722ff110eeadfe67,
A,evaluator/viz/cartesian/base.yaml,resolved,,,eval_bimanual_cartesian,,,80edb17228ad738f22ff9d07470673a2cfda8da2098963d3b6b671de6c95c084,
A,experiment/abc/yam_fstshirt_dp.yaml,resolved,abc/yam_bimanual_dp,abc_arc/abc_fstshirt_bc,,aca84f52faa6902952dea94d71ca60698ccfe9cfc2be55cca93a89e28751374c,7d7b91e11aa45a6d1eee94b439c6e18e10aca7eb94a328215313a6e2dae48464,,
A,experiment/abc/yam_fstshirt_hpt.yaml,resolved,abc/yam_bimanual_hpt,abc_arc/abc_fstshirt_bc,,051f3ce3093d72295b0d76e8418d93190c38749f2305b597bc830661e78f5825,7d7b91e11aa45a6d1eee94b439c6e18e10aca7eb94a328215313a6e2dae48464,,
A,experiment/abc_arc/human_bc/mecka_fold_clothes_40h_human_visual_baseline_openloop.yaml,resolved,abc_arc/hpt_bimanual_visual,abc_arc/mecka_fold_clothes_40h_human_baseline,eval_open_loop_sim,439b9c13892ae78936fc0586c1bc93d05a203bd832d5c5180b688a3a4d494422,8740ee1480a789fbff4369f80ff8811ace65751a5a7f28de1ae4fde23920baf2,194d56583f7f0b93800f323a3e3807da569e35ebf3aca931d9eb91719a690b94,
A,experiment/abc_arc/human_bc/mecka_fold_clothes_40h_human_visual_hybrid_openloop.yaml,resolved,abc_arc/hpt_bimanual_visual,abc_arc/mecka_fold_clothes_40h_human_hybrid_D40_M100_R24deg,eval_open_loop_sim,81c669a0db106f7372229651f270891a34475e1c577b7a93c90df146361fd550,b06b80519040eca597e52f402f699e097abd2439211a87e179931f235ac947ad,86fcd1e1c078c8c69e4c8eed945493c3abb95599025d308b6125807cc93838ce,
A,experiment/abc_arc/robot_bc/abc_multitask4_hpt300_baseline_visual_openloop.yaml,resolved,abc_arc/hpt_yam_visual,abc_arc/abc_visual,eval_open_loop_sim,f0963f8936e8479f1d33ff57b97e8f2f70dd277c551c71ba76b9dab5fb32b881,30e3142c2a945979e92081495bcbd27d345056ce985d7b40ae9e25c7d5f10561,33276d7dc3e1496105bb81d3e318f207e0b94c106c071312a13fbb8bd93b76c1,
A,experiment/abc_arc/robot_bc/abc_multitask4_hpt300_hybrid_visual_openloop.yaml,resolved,abc_arc/hpt_yam_visual,abc_arc/abc_visual,eval_open_loop_sim,c4608724827b6b4756da1da8f15e7c2b5c3b37166c23e37f61d15bc9e5e29d56,806d6017435b62bf1e243631f42aaf3cef9de50841ba329aa3b43128cf70d995,02dbd13c764ccaa92152a1ed9e7b5236fcadb29965a671b1b07977b6669d59d1,
A,experiment/abc_arc/robot_bc/abc_towels_hpt180_baseline_param_matched_visual_openloop.yaml,resolved,abc_arc/hpt_yam_visual,abc_arc/abc_visual,eval_open_loop_sim,2cc6e06970fb0a2bb3429f7d476614ffa1819e5201265d0b8e449c78b39cf0a0,ea448f790d6cbfe52d46b649986489e655e123efb8d5f5c57ea1d30f8a417291,a81cecedfc70a94cbc97625c30720bf10096b3e0a95ec595abdd0c952ee0e345,
A,experiment/abc_arc/robot_bc/abc_towels_hpt180_baseline_visual_openloop.yaml,resolved,abc_arc/hpt_yam_visual,abc_arc/abc_visual,eval_open_loop_sim,2cc6e06970fb0a2bb3429f7d476614ffa1819e5201265d0b8e449c78b39cf0a0,ea448f790d6cbfe52d46b649986489e655e123efb8d5f5c57ea1d30f8a417291,a81cecedfc70a94cbc97625c30720bf10096b3e0a95ec595abdd0c952ee0e345,
A,experiment/abc_arc/robot_bc/abc_towels_hpt180_hybrid_mot_directional_visual_openloop.yaml,resolved,abc_arc/hpt_yam_visual_arc_stream,abc_arc/abc_visual,eval_open_loop_sim,6cac709c40ed987d758a3be0187c59fe54acb3d02234bcef29225904b7bff852,f4ae1f20f4dedd77934d46ccd7fe086755ac176b53995823a8699dc5b8b65a21,5e68f8d39205a76779b448691fdb337b465ab535e5db33df9e8acd827644d54c,
A,experiment/abc_arc/robot_bc/abc_towels_hpt180_hybrid_mot_parallel_visual_openloop.yaml,resolved,abc_arc/hpt_yam_visual_arc_stream,abc_arc/abc_visual,eval_open_loop_sim,5a02223fb0c2dee99fd1e32ebd1703cf79b3c786dae713f7cf4e3bd45154ce12,f4ae1f20f4dedd77934d46ccd7fe086755ac176b53995823a8699dc5b8b65a21,5e68f8d39205a76779b448691fdb337b465ab535e5db33df9e8acd827644d54c,
A,experiment/abc_arc/robot_bc/abc_towels_hpt180_hybrid_shared_directional_visual_openloop.yaml,resolved,abc_arc/hpt_yam_visual_arc_stream,abc_arc/abc_visual,eval_open_loop_sim,1a912de35b255b19622134f9da3c6060a93666d59f953c0cc88365c6f45e9bf4,f4ae1f20f4dedd77934d46ccd7fe086755ac176b53995823a8699dc5b8b65a21,5e68f8d39205a76779b448691fdb337b465ab535e5db33df9e8acd827644d54c,
A,experiment/abc_arc/robot_bc/abc_towels_hpt180_hybrid_velocity_decoder_visual_openloop.yaml,resolved,abc_arc/hpt_yam_visual_arc_stream,abc_arc/abc_visual,eval_open_loop_sim,41c38af057d31b867fb8cdd1e036d279340d1340369cd231f1cd8d658fba064b,f4ae1f20f4dedd77934d46ccd7fe086755ac176b53995823a8699dc5b8b65a21,5e68f8d39205a76779b448691fdb337b465ab535e5db33df9e8acd827644d54c,
A,experiment/abc_arc/robot_bc/abc_towels_hpt180_hybrid_visual_openloop.yaml,resolved,abc_arc/hpt_yam_visual,abc_arc/abc_visual,eval_open_loop_sim,38fc6e266b16e79bd4a3a0c07a551cb620561a79492ea1e4b84d6595e80f74b8,f4ae1f20f4dedd77934d46ccd7fe086755ac176b53995823a8699dc5b8b65a21,5e68f8d39205a76779b448691fdb337b465ab535e5db33df9e8acd827644d54c,
A,experiment/abc_arc/robot_bc/abc_visual_hpt300_base.yaml,resolved,abc_arc/hpt_yam_visual,abc_arc/abc_visual,eval_open_loop_sim,f0963f8936e8479f1d33ff57b97e8f2f70dd277c551c71ba76b9dab5fb32b881,45318ebf571141ffec65b77c0cabaaa8e4f44d15c3824191af63b521415bc3a2,e4287d7e6321ad5eedd5cc67d9f9f27e379afa8330a162e34a3980ef86df8b0a,
A,experiment/abc_arc/robot_bc/stationery_rl2_hpt300_visual_baseline_openloop.yaml,resolved,abc_arc/hpt_yam_visual,abc_arc/stationery_rl2_hpt_baseline,eval_open_loop_sim,f0963f8936e8479f1d33ff57b97e8f2f70dd277c551c71ba76b9dab5fb32b881,7b2cf153f120a60e38da1a466b3f7bfad57dfaed2ed822857d9633873bca70a5,194d56583f7f0b93800f323a3e3807da569e35ebf3aca931d9eb91719a690b94,
A,experiment/abc_arc/robot_bc/stationery_rl2_hpt300_visual_hybrid_openloop.yaml,resolved,abc_arc/hpt_yam_visual,abc_arc/stationery_rl2_hpt_arc_hybrid_D40_M100_R24deg,eval_open_loop_sim,c4608724827b6b4756da1da8f15e7c2b5c3b37166c23e37f61d15bc9e5e29d56,2a0d71268174944290c76f1870d431cd8ac06ad2155e349613c1723d8461247e,86fcd1e1c078c8c69e4c8eed945493c3abb95599025d308b6125807cc93838ce,
A,experiment/e1/abc_arcdur.yaml,resolved,e1/hpt_flow,e1/abc_skirts,e1/fold_tempo,27b5d141025fcc9eeb4352959d428e921028cd2f73c15f896c84837cd0944154,0a8c4bb3c88d9e63210803238d66ae5fe3f97b8b51b48fad5695e0e41f68f427,b15499f74da5f6196c372b5ce2e1a84a490868d9670ce7b7c02bf465ca039689,
A,experiment/e1/abc_arclogdur.yaml,resolved,e1/hpt_flow,e1/abc_skirts,e1/fold_tempo,27b5d141025fcc9eeb4352959d428e921028cd2f73c15f896c84837cd0944154,e1e1d508bf42294b7054fa225f706209d73fd11c12cb3a2f5661b8ab38152ef1,20b76bf40c37caf1a2c1cec391ae5080f20cd704ab3ae0be11f26df77350a803,
A,experiment/e1/abc_arclogdur_D75.yaml,resolved,e1/hpt_flow,e1/abc_skirts,e1/fold_tempo,27b5d141025fcc9eeb4352959d428e921028cd2f73c15f896c84837cd0944154,cac818bb81c5594a5ab368da7af132cc7225dbf97b3a871dc4e5d67d647ecbe3,ac21ba7cbef1b86215b1ff19ddebdbc975e60f8d88329447e1014aff0dca2c9d,
A,experiment/e1/abc_arclogdur_fs.yaml,resolved,e1/hpt_flow,e1/abc_skirts,e1/fold_tempo,27b5d141025fcc9eeb4352959d428e921028cd2f73c15f896c84837cd0944154,1ec390e0e453fced20bc6646812bf7ae138daefaa4d1621fe7f57496578fbd5f,20b76bf40c37caf1a2c1cec391ae5080f20cd704ab3ae0be11f26df77350a803,
A,experiment/e1/abc_arcmean.yaml,resolved,e1/hpt_flow,e1/abc_skirts,e1/fold_tempo,0a7cdab92853cb4161ac601750b213067a7abf8c5034cea47386c6569a3685e8,7d956a4766e66e22d661766d931e9768d21872c3b67c1a0e4ae79aa2ed4c7bbb,92bb3386e2b01290c28b1b82b82028d9e9843dd5cb7382dd2fc2c88ac14b43e8,
A,experiment/e1/abc_arcmean_D75.yaml,resolved,e1/hpt_flow,e1/abc_skirts,e1/fold_tempo,0a7cdab92853cb4161ac601750b213067a7abf8c5034cea47386c6569a3685e8,368ddef7a0918d2a3585f605363d82604c32e9feca1429d02576fe65672ca191,680700b587d68d921ade60b834c929cae8301fe8a84c5778cfb8aa4c2bac60b3,
A,experiment/e1/abc_arcmean_fs.yaml,resolved,e1/hpt_flow,e1/abc_skirts,e1/fold_tempo,0a7cdab92853cb4161ac601750b213067a7abf8c5034cea47386c6569a3685e8,4e20685a9d735376ae6d172106f6c8c8729cce73d1c496b81d3413f53044c39e,92bb3386e2b01290c28b1b82b82028d9e9843dd5cb7382dd2fc2c88ac14b43e8,
A,experiment/e1/abc_arcvel.yaml,resolved,e1/hpt_flow,e1/abc_skirts,e1/fold_tempo,27b5d141025fcc9eeb4352959d428e921028cd2f73c15f896c84837cd0944154,0ceb563389d78a3dc781c4adf4653d2b9e79c8c5c8754187c9b527ec714a2a38,9789823cefc5aaf29a7de80fcd942e6f533e669f382bdfef93524e52aeddb659,
A,experiment/e1/abc_base.yaml,resolved,,e1/abc_skirts,e1/fold_tempo,,4e4069b19c9f2a2088b3e7f87701cf52090351a1a1f6c7104dc08b7a9730e367,776af127372bda43934b33cda235137a2dab6efcfc24b376bfe689f75a8c4fb5,
A,experiment/e1/abc_time.yaml,resolved,e1/hpt_flow,e1/abc_skirts,e1/fold_tempo,0d2deaf3d41b30732b7268b1830983328ac1b81e68e8668320c0e15fbf66eda7,4e4069b19c9f2a2088b3e7f87701cf52090351a1a1f6c7104dc08b7a9730e367,776af127372bda43934b33cda235137a2dab6efcfc24b376bfe689f75a8c4fb5,
A,experiment/e1/abcs_arclogdur.yaml,resolved,e1/hpt_flow_wrists,e1/abc_stationery,e1/fold_tempo,deb9f462c48c40739b57dea8103a565143c217926594b1def87cc4dc567ff094,7c34f79ab72220a342f5ca39c2fc066dd184564819965a49248055b4b4bb3281,20b76bf40c37caf1a2c1cec391ae5080f20cd704ab3ae0be11f26df77350a803,
A,experiment/e1/abcs_arcmean.yaml,resolved,e1/hpt_flow_wrists,e1/abc_stationery,e1/fold_tempo,6d4dcee2541401d401b9979934fc9b545f96550431a149f2b0e1cc3e3b94aca2,99350085f01e91dab8915a087698e1f2fc01fc3bed80157ed007543fd605fd3b,9ba51878d81dda2287de375a67170463e9a24fd9c1d3c6ed16b6785dadc5610f,
A,experiment/e1/abcs_base.yaml,resolved,,e1/abc_stationery,e1/fold_tempo,,175671657fa736ba2cb68286cbcebcff3f489607057f752b2cd35b2186368e0b,776af127372bda43934b33cda235137a2dab6efcfc24b376bfe689f75a8c4fb5,
A,experiment/e1/abcs_time.yaml,resolved,e1/hpt_flow_wrists,e1/abc_stationery,e1/fold_tempo,ae44ef5aeea795f2b77b4b9535441d45e22bd92eee995016506b4b97d29b7aab,175671657fa736ba2cb68286cbcebcff3f489607057f752b2cd35b2186368e0b,776af127372bda43934b33cda235137a2dab6efcfc24b376bfe689f75a8c4fb5,
A,experiment/e1/abcst_arclogdur.yaml,resolved,e1/hpt_flow,e1/abc_stationery,e1/fold_tempo,27b5d141025fcc9eeb4352959d428e921028cd2f73c15f896c84837cd0944154,e1e1d508bf42294b7054fa225f706209d73fd11c12cb3a2f5661b8ab38152ef1,20b76bf40c37caf1a2c1cec391ae5080f20cd704ab3ae0be11f26df77350a803,
A,experiment/e1/abcst_arclogdur_fs.yaml,resolved,e1/hpt_flow,e1/abc_stationery,e1/fold_tempo,27b5d141025fcc9eeb4352959d428e921028cd2f73c15f896c84837cd0944154,1ec390e0e453fced20bc6646812bf7ae138daefaa4d1621fe7f57496578fbd5f,20b76bf40c37caf1a2c1cec391ae5080f20cd704ab3ae0be11f26df77350a803,
A,experiment/e1/abcst_arcmean.yaml,resolved,e1/hpt_flow,e1/abc_stationery,e1/fold_tempo,0a7cdab92853cb4161ac601750b213067a7abf8c5034cea47386c6569a3685e8,7d956a4766e66e22d661766d931e9768d21872c3b67c1a0e4ae79aa2ed4c7bbb,92bb3386e2b01290c28b1b82b82028d9e9843dd5cb7382dd2fc2c88ac14b43e8,
A,experiment/e1/abcst_arcmean_fs.yaml,resolved,e1/hpt_flow,e1/abc_stationery,e1/fold_tempo,0a7cdab92853cb4161ac601750b213067a7abf8c5034cea47386c6569a3685e8,4e20685a9d735376ae6d172106f6c8c8729cce73d1c496b81d3413f53044c39e,92bb3386e2b01290c28b1b82b82028d9e9843dd5cb7382dd2fc2c88ac14b43e8,
A,experiment/e1/abcst_time.yaml,resolved,e1/hpt_flow,e1/abc_stationery,e1/fold_tempo,0d2deaf3d41b30732b7268b1830983328ac1b81e68e8668320c0e15fbf66eda7,4e4069b19c9f2a2088b3e7f87701cf52090351a1a1f6c7104dc08b7a9730e367,776af127372bda43934b33cda235137a2dab6efcfc24b376bfe689f75a8c4fb5,
A,experiment/e1/fold_arcdur.yaml,resolved,e1/hpt_flow,e1/fold_freeform,e1/fold_tempo,27b5d141025fcc9eeb4352959d428e921028cd2f73c15f896c84837cd0944154,4d189b989586dd2a152dcf4d592b9d3a1bac7421d87e93c92d3653e32c2b098e,b15499f74da5f6196c372b5ce2e1a84a490868d9670ce7b7c02bf465ca039689,
A,experiment/e1/fold_arclogdur.yaml,resolved,e1/hpt_flow,e1/fold_freeform,e1/fold_tempo,27b5d141025fcc9eeb4352959d428e921028cd2f73c15f896c84837cd0944154,3216459d4746de03d16c1816dd3281617034b409b523b171e0108d459f6c6627,20b76bf40c37caf1a2c1cec391ae5080f20cd704ab3ae0be11f26df77350a803,
A,experiment/e1/fold_arclogdur_ps.yaml,resolved,e1/hpt_flow,e1/fold_freeform,e1/fold_tempo,27b5d141025fcc9eeb4352959d428e921028cd2f73c15f896c84837cd0944154,cda160666389b118b2f7e4c936f2c318d2604c09341685448719a301c8d11982,9989d58232fe491322df7935e12c170835cce1677bf5f1f4a9746ccdf49162ad,
A,experiment/e1/fold_arcmean.yaml,resolved,e1/hpt_flow,e1/fold_freeform,e1/fold_tempo,0a7cdab92853cb4161ac601750b213067a7abf8c5034cea47386c6569a3685e8,94f0b3a9a70a699d22427a0ea65080b284c32cd2d8c19d5548037191a9be1ee2,92bb3386e2b01290c28b1b82b82028d9e9843dd5cb7382dd2fc2c88ac14b43e8,
A,experiment/e1/fold_arcmean_D75.yaml,resolved,e1/hpt_flow,e1/fold_freeform,e1/fold_tempo,0a7cdab92853cb4161ac601750b213067a7abf8c5034cea47386c6569a3685e8,96fc54712d56691b60252830e76f24f5b56d78b858922dd82e450f7c2259e660,680700b587d68d921ade60b834c929cae8301fe8a84c5778cfb8aa4c2bac60b3,
A,experiment/e1/fold_arcvel.yaml,resolved,e1/hpt_flow,e1/fold_freeform,e1/fold_tempo,27b5d141025fcc9eeb4352959d428e921028cd2f73c15f896c84837cd0944154,3b6fe0ffff3f34c51da86d157f684cffc4a0e33588322792c995c84b55e16543,9789823cefc5aaf29a7de80fcd942e6f533e669f382bdfef93524e52aeddb659,
A,experiment/e1/fold_base.yaml,resolved,,e1/fold_freeform,e1/fold_tempo,,6059447c3b032237d0fc573aba1c7b52ec1485df114e41deae61a7420e01ef2d,776af127372bda43934b33cda235137a2dab6efcfc24b376bfe689f75a8c4fb5,
A,experiment/e1/fold_time.yaml,resolved,e1/hpt_flow,e1/fold_freeform,e1/fold_tempo,0d2deaf3d41b30732b7268b1830983328ac1b81e68e8668320c0e15fbf66eda7,6059447c3b032237d0fc573aba1c7b52ec1485df114e41deae61a7420e01ef2d,776af127372bda43934b33cda235137a2dab6efcfc24b376bfe689f75a8c4fb5,
A,experiment/pusht/action_flow_bc_usocket_latent_fm_sg_recon1_200m_adamw_lr1e5_s42.yaml,resolved,bf/us_action_flow_bc_latent_fm_sg_200m_adamw,pusht/action_flow_usocket_val01_h16_common4,eval_planar_v2,63bdc7c188714cb3036fb91b6e7bca2b9a7d9655b5f7e043d35d9c97e7a17243,f569d6b86e6158a0cad95a16aa0c2849e4ce9b987619e76e36af95efe27c7e67,c43814aa70c5e767baf947db3c1ef7d04a0c72f99614979b7f4f79966ded84f4,
A,experiment/pusht/action_flow_bc_usocket_latent_fm_sg_recon1_200m_muon_lr1e5_s42.yaml,resolved,bf/us_action_flow_bc_latent_fm_sg_200m_muon,pusht/action_flow_usocket_val01_h16_common4,eval_planar_v2,8ea3202d1720bd5356aa36a0cfa271bdaa6f8a10fd165c9929f01d8244ff2b62,f569d6b86e6158a0cad95a16aa0c2849e4ce9b987619e76e36af95efe27c7e67,9ab2d11d83cb53b4c12290e146479f5100c45355b432c4f1bed7e65edc7c2066,
A,experiment/pusht/action_flow_chain_latent_fm_sg_unite_h384_sum14_cfg4_val8_s42.yaml,resolved,bf/us_action_flow_latent_fm_sg_unite_h384,pusht/action_flow_unite_chain_val01_h16,eval_planar_v2,2d601e34ee04ac52e3ac5a3a42ccf5e5060710ca24eeecd5baeeb457091c234a,e7dbfbff9059b0e817efc3a382d845a983c21094b6818c9487d32913afc955ac,c869936757f9d39e0accb59546985ef19d9c9f4281d43b31f055a3960a124e0b,
A,experiment/pusht/action_flow_usocket_candidate_common.yaml,resolved,bf/us_action_flow_latent_fm_sg_unite_h384,pusht/action_flow_usocket_val01_h16_common4,eval_planar_v2,fa2384a86c7a92fa61d7ac2c53f80c89d43877f7f5929aee0a1568920fa0c8b6,f569d6b86e6158a0cad95a16aa0c2849e4ce9b987619e76e36af95efe27c7e67,f328f7e2f4df67361aa43d95b9b6260582791d33bdaf207cd4fae13f3841fb11,
A,experiment/pusht/action_flow_usocket_latent_fm_sg_unite_denoiser90m_sum14_cfg4_finalval1_s42.yaml,resolved,bf/us_action_flow_latent_fm_sg_unite_h384,pusht/action_flow_unite_usocket_val01_h16,eval_planar_v2,5b46d986e125e98284e4121afcfc46104af9a7f5815812a99bce72db852aa501,e2d26d68915d27b09f8f07e4ee9f6d4789a149d04c76ac74d0ce2e52a37774c7,6e70653dde0b9cac96ddac2c6f8953b26ace781293c2b190eb646e26708b17aa,
A,experiment/pusht/action_flow_usocket_latent_fm_sg_unite_h384_s42.yaml,resolved,bf/us_action_flow_latent_fm_sg_unite_h384,pusht/action_flow_unite_usocket_val01_h16,eval_planar_v2,fa2384a86c7a92fa61d7ac2c53f80c89d43877f7f5929aee0a1568920fa0c8b6,c8efffc8e17d172eba8e33a5cf608ff710b1cf9e6e5d69558fe4e46df4289a24,451a6c1422ce5c4c0ef7e9919790b1d56f35089a5ac5ec25d14ddb9880eec673,
A,experiment/pusht/action_flow_usocket_latent_fm_sg_unite_h384_sum14_cfg4_val8_s42.yaml,resolved,bf/us_action_flow_latent_fm_sg_unite_h384,pusht/action_flow_unite_usocket_val01_h16,eval_planar_v2,b33ff2675a1b5c0d1794ab8ec8b36eff707b95e1fba613201c12d6ee2de73c8b,e2d26d68915d27b09f8f07e4ee9f6d4789a149d04c76ac74d0ce2e52a37774c7,08776b939e8512b07f4923b948c09445db203de81d159a262597e45be9566504,
A,experiment/pusht/action_flow_usocket_latent_fm_sg_unite_h384_sum14_cfg4_val8_scale1_s42.yaml,resolved,bf/us_action_flow_latent_fm_sg_unite_h384,pusht/action_flow_unite_usocket_val01_h16,eval_planar_v2,12381cea41ba09c1bfe5ed81122acad029b005fb8adc6b48a90ececb698a4f45,e2d26d68915d27b09f8f07e4ee9f6d4789a149d04c76ac74d0ce2e52a37774c7,41fad3cc42b0e02db3e9ad4da19ac0acb4798fce700c3580939d453879f93883,
A,experiment/pusht/action_latent_vfm_usocket_val01_h16.yaml,resolved,bf/us_action_latent_vfm_nt16_d8_h512_s42,pusht/unite_usocket_val01_h16_per_emb_proprio,eval_planar_v2,cad935b7df091313460ff05bd6cd4c85a5dcffa5871d041fade7e97f16bc91bf,a7c1893f5f8a480faf397489fc63edcb8b9cf2f7f07b823b33f9ae9e07ae58d1,f3157e5b49297f0f9bbf8f4d42f26cd74848b386d7aaebe45ccde2f6c6dfa26a,
A,experiment/pusht/planar_v2_base.yaml,resolved,,,eval_planar_v2,,,05db0475c8b79dcf1f812522f33e378ae349d3de70d9e1261ec3c06cd1c4fcf1,
A,experiment/pusht/planar_v2_chain_arc_bc.yaml,resolved,bf/bf_planar_v2_flow,pusht/planar_v2_chain_gripper,eval_planar_v2,985f26e533159411284487c212213d70dcbb77a162ce2267645faa6b46b5d9ee,4fe78ca9fc0fd65c1b7953d524fd645f2e1b1b67c2ba9f197e1c58ad68fece33,a5dae4d4196fb7de0679be30cdecf2cc25e266bdb1761b3dff7e6d8bdfb7fab6,
A,experiment/pusht/planar_v2_chain_base.yaml,resolved,,pusht/planar_v2_chain_gripper,eval_planar_v2,,82f7a78eacf32594638861572ca0f7871da195024f5fb84e88bcfaaa08ef7670,05db0475c8b79dcf1f812522f33e378ae349d3de70d9e1261ec3c06cd1c4fcf1,
A,experiment/pusht/planar_v2_chain_direct_bc.yaml,resolved,bf/bf_planar_v2_flow,pusht/planar_v2_chain_gripper,eval_planar_v2,9c53e47bd67162aa68583996af220c9c7fd6a769d76eba83e9d72901ef95f720,82f7a78eacf32594638861572ca0f7871da195024f5fb84e88bcfaaa08ef7670,33824ad194f1e003b058c0a3005dc4478c21c675e2439e91ee8bc8ea153f4337,
A,experiment/pusht/planar_v2_chain_dp_paper.yaml,resolved,bf/bf_planar_v2_dp_paper,pusht/planar_v2_chain_gripper,eval_planar_v2,3da30853b12192b02a8351d2da5b0163e86bfa25780e0b21ac2e720f2c5480cd,71d954b75a638d309eae81b66791dc02f21e8fe1f37bd15ad7a98c3a1a2861e3,33824ad194f1e003b058c0a3005dc4478c21c675e2439e91ee8bc8ea153f4337,
A,experiment/pusht/planar_v2_chain_dp_standard.yaml,resolved,bf/bf_planar_v2_dp_standard,pusht/planar_v2_chain_gripper,eval_planar_v2,3a4b6e004aca971eb36013fc081458f826a8be6595eaf041fe87de70c3f32984,82f7a78eacf32594638861572ca0f7871da195024f5fb84e88bcfaaa08ef7670,33824ad194f1e003b058c0a3005dc4478c21c675e2439e91ee8bc8ea153f4337,
A,experiment/pusht/planar_v2_cotrain_clean_dp_standard.yaml,resolved,bf/bf_planar_v2_dp_standard,pusht/planar_v2_cotrain_clean,eval_planar_v2,3a4b6e004aca971eb36013fc081458f826a8be6595eaf041fe87de70c3f32984,67ef9c023787396ac552fac5d3f7eb8f326a74c81a2eb18f8e88722d9641cbe7,6ffd7117c091047bd56ae47fe35ae4a8941b175385d016283727be027ceac0fa,
A,experiment/pusht/planar_v2_usocket_arc_bc.yaml,resolved,bf/bf_planar_v2_flow,pusht/planar_v2_usocket,eval_planar_v2,229a1d1d93e18f5c5081640742de3980de496197058bfe705a50b08dd7531aa5,0978234567ee17e331211a42548e0869621df155d947982855bdc5bd9037af1a,2e3b9713e378dc3a75f2ac0dd7f203c655d8c8ff04b49d1cbb5f2c20aedac785,
A,experiment/pusht/planar_v2_usocket_arc_graph_tok.yaml,resolved,bf/bf_planar_v2_arc_graph_tok,pusht/planar_v2_usocket,eval_planar_v2,5696fa8279b0de797a60f1b0b9914bedc8b1b312742aa32fc3b4fbad25f43bd7,83cb677bf97089b7b3d747001d82481d07425ef7faf8caec5233c169d9670450,62bcff639bab23fd56d14d3fd798d9195613e00f37a14d2a8c59251d2be01e74,
A,experiment/pusht/planar_v2_usocket_arc_hybrid_D40_M16_R24deg_bc.yaml,resolved,bf/bf_planar_v2_flow,pusht/planar_v2_usocket,eval_planar_v2,71df120efd2dd6d9a6022da28dc810e0a7eece76fce8d93469f3d4706ecd0f69,13deda147265a70b10cac322e813bce18ed77d73162cf50f04c533c9f7773e61,bccc94c9eea314c3b5a1f665b6170454dad23ec61c8c7c1ae3198ceee95d202d,
A,experiment/pusht/planar_v2_usocket_arc_paper_curvature_D40_M16_R24deg.yaml,resolved,bf/bf_planar_v2_dp_paper,pusht/planar_v2_usocket,eval_planar_v2,a818348b9fb77681119a37ff9767d49feba1fedf06d8feea34b368bd34bedada,1e9e8a4613d026299acd31c731f3d7357b821dcc3856afb977b4a5ff8d9764d5,d7e9be18411747026aae484f8b0fa182cb876014c4ef3e0c44fce8adc0056006,
A,experiment/pusht/planar_v2_usocket_arc_paper_uniform_D40_M16_R24deg.yaml,resolved,bf/bf_planar_v2_dp_paper,pusht/planar_v2_usocket,eval_planar_v2,a818348b9fb77681119a37ff9767d49feba1fedf06d8feea34b368bd34bedada,8ece0763aa049dd9d70d24e96987f71456e8d3a7ffcde2f8239eaa9da72a9031,b2a5e8e3ff714848aff807be920985054427bdd64d1d64e9084f9aeda1e62828,
A,experiment/pusht/planar_v2_usocket_base.yaml,resolved,,pusht/planar_v2_usocket,eval_planar_v2,,4cf958aae97ad64828f94e5138863be38ee60a5ad61f1bf4a79a7b2be90fb3d8,0769d988431bbf29d2333e2d2844f53542ac5db653d29a83712a060a6d71d8de,
A,experiment/pusht/planar_v2_usocket_direct_bc.yaml,resolved,bf/bf_planar_v2_flow,pusht/planar_v2_usocket,eval_planar_v2,7b9460af44756bd0f7f15016d9782689cef71ca76d5361ca48d57bfda4bc189d,4cf958aae97ad64828f94e5138863be38ee60a5ad61f1bf4a79a7b2be90fb3d8,0cc97c3a99cb3741904dfe2258cdbdf3ae132b31d403fe157e07a9e64a6d7871,
A,experiment/pusht/planar_v2_usocket_dp_paper.yaml,resolved,bf/bf_planar_v2_dp_paper,pusht/planar_v2_usocket,eval_planar_v2,3da30853b12192b02a8351d2da5b0163e86bfa25780e0b21ac2e720f2c5480cd,16f68a2ec22eabde47898a3d5451e55b57d486a723244dd86bb4683f8c2e09c5,80d84a46ca2c0d2b3dbb249e6584c432e62146b6922236a8a8bac3891d155ab6,
A,experiment/pusht/planar_v2_usocket_dp_standard.yaml,resolved,bf/bf_planar_v2_dp_standard,pusht/planar_v2_usocket,eval_planar_v2,3a4b6e004aca971eb36013fc081458f826a8be6595eaf041fe87de70c3f32984,4cf958aae97ad64828f94e5138863be38ee60a5ad61f1bf4a79a7b2be90fb3d8,7e76474e165bace0491ea4d133c567b4ccb50b0e94e8bf2d07bdb100b291c269,
A,experiment/pusht/unite_cotrain_usocket_chain_val01_h16.yaml,resolved,bf/ct_unite_register_separate_nt8_h384_s42,pusht/unite_cotrain_usocket_chain_val01_h16,eval_planar_v2,53cbff5814c99608f7743d958cbe29e94a69ab966ba36e76dc5125d447e4121a,0504a9890948642dcf657f7db0ae6ae0ddbe047b36d1a63df022ae57b488f554,111dc2ac501068c76de3ac93a3204e13fb2c381196a0043510fc5cf21fef8466,
A,experiment/pusht/unite_usocket_register_sweep_val01_h16.yaml,resolved,bf/us_unite_register_shared_nt4_s42,pusht/unite_usocket_val01_h16_per_emb_proprio,eval_planar_v2,91a88275147e74bc7aef53ac01b507b00e155a625acf7ee45f40865dbeb715e9,a7c1893f5f8a480faf397489fc63edcb8b9cf2f7f07b823b33f9ae9e07ae58d1,eb6823aadfcf14dc3d95d000105e62ea06cba63acad92569ead96e82247d5b62,
A,model/abc/yam_bimanual_dp.yaml,resolved,abc/yam_bimanual_dp,abc_arc/abc_fstshirt_bc,,aca84f52faa6902952dea94d71ca60698ccfe9cfc2be55cca93a89e28751374c,7d7b91e11aa45a6d1eee94b439c6e18e10aca7eb94a328215313a6e2dae48464,,
A,model/abc/yam_bimanual_hpt.yaml,resolved,abc/yam_bimanual_hpt,abc_arc/abc_fstshirt_bc,,051f3ce3093d72295b0d76e8418d93190c38749f2305b597bc830661e78f5825,7d7b91e11aa45a6d1eee94b439c6e18e10aca7eb94a328215313a6e2dae48464,,
A,model/abc_arc/hpt_bimanual_visual.yaml,resolved,abc_arc/hpt_bimanual_visual,abc_arc/mecka_fold_clothes_40h_human_baseline,eval_open_loop_sim,439b9c13892ae78936fc0586c1bc93d05a203bd832d5c5180b688a3a4d494422,8740ee1480a789fbff4369f80ff8811ace65751a5a7f28de1ae4fde23920baf2,194d56583f7f0b93800f323a3e3807da569e35ebf3aca931d9eb91719a690b94,
A,model/abc_arc/hpt_yam_visual.yaml,resolved,abc_arc/hpt_yam_visual,abc_arc/abc_visual,eval_open_loop_sim,f0963f8936e8479f1d33ff57b97e8f2f70dd277c551c71ba76b9dab5fb32b881,30e3142c2a945979e92081495bcbd27d345056ce985d7b40ae9e25c7d5f10561,33276d7dc3e1496105bb81d3e318f207e0b94c106c071312a13fbb8bd93b76c1,
A,model/abc_arc/hpt_yam_visual_arc_stream.yaml,resolved,abc_arc/hpt_yam_visual_arc_stream,abc_arc/abc_visual,eval_open_loop_sim,5a02223fb0c2dee99fd1e32ebd1703cf79b3c786dae713f7cf4e3bd45154ce12,f4ae1f20f4dedd77934d46ccd7fe086755ac176b53995823a8699dc5b8b65a21,5e68f8d39205a76779b448691fdb337b465ab535e5db33df9e8acd827644d54c,
A,model/bf/bf_planar_v2_arc_graph_tok.yaml,resolved,bf/bf_planar_v2_arc_graph_tok,pusht/planar_v2_usocket,eval_planar_v2,5696fa8279b0de797a60f1b0b9914bedc8b1b312742aa32fc3b4fbad25f43bd7,83cb677bf97089b7b3d747001d82481d07425ef7faf8caec5233c169d9670450,62bcff639bab23fd56d14d3fd798d9195613e00f37a14d2a8c59251d2be01e74,
A,model/bf/bf_planar_v2_dp_paper.yaml,resolved,bf/bf_planar_v2_dp_paper,pusht/planar_v2_usocket,eval_planar_v2,3da30853b12192b02a8351d2da5b0163e86bfa25780e0b21ac2e720f2c5480cd,4cf958aae97ad64828f94e5138863be38ee60a5ad61f1bf4a79a7b2be90fb3d8,6b480a74b347e4245e9d6ccd1a79460f5ee71c8e0b02a522b82d1f908fff5f62,
A,model/bf/bf_planar_v2_dp_standard.yaml,resolved,bf/bf_planar_v2_dp_standard,pusht/planar_v2_usocket,eval_planar_v2,3a4b6e004aca971eb36013fc081458f826a8be6595eaf041fe87de70c3f32984,4cf958aae97ad64828f94e5138863be38ee60a5ad61f1bf4a79a7b2be90fb3d8,6b480a74b347e4245e9d6ccd1a79460f5ee71c8e0b02a522b82d1f908fff5f62,
A,model/bf/bf_planar_v2_flow.yaml,resolved,bf/bf_planar_v2_flow,pusht/planar_v2_usocket,eval_planar_v2,7b9460af44756bd0f7f15016d9782689cef71ca76d5361ca48d57bfda4bc189d,4cf958aae97ad64828f94e5138863be38ee60a5ad61f1bf4a79a7b2be90fb3d8,6b480a74b347e4245e9d6ccd1a79460f5ee71c8e0b02a522b82d1f908fff5f62,
A,model/bf/ct_unite_register_separate_nt8_h384_s42.yaml,resolved,bf/ct_unite_register_separate_nt8_h384_s42,pusht/planar_v2_usocket,eval_planar_v2,53cbff5814c99608f7743d958cbe29e94a69ab966ba36e76dc5125d447e4121a,4cf958aae97ad64828f94e5138863be38ee60a5ad61f1bf4a79a7b2be90fb3d8,6b480a74b347e4245e9d6ccd1a79460f5ee71c8e0b02a522b82d1f908fff5f62,
A,model/bf/us_action_flow_bc_latent_fm_sg_200m_adamw.yaml,resolved,bf/us_action_flow_bc_latent_fm_sg_200m_adamw,pusht/planar_v2_usocket,eval_planar_v2,63bdc7c188714cb3036fb91b6e7bca2b9a7d9655b5f7e043d35d9c97e7a17243,4cf958aae97ad64828f94e5138863be38ee60a5ad61f1bf4a79a7b2be90fb3d8,6b480a74b347e4245e9d6ccd1a79460f5ee71c8e0b02a522b82d1f908fff5f62,
A,model/bf/us_action_flow_bc_latent_fm_sg_200m_muon.yaml,resolved,bf/us_action_flow_bc_latent_fm_sg_200m_muon,pusht/planar_v2_usocket,eval_planar_v2,8ea3202d1720bd5356aa36a0cfa271bdaa6f8a10fd165c9929f01d8244ff2b62,4cf958aae97ad64828f94e5138863be38ee60a5ad61f1bf4a79a7b2be90fb3d8,6b480a74b347e4245e9d6ccd1a79460f5ee71c8e0b02a522b82d1f908fff5f62,
A,model/bf/us_action_flow_latent_fm_sg_unite_h384.yaml,resolved,bf/us_action_flow_latent_fm_sg_unite_h384,pusht/action_flow_unite_usocket_val01_h16,eval_planar_v2,fa2384a86c7a92fa61d7ac2c53f80c89d43877f7f5929aee0a1568920fa0c8b6,c8efffc8e17d172eba8e33a5cf608ff710b1cf9e6e5d69558fe4e46df4289a24,48066a6e0ad641be572466281b86b14656f866628b32997588aa74c47cd547e2,
A,model/bf/us_action_latent_vfm_nt16_d8_h512_s42.yaml,resolved,bf/us_action_latent_vfm_nt16_d8_h512_s42,pusht/planar_v2_usocket,eval_planar_v2,cad935b7df091313460ff05bd6cd4c85a5dcffa5871d041fade7e97f16bc91bf,4cf958aae97ad64828f94e5138863be38ee60a5ad61f1bf4a79a7b2be90fb3d8,6b480a74b347e4245e9d6ccd1a79460f5ee71c8e0b02a522b82d1f908fff5f62,
A,model/bf/us_unite_register_separate_nt4_s42.yaml,resolved,bf/us_unite_register_separate_nt4_s42,pusht/planar_v2_usocket,eval_planar_v2,d18639ce5636a04a1c70f35b407f17dd2eb1fafb6c07653262c0d87016884680,4cf958aae97ad64828f94e5138863be38ee60a5ad61f1bf4a79a7b2be90fb3d8,6b480a74b347e4245e9d6ccd1a79460f5ee71c8e0b02a522b82d1f908fff5f62,
A,model/bf/us_unite_register_separate_nt8_s42.yaml,resolved,bf/us_unite_register_separate_nt8_s42,pusht/planar_v2_usocket,eval_planar_v2,cf3694be90fa5d8fb74a5e2fd34023329f41bd0a2add7ac5072f7e5b104b5850,4cf958aae97ad64828f94e5138863be38ee60a5ad61f1bf4a79a7b2be90fb3d8,6b480a74b347e4245e9d6ccd1a79460f5ee71c8e0b02a522b82d1f908fff5f62,
A,model/bf/us_unite_register_shared_nt16_s42.yaml,resolved,bf/us_unite_register_shared_nt16_s42,pusht/planar_v2_usocket,eval_planar_v2,37552200046810ebfaa36ab483c2639192897405b04f108159a8e1cd1d7ee2fc,4cf958aae97ad64828f94e5138863be38ee60a5ad61f1bf4a79a7b2be90fb3d8,6b480a74b347e4245e9d6ccd1a79460f5ee71c8e0b02a522b82d1f908fff5f62,
A,model/bf/us_unite_register_shared_nt4_s42.yaml,resolved,bf/us_unite_register_shared_nt4_s42,pusht/planar_v2_usocket,eval_planar_v2,91a88275147e74bc7aef53ac01b507b00e155a625acf7ee45f40865dbeb715e9,4cf958aae97ad64828f94e5138863be38ee60a5ad61f1bf4a79a7b2be90fb3d8,6b480a74b347e4245e9d6ccd1a79460f5ee71c8e0b02a522b82d1f908fff5f62,
A,model/bf/us_unite_register_shared_nt8_flow42_s42.yaml,resolved,bf/us_unite_register_shared_nt8_flow42_s42,pusht/planar_v2_usocket,eval_planar_v2,6be5bf5b0545eefea032ab42220452099a16313403493c2154406d5ad8329672,4cf958aae97ad64828f94e5138863be38ee60a5ad61f1bf4a79a7b2be90fb3d8,6b480a74b347e4245e9d6ccd1a79460f5ee71c8e0b02a522b82d1f908fff5f62,
A,model/bf/us_unite_register_shared_nt8_s42.yaml,resolved,bf/us_unite_register_shared_nt8_s42,pusht/planar_v2_usocket,eval_planar_v2,6e4d89ded391aa465b0cbf4f50b5096183dab59bd2248e0efb991d39986f1794,4cf958aae97ad64828f94e5138863be38ee60a5ad61f1bf4a79a7b2be90fb3d8,6b480a74b347e4245e9d6ccd1a79460f5ee71c8e0b02a522b82d1f908fff5f62,
A,model/e1/hpt_flow.yaml,resolved,e1/hpt_flow,e1/fold_freeform,e1/fold_tempo,0d2deaf3d41b30732b7268b1830983328ac1b81e68e8668320c0e15fbf66eda7,6059447c3b032237d0fc573aba1c7b52ec1485df114e41deae61a7420e01ef2d,776af127372bda43934b33cda235137a2dab6efcfc24b376bfe689f75a8c4fb5,
A,model/e1/hpt_flow_wrists.yaml,resolved,e1/hpt_flow_wrists,e1/abc_stationery,e1/fold_tempo,ae44ef5aeea795f2b77b4b9535441d45e22bd92eee995016506b4b97d29b7aab,175671657fa736ba2cb68286cbcebcff3f489607057f752b2cd35b2186368e0b,776af127372bda43934b33cda235137a2dab6efcfc24b376bfe689f75a8c4fb5,
A,model/pi05/pi0.5_bc_abc_eva_6d.yaml,resolved,pi05/pi0.5_bc_abc_eva_6d,pi05/abc_stationery_pi_6d,pi05/eval_pi_wristframe_6d,00515eb094693884c69a7543770caef1775c6d6f2d4ac4b54f02da9e757624d3,8e1d025590b9d18f91febb72f09463c332958d28e9dbd49fc575464cfeea8db8,42ddb00d5f5cc69d00a108df6d6e512db59d1d814f0d29d8e8bf524da8569aab,
A,model/pi05/pi0.5_bc_eva.yaml,resolved,pi05/pi0.5_bc_eva,pi05/abc_stationery_pi_6d,pi05/eval_pi_wristframe_6d,ad7997aff3e55e4588339dabd55d618f569b2f47f8af301732a153e6606c4066,8e1d025590b9d18f91febb72f09463c332958d28e9dbd49fc575464cfeea8db8,9d7df6d60ad58442c3bc00cd73da07d3d0965fa550232478b31a4bfb5e9bf8e2,
A,model/pi05/pi0.5_bc_mecka_6d.yaml,resolved,pi05/pi0.5_bc_mecka_6d,pi05/abc_stationery_pi_6d,pi05/eval_pi_wristframe_6d,f20f9dd1568f31a94d2661ad1e31b5241e904ae6a5973c94ae86ddfa659b71b7,8e1d025590b9d18f91febb72f09463c332958d28e9dbd49fc575464cfeea8db8,42ddb00d5f5cc69d00a108df6d6e512db59d1d814f0d29d8e8bf524da8569aab,
A,model/pi05/pi0.5_bc_mecka_abc_6d.yaml,resolved,pi05/pi0.5_bc_mecka_abc_6d,pi05/abc_stationery_pi_6d,pi05/eval_pi_wristframe_6d,e3062cf193f840e16da2447114571d6d2e6857f48353b37d49a15cb15f59b916,8e1d025590b9d18f91febb72f09463c332958d28e9dbd49fc575464cfeea8db8,42ddb00d5f5cc69d00a108df6d6e512db59d1d814f0d29d8e8bf524da8569aab,
A,model/pi05/pi0.5_cotrain_eva_aria_6d.yaml,resolved,pi05/pi0.5_cotrain_eva_aria_6d,pi05/abc_stationery_pi_6d,pi05/eval_pi_wristframe_6d,8ae8e336f3f492f59cad33ea5f007c64db27e63330e2b44d74c57bca32e7f613,8e1d025590b9d18f91febb72f09463c332958d28e9dbd49fc575464cfeea8db8,9d7df6d60ad58442c3bc00cd73da07d3d0965fa550232478b31a4bfb5e9bf8e2,
A,model/pi05/pi0.5_ft_abc_eva_6d.yaml,resolved,pi05/pi0.5_ft_abc_eva_6d,pi05/abc_stationery_pi_6d,pi05/eval_pi_wristframe_6d,00515eb094693884c69a7543770caef1775c6d6f2d4ac4b54f02da9e757624d3,8e1d025590b9d18f91febb72f09463c332958d28e9dbd49fc575464cfeea8db8,42ddb00d5f5cc69d00a108df6d6e512db59d1d814f0d29d8e8bf524da8569aab,
A,model/pi05/pi0.5_ft_aria_fold_grip.yaml,resolved,pi05/pi0.5_ft_aria_fold_grip,pi05/abc_stationery_pi_6d,pi05/eval_pi_wristframe_6d,8ae2aad79b2a59a81d39750b41b417b3f1787a426a2033a8f420f6521e24fbba,8e1d025590b9d18f91febb72f09463c332958d28e9dbd49fc575464cfeea8db8,42ddb00d5f5cc69d00a108df6d6e512db59d1d814f0d29d8e8bf524da8569aab,
B,data/abc_arc/abc_fslongshirt_micro_foldclothes_cotrain_arcD40M100.yaml,resolved,abc_arc/hpt_abc_cotrain_300M_qwen_pooled_arc_D40_M100,abc_arc/abc_fslongshirt_micro_foldclothes_cotrain_arcD40M100,eval_arc_bimanual_cartesian_D40_M100,e2955f1d44a00cfce6900a8571155a185b693a8f293ebc82f8345282d54a1278,2c57bd340637287ab6b20e45a74a46f9c59136e2022e07439e087d4c47c015f3,59731c0161b94de0a8871331a1b4c6564e2d3a30e59b97da692814ba9dec3212,
B,data/abc_arc/abc_fslongshirt_micro_foldclothes_cotrain_baseline.yaml,resolved,abc_arc/hpt_abc_cotrain_300M_qwen_pooled,abc_arc/abc_fslongshirt_micro_foldclothes_cotrain_baseline,eval_arc_bimanual_cartesian_D40_M100,e76ca0e1bf5150673e0feee546cab014dc3f43ae4b843488e2dc6f815266dabe,764a36c916eb8e2c8d17a38c4b64b10f145dc96f8e6cf2b25ec493dfd577e582,59731c0161b94de0a8871331a1b4c6564e2d3a30e59b97da692814ba9dec3212,
B,data/abc_arc/abc_fstshirt_arc_bc_D40_M100.yaml,resolved,abc_arc/yam_bimanual_dp_arc_D40_M100,abc_arc/abc_fstshirt_arc_bc_D40_M100,eval_arc_bimanual_cartesian_D40_M100,ea53ba0752d7ed2a27a7f0ece540dde46c2343435004e6753ed74a77628b1f74,c60530b375b94bccec8fbaa90d33651fbde185ea4c7678ec1b6bc8fdd79a6c1c,577e0e5aefb2a1838c39910beb5c1367ab92c70a853106b37c5c6eed62cbcd29,
B,data/abc_arc/abc_fstshirt_bc.yaml,resolved,abc_arc/hpt_abc_cotrain_300M_qwen_pooled,abc_arc/abc_fstshirt_bc,eval_arc_bimanual_cartesian_D40_M100,e76ca0e1bf5150673e0feee546cab014dc3f43ae4b843488e2dc6f815266dabe,abb15be97c63b88120276071a0ce6d748151ea94123321b07b50099ae82e1fdd,59731c0161b94de0a8871331a1b4c6564e2d3a30e59b97da692814ba9dec3212,
B,data/abc_arc/abc_fstshirt_mecka_freefold_arc_cotrain_D40_M100.yaml,resolved,abc_arc/hpt_abc_cotrain_300M_qwen_pooled_arc_D40_M100,abc_arc/abc_fstshirt_mecka_freefold_arc_cotrain_D40_M100,eval_arc_bimanual_cartesian_D40_M100,e2955f1d44a00cfce6900a8571155a185b693a8f293ebc82f8345282d54a1278,f1183fa2a6cece808c91e1f231b130193a15183c29e5a4bc524c36a968c473d3,59731c0161b94de0a8871331a1b4c6564e2d3a30e59b97da692814ba9dec3212,
B,data/abc_arc/abc_fstshirt_mecka_freefold_baseline_cotrain.yaml,resolved,abc_arc/hpt_abc_cotrain_300M_qwen_pooled,abc_arc/abc_fstshirt_mecka_freefold_baseline_cotrain,eval_arc_bimanual_cartesian_D40_M100,e76ca0e1bf5150673e0feee546cab014dc3f43ae4b843488e2dc6f815266dabe,abc6c2776afdd853f78e46daaa408af4d75cbb7f8671cf9de8134df519eb5a1a,59731c0161b94de0a8871331a1b4c6564e2d3a30e59b97da692814ba9dec3212,
B,data/abc_arc/abc_mecka_fold_multitask_arc_cotrain_D40_M100.yaml,resolved,abc_arc/hpt_abc_cotrain_300M_qwen_pooled_arc_D40_M100,abc_arc/abc_mecka_fold_multitask_arc_cotrain_D40_M100,eval_arc_bimanual_cartesian_D40_M100,e2955f1d44a00cfce6900a8571155a185b693a8f293ebc82f8345282d54a1278,26a9392fd11655c19e2606f96c4c5fa2c8f0274843729f04b14587ded4302ea5,59731c0161b94de0a8871331a1b4c6564e2d3a30e59b97da692814ba9dec3212,
B,data/abc_arc/abc_mecka_fold_multitask_baseline_cotrain.yaml,resolved,abc_arc/hpt_abc_cotrain_300M_qwen_pooled,abc_arc/abc_mecka_fold_multitask_baseline_cotrain,eval_arc_bimanual_cartesian_D40_M100,e76ca0e1bf5150673e0feee546cab014dc3f43ae4b843488e2dc6f815266dabe,9ec65c300b326358c3a25b8435658e95f0e8e635b1d2d1a42fa1f5468dbf08f6,59731c0161b94de0a8871331a1b4c6564e2d3a30e59b97da692814ba9dec3212,
B,data/abc_arc/abc_stationery_arc_bc_D40_M100.yaml,resolved,abc_arc/hpt_abc_cotrain_300M_qwen_pooled,abc_arc/abc_stationery_arc_bc_D40_M100,eval_arc_bimanual_cartesian_D40_M100,e76ca0e1bf5150673e0feee546cab014dc3f43ae4b843488e2dc6f815266dabe,b117816a18e935b0660bd1e2960acb4442748ea5df019e2b96c63f3a31b85e63,59731c0161b94de0a8871331a1b4c6564e2d3a30e59b97da692814ba9dec3212,
B,data/abc_arc/abc_stationery_bc.yaml,resolved,abc_arc/hpt_abc_cotrain_300M_qwen_pooled,abc_arc/abc_stationery_bc,eval_arc_bimanual_cartesian_D40_M100,e76ca0e1bf5150673e0feee546cab014dc3f43ae4b843488e2dc6f815266dabe,aa6ba79d83bb031b2a68741a7518948452ccb5a23287509757410777beff940a,59731c0161b94de0a8871331a1b4c6564e2d3a30e59b97da692814ba9dec3212,
B,data/abc_arc/shorts_extreme_arc_bc_D40_M100.yaml,resolved,abc_arc/hpt_abc_cotrain_300M_qwen_pooled,abc_arc/shorts_extreme_arc_bc_D40_M100,eval_arc_bimanual_cartesian_D40_M100,e76ca0e1bf5150673e0feee546cab014dc3f43ae4b843488e2dc6f815266dabe,513ee99e190779bea45e642e592e3cf97845fe72b1743ee6b275ffe2be6765b3,59731c0161b94de0a8871331a1b4c6564e2d3a30e59b97da692814ba9dec3212,
B,data/abc_arc/shorts_extreme_arcdur_D40_M100.yaml,resolved,abc_arc/hpt_abc_cotrain_300M_qwen_pooled,abc_arc/shorts_extreme_arcdur_D40_M100,eval_arc_bimanual_cartesian_D40_M100,e76ca0e1bf5150673e0feee546cab014dc3f43ae4b843488e2dc6f815266dabe,6f49603887bfb108e6ddf75ea3e80d8401d5315ddc46bd0e3339f0acaecae79f,59731c0161b94de0a8871331a1b4c6564e2d3a30e59b97da692814ba9dec3212,
B,data/abc_arc/shorts_extreme_bc.yaml,resolved,abc_arc/hpt_abc_cotrain_300M_qwen_pooled,abc_arc/shorts_extreme_bc,eval_arc_bimanual_cartesian_D40_M100,e76ca0e1bf5150673e0feee546cab014dc3f43ae4b843488e2dc6f815266dabe,37b2b4da87190215459d8c3dd6395602dc6012ebc6ac9570bac31a6e0b13e1e7,59731c0161b94de0a8871331a1b4c6564e2d3a30e59b97da692814ba9dec3212,
B,data/aria.yaml,resolved,,aria,,,1736f4eb81cb8d28ef01999269e3ebeaad3731a7bf000e3ddc2dead7bf2069b6,,
B,data/aria_keypoints.yaml,resolved,,aria_keypoints,,,9e463d7cf30f0fb34e451e770ee13ceca2f4cedbaeb9b7d5ea98d2df9faea6fd,,
B,data/aria_keypoints_wrist.yaml,resolved,,aria_keypoints_wrist,,,540750b3f01b5ed772b001b783919bf1b11f8f7a9c005d6a2e53eb5e8b36daec,,
B,data/aria_qwen.yaml,resolved,,aria_qwen,,,7cea62f4c189a34f181f803df4647a1368d7aae0c72c07803986b584988bbe87,,
B,data/bc_pickplace_eva_qwen.yaml,resolved,,bc_pickplace_eva_qwen,,,24837e8e04e55498c713b4166061c9eb8f330ec6ab327b3fd6895370afdd4006,,
B,data/cotrain_dense_language.yaml,resolved,,cotrain_dense_language,,,9624d886d069556202034369833d3086d738abb94d147dba294f69011c49c051,,
B,data/cotrain_dense_language_base.yaml,resolved,,cotrain_dense_language_base,,,a214e622250698ef1ce4f29881fb986aa50b515ced81b5577bf80458bcbb1582,,
B,data/cotrain_pi_base.yaml,resolved,,cotrain_pi_base,,,a214e622250698ef1ce4f29881fb986aa50b515ced81b5577bf80458bcbb1582,,
B,data/cotrain_pi_lang.yaml,resolved,,cotrain_pi_lang,,,9624d886d069556202034369833d3086d738abb94d147dba294f69011c49c051,,
B,data/cotrain_pi_lang_wrist.yaml,resolved,,cotrain_pi_lang_wrist,,,e82ee41ca5bb3fcdf365ce600eb7115a8743baa83f035b32cfdd04edaa93d699,,
B,data/cotrain_pi_latent.yaml,resolved,,cotrain_pi_latent,,,6c744c82e677f55a51e3b75e4833751a02119e5217c363f1b056d5bc3d7abf45,,
B,data/cotrain_pi_no_lang.yaml,resolved,,cotrain_pi_no_lang,,,1dae5a63dd928d72723f5a37677236713f9bc8a72053c9e6457bdb3d990e03e7,,
B,data/cotrain_pi_pickplace_qwen.yaml,resolved,,cotrain_pi_pickplace_qwen,,,d339cdb9072af3a3e94098c07aa1e31a5b1753562cdd1e9f3086d84202a83963,,
B,data/cotrain_pickplace_qwen.yaml,resolved,,cotrain_pickplace_qwen,,,d339cdb9072af3a3e94098c07aa1e31a5b1753562cdd1e9f3086d84202a83963,,
B,data/cotrain_pickplace_qwen_objgen.yaml,resolved,,cotrain_pickplace_qwen_objgen,,,b0154983802ed85798c70b93f7557d368414230a5f5436bc9441fcd19c2cc034,,
B,data/cotrain_pickplace_qwen_wrist.yaml,resolved,,cotrain_pickplace_qwen_wrist,,,20085edc555057c955501e00f6c5bb74b5709e2a0fd2072f7d8199e089cc5ef9,,
B,data/e1/abc_skirts.yaml,resolved,e1/hpt_flow,e1/abc_skirts,e1/fold_tempo,c5a92d8fe2be278e591566d8b930909087bc6f9f6ccc845612dbe324f2e83caa,abdb68fe8e607975999819b293c1b9abdb7027758b729ee984e89ac57a2d7cef,776af127372bda43934b33cda235137a2dab6efcfc24b376bfe689f75a8c4fb5,
B,data/e1/abc_stationery.yaml,resolved,e1/hpt_flow,e1/abc_stationery,e1/fold_tempo,c5a92d8fe2be278e591566d8b930909087bc6f9f6ccc845612dbe324f2e83caa,abdb68fe8e607975999819b293c1b9abdb7027758b729ee984e89ac57a2d7cef,776af127372bda43934b33cda235137a2dab6efcfc24b376bfe689f75a8c4fb5,
B,data/e1/fold_freeform.yaml,resolved,e1/hpt_flow,e1/fold_freeform,e1/fold_tempo,c5a92d8fe2be278e591566d8b930909087bc6f9f6ccc845612dbe324f2e83caa,bcaa8d426eaca4a223b157af5d0f971dbbc3e92167203bd4e1b5bc5799621113,776af127372bda43934b33cda235137a2dab6efcfc24b376bfe689f75a8c4fb5,
B,data/eva.yaml,resolved,,eva,,,8214b45379c7a37735b0e8fb42162f8167ee6fbd6e0eddf6ee78d81e6a2d89ae,,
B,data/eva_dense_language.yaml,resolved,,eva_dense_language,,,2f0e3befd588cb7eed343396c27ad3aed4d7632f13f4851e755b5229f6cda6e1,,
B,data/eva_pi.yaml,resolved,,eva_pi,,,864ca31ecf63a11c624c62d5b086ddb58ecae8e6a71e89dde90858c05e01aaa8,,
B,data/eva_pi_lang.yaml,resolved,,eva_pi_lang,,,2f0e3befd588cb7eed343396c27ad3aed4d7632f13f4851e755b5229f6cda6e1,,
B,data/human.yaml,resolved,,human,,,9b8ccb64c1f3c38430d8bcd0527218a6d78b85bf2729e444d69c7af2847db746,,
B,data/industry_eva_pi.yaml,resolved,,industry_eva_pi,,,886b26baaa376079dbf33baf460b81edc2b97b1dde357484a61919be141b3e9a,,
B,data/mecka.yaml,resolved,,mecka,,,e9f0f7a4be9dbb9d3ccfeb9a39d6acbcafbb663671a0b87f212dd8a9419a3c09,,
B,data/mecka_scale_cotrain_pi.yaml,resolved,,mecka_scale_cotrain_pi,,,804ff642683db89ce0a37b29784b1297f7cdac62c42649160ac851a2277e23ec,,
B,data/pi05/abc_eva_pi_6d.yaml,resolved,,pi05/abc_eva_pi_6d,,,3b3b3fc50d897c44977579f606aca897a280e623e22afbfd819e26929f6a2c40,,
B,data/pi05/abc_eva_pi_6d_foldviz.yaml,resolved,,pi05/abc_eva_pi_6d_foldviz,,,02d51d95eaac1b6cec3c15e19a0d64bdf8df2bbb3a639d759acfe5f83fdec56f,,
B,data/pi05/abc_stationery_pi_6d.yaml,resolved,,pi05/abc_stationery_pi_6d,,,7c37d74498030e611d272a624d17cb4c7cf431d47ca5af634e8c441956846a87,,
B,data/pi05/aria_fold_pi_6d_grip.yaml,resolved,,pi05/aria_fold_pi_6d_grip,,,672ace10b289c31ab8ac25db5641caa0531c179c5d3dae1cb9f51c9fd80eeba9,,
B,data/pi05/cotrain_pi_base.yaml,resolved,,pi05/cotrain_pi_base,,,99fea98f8bd10d00f7cfec23677302d8cba84087f2be21f13e39429494143a2c,,
B,data/pi05/cotrain_pi_lang.yaml,resolved,,pi05/cotrain_pi_lang,,,a549ca0be01fc422d5e7bd3e3deaee80660a328fe9d1019b1cba3379d39a00fc,,
B,data/pi05/cotrain_pi_lang_6d.yaml,resolved,,pi05/cotrain_pi_lang_6d,,,4b0b2d5a201bfa8eebf061b47fc445a1e2268cb5042e07ea6e8cf3b37df85074,,
B,data/pi05/mecka_abc_pi_6d.yaml,resolved,,pi05/mecka_abc_pi_6d,,,366821fbd4f6e2a0b1c03dd151e511e46d8f3ab5cf311cb19d6b90b4bc5b8dfe,,
B,data/pi05/mecka_all_pi_6d.yaml,resolved,,pi05/mecka_all_pi_6d,,,e0004c9104dd9a742b604290527960c99200cb60aa713aefca81dddfb1a10537,,
B,data/pi05/mecka_fold_flagship_pi_6d.yaml,resolved,,pi05/mecka_fold_flagship_pi_6d,,,b67ac50d98254b3f435f48d6c0873604c1611da2ffc9eb2210b25c71e4a5096a,,
B,data/pi05/obj_gen_pi_lang.yaml,resolved,,pi05/obj_gen_pi_lang,,,35eb3919d9924afbcbc7cbfe49490baf27f77320ff0e1b59bd1af08592cc5580,,
B,data/pi05/obj_gen_pi_lang_6d.yaml,resolved,,pi05/obj_gen_pi_lang_6d,,,d453c12865261ea8040353fbd87d12f13d38791944d18e30f49f0761651cf77e,,
B,data/pi05/obj_gen_pi_lang_wristframe.yaml,resolved,,pi05/obj_gen_pi_lang_wristframe,,,ea7cd8909166e6f9a1ce79eaf22adfd797e94380d040436523ed59e301170e99,,
B,data/pi05/obj_gen_pi_lang_wristframe_6d.yaml,resolved,,pi05/obj_gen_pi_lang_wristframe_6d,,,4489b3119e9af15af0f7e662011278bf1a9714297437fef85b760cbeb200ea9f,,
B,data/pusht/action_flow_unite_chain_val01_h16.yaml,resolved,bf/bf_planar_v2_dp_standard,pusht/action_flow_unite_chain_val01_h16,eval_planar_v2,3fdb68d55fa5bb5b0006c3c8ef2d2aa62787efb2cd93a46681ced4a9d7f8c67b,cb45a6b11a822f5cbdfa6788794cc358f9552ab2419adc14476da61d2a7d3e57,f0113039c2324958e20a51d72a3f9775dfeae7ac385c37df1dfe484bce48bb3c,
B,data/pusht/action_flow_unite_usocket_val01_h16.yaml,resolved,bf/bf_planar_v2_dp_standard,pusht/action_flow_unite_usocket_val01_h16,eval_planar_v2,3fdb68d55fa5bb5b0006c3c8ef2d2aa62787efb2cd93a46681ced4a9d7f8c67b,eed777b96d998213957990ee1a86975889b80df917df273c1fead8a5af302266,f0113039c2324958e20a51d72a3f9775dfeae7ac385c37df1dfe484bce48bb3c,
B,data/pusht/action_flow_usocket_val01_h16_common4.yaml,resolved,bf/bf_planar_v2_dp_standard,pusht/action_flow_usocket_val01_h16_common4,eval_planar_v2,3fdb68d55fa5bb5b0006c3c8ef2d2aa62787efb2cd93a46681ced4a9d7f8c67b,bd8a3af09071d90d7823d89a70251bc54bb9511dbca3b70982a3963cd130b9b0,f0113039c2324958e20a51d72a3f9775dfeae7ac385c37df1dfe484bce48bb3c,
B,data/pusht/planar_v2_chain_gripper.yaml,resolved,bf/bf_planar_v2_dp_standard,pusht/planar_v2_chain_gripper,eval_planar_v2,3fdb68d55fa5bb5b0006c3c8ef2d2aa62787efb2cd93a46681ced4a9d7f8c67b,a5c5f31aabe6eabfc68f68b69067019f01e51cbfa80845e4775f34c7dd9fd9f6,f0113039c2324958e20a51d72a3f9775dfeae7ac385c37df1dfe484bce48bb3c,
B,data/pusht/planar_v2_cotrain_clean.yaml,resolved,bf/bf_planar_v2_dp_standard,pusht/planar_v2_cotrain_clean,eval_planar_v2,3fdb68d55fa5bb5b0006c3c8ef2d2aa62787efb2cd93a46681ced4a9d7f8c67b,47aa82f842d547fbc08899bf525ad18e89c946657d36e7d38b0f624b00e5e25d,6f8d1d82b0f0ef4a30769ffee87943b974d0756d34eec0b41716620038907f7b,
B,data/pusht/planar_v2_usocket.yaml,resolved,bf/bf_planar_v2_dp_standard,pusht/planar_v2_usocket,eval_planar_v2,3fdb68d55fa5bb5b0006c3c8ef2d2aa62787efb2cd93a46681ced4a9d7f8c67b,9a49c2e8378caffdbacab0dff1a0f2f13763e040836365f25541ff21ab9efb8c,6f8d1d82b0f0ef4a30769ffee87943b974d0756d34eec0b41716620038907f7b,
B,data/pusht/unite_cotrain_usocket_chain_val01_h16.yaml,resolved,bf/bf_planar_v2_dp_standard,pusht/unite_cotrain_usocket_chain_val01_h16,eval_planar_v2,3fdb68d55fa5bb5b0006c3c8ef2d2aa62787efb2cd93a46681ced4a9d7f8c67b,abb6305035d7d096e2c9f711dbe64d47cb677fed837bdadb412d639cd042c415,6f8d1d82b0f0ef4a30769ffee87943b974d0756d34eec0b41716620038907f7b,
B,data/pusht/unite_usocket_val01_h16_per_emb_proprio.yaml,resolved,bf/bf_planar_v2_dp_standard,pusht/unite_usocket_val01_h16_per_emb_proprio,eval_planar_v2,3fdb68d55fa5bb5b0006c3c8ef2d2aa62787efb2cd93a46681ced4a9d7f8c67b,6e6eca51d1949ce11f87231ddfb5bca1ffbbef62fea724d6a04285d366e0a9a7,6f8d1d82b0f0ef4a30769ffee87943b974d0756d34eec0b41716620038907f7b,
B,data/scale.yaml,resolved,,scale,,,10f6799c58777e2eb119aa8e728a04d3f1c1890e471c92b486d87d80198daab1,,
B,evaluator/data_fields.yaml,resolved,,,data_fields,,,1971d09ead00fd9a0fb7557e12f58db9c75cf4755271a9ba11dd342f29ef78f7,
B,evaluator/dataset_video.yaml,resolved,,cotrain_pi_lang,dataset_video,,9624d886d069556202034369833d3086d738abb94d147dba294f69011c49c051,9bf2565b2044af421eb4e315c70dc9d1ba9b869c8e4f6755a732dac9b470156e,
B,evaluator/e1/fold_tempo.yaml,resolved,e1/hpt_flow,e1/fold_freeform,e1/fold_tempo,c5a92d8fe2be278e591566d8b930909087bc6f9f6ccc845612dbe324f2e83caa,bcaa8d426eaca4a223b157af5d0f971dbbc3e92167203bd4e1b5bc5799621113,776af127372bda43934b33cda235137a2dab6efcfc24b376bfe689f75a8c4fb5,
B,evaluator/eval_arc_bimanual_cartesian_D40_M100.yaml,resolved,abc_arc/yam_bimanual_dp_arc_D40_M100,abc_arc/abc_fstshirt_arc_bc_D40_M100,eval_arc_bimanual_cartesian_D40_M100,ea53ba0752d7ed2a27a7f0ece540dde46c2343435004e6753ed74a77628b1f74,c60530b375b94bccec8fbaa90d33651fbde185ea4c7678ec1b6bc8fdd79a6c1c,577e0e5aefb2a1838c39910beb5c1367ab92c70a853106b37c5c6eed62cbcd29,
B,evaluator/eval_bimanual_cartesian.yaml,resolved,,,eval_bimanual_cartesian,,,80edb17228ad738f22ff9d07470673a2cfda8da2098963d3b6b671de6c95c084,
B,evaluator/eval_hpt.yaml,resolved,,,eval_hpt,,,e8a74acb1c33c144d565f0838cfac28ad89214cda96fe63e93946ae933b3067c,
B,evaluator/eval_hpt_wrist.yaml,resolved,,,eval_hpt_wrist,,,02b699834bb19d78cb6fd72e7ed03a1068cf106bd95cb314e33675198dc8ef8c,
B,evaluator/eval_keypoints.yaml,resolved,,,eval_keypoints,,,e71292ecbdf32f1db6d11dad5d03461dd032cc6ad6301687c767277d0f565673,
B,evaluator/eval_keypoints_wrist.yaml,resolved,,,eval_keypoints_wrist,,,fd5e2a100dc89ca4200992f62864aee0205b322b72eddb5828f1f35d0890244c,
B,evaluator/eval_latent.yaml,resolved,,,eval_latent,,,c10dc95da7886f63e3e9ee6bced81627406a26880df775c0dc6b83405ec86c57,
B,evaluator/eval_pi.yaml,resolved,,,eval_pi,,,0bcb6972bcff255d91f74fbf58a864faf8022e4eadc8b83907bd5a2fc5a8ee7b,
B,evaluator/eval_planar_v2.yaml,resolved,,,eval_planar_v2,,,05db0475c8b79dcf1f812522f33e378ae349d3de70d9e1261ec3c06cd1c4fcf1,
B,evaluator/pi05/eval_pi.yaml,resolved,pi05/pi0.5_bc_abc_eva_6d,pi05/abc_stationery_pi_6d,pi05/eval_pi,70b2af7ebd1c78d740911d9b561a5372707049ac4b20ff2bf0812418989b1625,7c37d74498030e611d272a624d17cb4c7cf431d47ca5af634e8c441956846a87,840b5df6c91423665181a661b2f3a77c1d112b0d43a240979bafdc319692f49a,
B,evaluator/pi05/eval_pi_camframe_6d.yaml,resolved,pi05/pi0.5_bc_abc_eva_6d,pi05/abc_stationery_pi_6d,pi05/eval_pi_camframe_6d,70b2af7ebd1c78d740911d9b561a5372707049ac4b20ff2bf0812418989b1625,7c37d74498030e611d272a624d17cb4c7cf431d47ca5af634e8c441956846a87,e16d1f9253df72932576074a1ce83b3d9b078c563cbc5335d50fc845f3a8c0f3,
B,evaluator/pi05/eval_pi_wristframe_6d.yaml,resolved,pi05/pi0.5_bc_abc_eva_6d,pi05/abc_stationery_pi_6d,pi05/eval_pi_wristframe_6d,70b2af7ebd1c78d740911d9b561a5372707049ac4b20ff2bf0812418989b1625,7c37d74498030e611d272a624d17cb4c7cf431d47ca5af634e8c441956846a87,0564c5df02522250fefe87193b5bcb9263fc961015efb5997167a3f166ecb07d,
B,evaluator/pi05/eval_pi_wristframe_6d_grip.yaml,resolved,pi05/pi0.5_bc_abc_eva_6d,pi05/abc_stationery_pi_6d,pi05/eval_pi_wristframe_6d_grip,70b2af7ebd1c78d740911d9b561a5372707049ac4b20ff2bf0812418989b1625,7c37d74498030e611d272a624d17cb4c7cf431d47ca5af634e8c441956846a87,caf007e727f7d045ad65a3fd8f1c6ae4e766c2b308462d4e16ee2a8b9c7c28cd,
B,evaluator/viz/cartesian/base.yaml,resolved,,,eval_bimanual_cartesian,,,80edb17228ad738f22ff9d07470673a2cfda8da2098963d3b6b671de6c95c084,
B,evaluator/viz/cartesian.yaml,resolved,,,eval_bimanual_cartesian,,,44bc39fe775f027d4f312a23ed45f6449ba99840b4ef25c11013840612e62783,
B,evaluator/viz/cartesian_wrist.yaml,resolved,,,eval_bimanual_cartesian,,,44bc39fe775f027d4f312a23ed45f6449ba99840b4ef25c11013840612e62783,
B,evaluator/viz/cartesian_wrist_lang.yaml,resolved,,,eval_bimanual_cartesian,,,974ac927aa1c3415092a6a6e59df4e7d01011f632beba9ac6b8d815f008f946c,
B,evaluator/viz/cotrain_lang.yaml,resolved,,,eval_bimanual_cartesian,,,974ac927aa1c3415092a6a6e59df4e7d01011f632beba9ac6b8d815f008f946c,
B,evaluator/viz/keypoints.yaml,resolved,,,eval_bimanual_cartesian,,,b90776c6ddca1001746228d92868073c3e4aadc6fa48022e2e5b24edc9cf2ae0,
B,evaluator/viz/keypoints_wrist.yaml,resolved,,,eval_bimanual_cartesian,,,b90776c6ddca1001746228d92868073c3e4aadc6fa48022e2e5b24edc9cf2ae0,
B,evaluator/viz/pi_cartesian.yaml,resolved,,,eval_bimanual_cartesian,,,44bc39fe775f027d4f312a23ed45f6449ba99840b4ef25c11013840612e62783,
B,evaluator/viz/pi_cartesian_lang.yaml,resolved,,,eval_bimanual_cartesian,,,ca0189841a1642909e9a91d7fcb6337123406dea16560125d1f1e60464ad4e57,
B,evaluator/viz/pi_cartesian_lang_wrist.yaml,resolved,,,eval_bimanual_cartesian,,,ca0189841a1642909e9a91d7fcb6337123406dea16560125d1f1e60464ad4e57,
B,experiment/abc/yam_fstshirt_dp.yaml,resolved,abc/yam_bimanual_dp,abc_arc/abc_fstshirt_bc,,5d145a011aa7c6f51cb94d9ec933ba8dc5276eecb124e4ee01347d84eb9a8338,abb15be97c63b88120276071a0ce6d748151ea94123321b07b50099ae82e1fdd,,
B,experiment/abc/yam_fstshirt_hpt.yaml,resolved,abc/yam_bimanual_hpt,abc_arc/abc_fstshirt_bc,,bacad5086cace699d6c78e4ed57a327fc9ae4155846fc0ef9b703d74e091c46f,abb15be97c63b88120276071a0ce6d748151ea94123321b07b50099ae82e1fdd,,
B,experiment/abc_arc/abc_fstshirt_arc_bc.yaml,resolved,abc_arc/yam_bimanual_dp_arc_D40_M100,abc_arc/abc_fstshirt_arc_bc_D40_M100,eval_arc_bimanual_cartesian_D40_M100,ea53ba0752d7ed2a27a7f0ece540dde46c2343435004e6753ed74a77628b1f74,c60530b375b94bccec8fbaa90d33651fbde185ea4c7678ec1b6bc8fdd79a6c1c,577e0e5aefb2a1838c39910beb5c1367ab92c70a853106b37c5c6eed62cbcd29,
B,experiment/abc_arc/abc_fstshirt_bc.yaml,resolved,abc/yam_bimanual_dp,abc_arc/abc_fstshirt_bc,eval_arc_bimanual_cartesian_D40_M100,5d145a011aa7c6f51cb94d9ec933ba8dc5276eecb124e4ee01347d84eb9a8338,abb15be97c63b88120276071a0ce6d748151ea94123321b07b50099ae82e1fdd,577e0e5aefb2a1838c39910beb5c1367ab92c70a853106b37c5c6eed62cbcd29,
B,experiment/abc_arc/abc_fstshirt_mecka_freefold_cotrain_arcD40M100.yaml,resolved,abc_arc/yam_mecka_cotrain_dp_arc_D40_M100,abc_arc/abc_fstshirt_mecka_freefold_arc_cotrain_D40_M100,eval_arc_bimanual_cartesian_D40_M100,a243f80da7926cf30635307cba55d1f18d9d27b2bae37721556fe1154d13aa97,f1183fa2a6cece808c91e1f231b130193a15183c29e5a4bc524c36a968c473d3,577e0e5aefb2a1838c39910beb5c1367ab92c70a853106b37c5c6eed62cbcd29,
B,experiment/abc_arc/abc_fstshirt_mecka_freefold_cotrain_baseline.yaml,resolved,abc_arc/yam_mecka_cotrain_dp_baseline,abc_arc/abc_fstshirt_mecka_freefold_baseline_cotrain,eval_arc_bimanual_cartesian_D40_M100,8ec59ab65b9c2836110f91c3cfcb3e5344b8dbfb21270342550dab2fa01350d1,abc6c2776afdd853f78e46daaa408af4d75cbb7f8671cf9de8134df519eb5a1a,577e0e5aefb2a1838c39910beb5c1367ab92c70a853106b37c5c6eed62cbcd29,
B,experiment/abc_arc/abc_lang_fstshirt_mecka_freefold_cotrain_arcD40M100.yaml,resolved,abc_arc/hpt_abc_cotrain_300M_qwen_pooled_arc_D40_M100,abc_arc/abc_fslongshirt_micro_foldclothes_cotrain_arcD40M100,eval_arc_bimanual_cartesian_D40_M100,e2955f1d44a00cfce6900a8571155a185b693a8f293ebc82f8345282d54a1278,2c57bd340637287ab6b20e45a74a46f9c59136e2022e07439e087d4c47c015f3,59731c0161b94de0a8871331a1b4c6564e2d3a30e59b97da692814ba9dec3212,
B,experiment/abc_arc/abc_lang_fstshirt_mecka_freefold_cotrain_baseline.yaml,resolved,abc_arc/hpt_abc_cotrain_300M_qwen_pooled,abc_arc/abc_fslongshirt_micro_foldclothes_cotrain_baseline,eval_arc_bimanual_cartesian_D40_M100,e76ca0e1bf5150673e0feee546cab014dc3f43ae4b843488e2dc6f815266dabe,764a36c916eb8e2c8d17a38c4b64b10f145dc96f8e6cf2b25ec493dfd577e582,59731c0161b94de0a8871331a1b4c6564e2d3a30e59b97da692814ba9dec3212,
B,experiment/abc_arc/abc_lang_mecka_fold_multitask_cotrain_arcD40M100.yaml,resolved,abc_arc/hpt_abc_cotrain_300M_qwen_pooled_arc_D40_M100,abc_arc/abc_mecka_fold_multitask_arc_cotrain_D40_M100,eval_arc_bimanual_cartesian_D40_M100,e2955f1d44a00cfce6900a8571155a185b693a8f293ebc82f8345282d54a1278,e68486a21c3f72fb5b6e257feb107949d19cce0439ead9130da9d0633cc42d2a,59731c0161b94de0a8871331a1b4c6564e2d3a30e59b97da692814ba9dec3212,
B,experiment/abc_arc/abc_lang_mecka_fold_multitask_cotrain_baseline.yaml,resolved,abc_arc/hpt_abc_cotrain_300M_qwen_pooled,abc_arc/abc_mecka_fold_multitask_baseline_cotrain,eval_arc_bimanual_cartesian_D40_M100,e76ca0e1bf5150673e0feee546cab014dc3f43ae4b843488e2dc6f815266dabe,b6b142e3a31de3e017511db4f900ff030705317ddfa0886da528d1e130fd04e2,59731c0161b94de0a8871331a1b4c6564e2d3a30e59b97da692814ba9dec3212,
B,experiment/abc_arc/abc_mecka_fold_multitask_cotrain_arcD40M100.yaml,resolved,abc_arc/yam_mecka_cotrain_dp_300M_arc_D40_M100,abc_arc/abc_mecka_fold_multitask_arc_cotrain_D40_M100,eval_arc_bimanual_cartesian_D40_M100,3cb50711af59e9f7c650d894244d5b877b721e32ad2584722c5514a612210b52,26a9392fd11655c19e2606f96c4c5fa2c8f0274843729f04b14587ded4302ea5,577e0e5aefb2a1838c39910beb5c1367ab92c70a853106b37c5c6eed62cbcd29,
B,experiment/abc_arc/abc_mecka_fold_multitask_cotrain_baseline.yaml,resolved,abc_arc/yam_mecka_cotrain_dp_300M_baseline,abc_arc/abc_mecka_fold_multitask_baseline_cotrain,eval_arc_bimanual_cartesian_D40_M100,466bbaa380f7cc508202bfe2719a971b8a955a297eb57f57b2532d6b92fe24cc,9ec65c300b326358c3a25b8435658e95f0e8e635b1d2d1a42fa1f5468dbf08f6,577e0e5aefb2a1838c39910beb5c1367ab92c70a853106b37c5c6eed62cbcd29,
B,experiment/abc_arc/abc_stationery_arc_bc.yaml,resolved,e1/hpt_flow_wrists,abc_arc/abc_stationery_arc_bc_D40_M100,eval_arc_bimanual_cartesian_D40_M100,b189e2239564974d46b4d3b93dedf3c28cd3fb5bb579b32c2080831ee78b9585,b117816a18e935b0660bd1e2960acb4442748ea5df019e2b96c63f3a31b85e63,9e9c3645c83625cde5fbf3c154e9198f18d68be277d4730d2255ad553e6050c8,
B,experiment/abc_arc/abc_stationery_bc.yaml,resolved,e1/hpt_flow_wrists,abc_arc/abc_stationery_bc,eval_arc_bimanual_cartesian_D40_M100,e93a6e86ad5965ca990cc1bb69383dd733c9943d7fe2dc4297c80b5bcee9ca03,aa6ba79d83bb031b2a68741a7518948452ccb5a23287509757410777beff940a,9e9c3645c83625cde5fbf3c154e9198f18d68be277d4730d2255ad553e6050c8,
B,experiment/abc_arc/hpt_qwen_300M_knobs.yaml,resolved,,,,,,,
B,experiment/abc_arc/shorts_extreme_arc_bc.yaml,resolved,e1/hpt_flow_wrists,abc_arc/shorts_extreme_arc_bc_D40_M100,eval_arc_bimanual_cartesian_D40_M100,b189e2239564974d46b4d3b93dedf3c28cd3fb5bb579b32c2080831ee78b9585,513ee99e190779bea45e642e592e3cf97845fe72b1743ee6b275ffe2be6765b3,9e9c3645c83625cde5fbf3c154e9198f18d68be277d4730d2255ad553e6050c8,
B,experiment/abc_arc/shorts_extreme_arcdur.yaml,resolved,e1/hpt_flow_wrists,abc_arc/shorts_extreme_arcdur_D40_M100,e1/fold_tempo,16e53da0fa6e8fd5069762b7525a2e0fb5f27a708c5f55949de7257ab42f7f15,6f49603887bfb108e6ddf75ea3e80d8401d5315ddc46bd0e3339f0acaecae79f,b15499f74da5f6196c372b5ce2e1a84a490868d9670ce7b7c02bf465ca039689,
B,experiment/abc_arc/shorts_extreme_bc.yaml,resolved,e1/hpt_flow_wrists,abc_arc/shorts_extreme_bc,eval_arc_bimanual_cartesian_D40_M100,e93a6e86ad5965ca990cc1bb69383dd733c9943d7fe2dc4297c80b5bcee9ca03,37b2b4da87190215459d8c3dd6395602dc6012ebc6ac9570bac31a6e0b13e1e7,9e9c3645c83625cde5fbf3c154e9198f18d68be277d4730d2255ad553e6050c8,
B,experiment/e1/abc_arcdur.yaml,resolved,e1/hpt_flow,e1/abc_skirts,e1/fold_tempo,aa46add23325113aa38afe578d50993d8c4f5b6c5bee3afec05892415d6d79e8,f05c8e5155738b4318578f4ec199b0faf177e27212494c1f30c257a8413093c8,b15499f74da5f6196c372b5ce2e1a84a490868d9670ce7b7c02bf465ca039689,
B,experiment/e1/abc_arclogdur.yaml,resolved,e1/hpt_flow,e1/abc_skirts,e1/fold_tempo,8492538253eda6a865ddfec33b73c2d9f33c19cfdf6289c15de82967cd2f1aaa,725ad9cdc0ed1d591426449f6e2f635b5802f117306aae91be49d2561e4e0438,20b76bf40c37caf1a2c1cec391ae5080f20cd704ab3ae0be11f26df77350a803,
B,experiment/e1/abc_arclogdur_D75.yaml,resolved,e1/hpt_flow,e1/abc_skirts,e1/fold_tempo,5e27963703191f3519a531f0b8b499a772e6ae2a108392d6e9e4ff1f188f0e15,aa9d2fa6bc1bf15b206877b67d7bd805fdf9039f2b35c2ca49c5543841dea537,ac21ba7cbef1b86215b1ff19ddebdbc975e60f8d88329447e1014aff0dca2c9d,
B,experiment/e1/abc_arclogdur_fs.yaml,resolved,e1/hpt_flow,e1/abc_skirts,e1/fold_tempo,438811567ac710a55646013fe2279dd05de85f69538378fd729adb2df1300d89,c30c1a09ee3ec798852f7d965c37997593b27bbeff405371a706c9b1d5a3b1c1,20b76bf40c37caf1a2c1cec391ae5080f20cd704ab3ae0be11f26df77350a803,
B,experiment/e1/abc_arcmean.yaml,resolved,e1/hpt_flow,e1/abc_skirts,e1/fold_tempo,3f8f11e7aa3b34d708cf35effdd517750d35c36f0003129cf5a1e2b120f74b56,0a17192078cf6635173052590600733542475d72935d0fc7b77cd522cbed9a5b,92bb3386e2b01290c28b1b82b82028d9e9843dd5cb7382dd2fc2c88ac14b43e8,
B,experiment/e1/abc_arcmean_D75.yaml,resolved,e1/hpt_flow,e1/abc_skirts,e1/fold_tempo,18e9604f3e6fcf2f757676b486d35e65d6b0e719374a84d1c90af557990828dc,9c9651c0621c06bcc47ff218989af2b478a4895118de63cbb33941cacc7bcc9b,680700b587d68d921ade60b834c929cae8301fe8a84c5778cfb8aa4c2bac60b3,
B,experiment/e1/abc_arcmean_fs.yaml,resolved,e1/hpt_flow,e1/abc_skirts,e1/fold_tempo,dc3f3a8f796c12e436538ff452f57300ddf145519f42de2a9c3838fe187d9073,96cbf8916b021a0e644f542fbc1558ca784b927b283c246556911c1b2fc70478,92bb3386e2b01290c28b1b82b82028d9e9843dd5cb7382dd2fc2c88ac14b43e8,
B,experiment/e1/abc_arcvel.yaml,resolved,e1/hpt_flow,e1/abc_skirts,e1/fold_tempo,7c50d2c8e7d5ba905da2f8c3ff03f64f9fdf4e09fb71a533977873bfa312f697,4165e8a91af695d3c509298874146c3de0e7985c5e2945d4c83cc5146f5a0cb1,9789823cefc5aaf29a7de80fcd942e6f533e669f382bdfef93524e52aeddb659,
B,experiment/e1/abc_base.yaml,resolved,,e1/abc_skirts,e1/fold_tempo,,abdb68fe8e607975999819b293c1b9abdb7027758b729ee984e89ac57a2d7cef,776af127372bda43934b33cda235137a2dab6efcfc24b376bfe689f75a8c4fb5,
B,experiment/e1/abc_time.yaml,resolved,e1/hpt_flow,e1/abc_skirts,e1/fold_tempo,a74da2923930fdcf1b07daeb52c23124b6c2ec0094e0dd9629fdcedf49a187d6,abdb68fe8e607975999819b293c1b9abdb7027758b729ee984e89ac57a2d7cef,776af127372bda43934b33cda235137a2dab6efcfc24b376bfe689f75a8c4fb5,
B,experiment/e1/abcs_arclogdur.yaml,resolved,e1/hpt_flow_wrists,e1/abc_stationery,e1/fold_tempo,5f1d25b73c0ad5212957f91a5c173557a26bdcd390cd9d7dbd6008a6dc0460b2,c35481c88edeeea6cb733b29d633cf872ddc32d0d52a3a4cae6d4846d17f4e52,20b76bf40c37caf1a2c1cec391ae5080f20cd704ab3ae0be11f26df77350a803,
B,experiment/e1/abcs_arcmean.yaml,resolved,e1/hpt_flow_wrists,e1/abc_stationery,e1/fold_tempo,2f0115f9b61f54eca30f08e6e0410c5f49d5ece878dd7de3e8d29a126e7272c1,4d0522453f22d9d5c10293ef52a9225d5be8335d279e90d86add46777dcac756,9ba51878d81dda2287de375a67170463e9a24fd9c1d3c6ed16b6785dadc5610f,
B,experiment/e1/abcs_base.yaml,resolved,,e1/abc_stationery,e1/fold_tempo,,dbc8e03ef335c3edebb2aa1792050a3e736d96af4b4362d96d3391d17fcec9ed,776af127372bda43934b33cda235137a2dab6efcfc24b376bfe689f75a8c4fb5,
B,experiment/e1/abcs_time.yaml,resolved,e1/hpt_flow_wrists,e1/abc_stationery,e1/fold_tempo,68dda6a9f00edd5441f3b7d50f354b6c1bfd773f306bc7313cdfcaa40c76c93c,dbc8e03ef335c3edebb2aa1792050a3e736d96af4b4362d96d3391d17fcec9ed,776af127372bda43934b33cda235137a2dab6efcfc24b376bfe689f75a8c4fb5,
B,experiment/e1/abcst_arclogdur.yaml,resolved,e1/hpt_flow,e1/abc_stationery,e1/fold_tempo,8492538253eda6a865ddfec33b73c2d9f33c19cfdf6289c15de82967cd2f1aaa,725ad9cdc0ed1d591426449f6e2f635b5802f117306aae91be49d2561e4e0438,20b76bf40c37caf1a2c1cec391ae5080f20cd704ab3ae0be11f26df77350a803,
B,experiment/e1/abcst_arclogdur_fs.yaml,resolved,e1/hpt_flow,e1/abc_stationery,e1/fold_tempo,438811567ac710a55646013fe2279dd05de85f69538378fd729adb2df1300d89,c30c1a09ee3ec798852f7d965c37997593b27bbeff405371a706c9b1d5a3b1c1,20b76bf40c37caf1a2c1cec391ae5080f20cd704ab3ae0be11f26df77350a803,
B,experiment/e1/abcst_arcmean.yaml,resolved,e1/hpt_flow,e1/abc_stationery,e1/fold_tempo,3f8f11e7aa3b34d708cf35effdd517750d35c36f0003129cf5a1e2b120f74b56,0a17192078cf6635173052590600733542475d72935d0fc7b77cd522cbed9a5b,92bb3386e2b01290c28b1b82b82028d9e9843dd5cb7382dd2fc2c88ac14b43e8,
B,experiment/e1/abcst_arcmean_fs.yaml,resolved,e1/hpt_flow,e1/abc_stationery,e1/fold_tempo,dc3f3a8f796c12e436538ff452f57300ddf145519f42de2a9c3838fe187d9073,96cbf8916b021a0e644f542fbc1558ca784b927b283c246556911c1b2fc70478,92bb3386e2b01290c28b1b82b82028d9e9843dd5cb7382dd2fc2c88ac14b43e8,
B,experiment/e1/abcst_time.yaml,resolved,e1/hpt_flow,e1/abc_stationery,e1/fold_tempo,a74da2923930fdcf1b07daeb52c23124b6c2ec0094e0dd9629fdcedf49a187d6,abdb68fe8e607975999819b293c1b9abdb7027758b729ee984e89ac57a2d7cef,776af127372bda43934b33cda235137a2dab6efcfc24b376bfe689f75a8c4fb5,
B,experiment/e1/fold_arcdur.yaml,resolved,e1/hpt_flow,e1/fold_freeform,e1/fold_tempo,63acfffd1c24664b4eb57b79350aec035f2bb2ea43c07c8712c1fc06ddf03224,a9b4127fb7a2c649e32f721d373f1ff61a100e344d86b0fc37479c7299097b6e,b15499f74da5f6196c372b5ce2e1a84a490868d9670ce7b7c02bf465ca039689,
B,experiment/e1/fold_arclogdur.yaml,resolved,e1/hpt_flow,e1/fold_freeform,e1/fold_tempo,88b91f37d13bcabb41ee855f87d072186851b438ad748695e8350ca3962305de,28aa66a5277180cfe3541c8f8ce122f58f47ab1ab7200f78008e2d434c0c6d45,20b76bf40c37caf1a2c1cec391ae5080f20cd704ab3ae0be11f26df77350a803,
B,experiment/e1/fold_arclogdur_ps.yaml,resolved,e1/hpt_flow,e1/fold_freeform,e1/fold_tempo,96a36906bd4ac4cbffc2fb34c638a98ce983459f5b0cac9afeb74a00094c40bc,ddea1e19f7f17fc861919e410fbf7dc1971859a15fec8029b8b565716aef9e57,9989d58232fe491322df7935e12c170835cce1677bf5f1f4a9746ccdf49162ad,
B,experiment/e1/fold_arcmean.yaml,resolved,e1/hpt_flow,e1/fold_freeform,e1/fold_tempo,ef401e3bc5ea07915859fd20e15e9b39867e9bd38e6f2c6fbf5542e9504232dc,c35353ce976d391c622cd280917a3935ff8e6317c204ace8309e08b60c730816,92bb3386e2b01290c28b1b82b82028d9e9843dd5cb7382dd2fc2c88ac14b43e8,
B,experiment/e1/fold_arcmean_D75.yaml,resolved,e1/hpt_flow,e1/fold_freeform,e1/fold_tempo,c2522648591a7d9c5618c558633f8ba8bb103b5e1906a7404a8729ccd5ad39a6,9fe3679b281efb468f5fe013fe0df1ffa8b15700c0ea9c480c3a661b9d36ce88,680700b587d68d921ade60b834c929cae8301fe8a84c5778cfb8aa4c2bac60b3,
B,experiment/e1/fold_arcvel.yaml,resolved,e1/hpt_flow,e1/fold_freeform,e1/fold_tempo,978eca7ca2d7eca34826bc4563326cbc7ef9804344926d0f8e5ef803251f0232,70b8670df9e0d9cda2480f378d47de032d66b407a532ae1a0858eb059e3d897f,9789823cefc5aaf29a7de80fcd942e6f533e669f382bdfef93524e52aeddb659,
B,experiment/e1/fold_base.yaml,resolved,,e1/fold_freeform,e1/fold_tempo,,bcaa8d426eaca4a223b157af5d0f971dbbc3e92167203bd4e1b5bc5799621113,776af127372bda43934b33cda235137a2dab6efcfc24b376bfe689f75a8c4fb5,
B,experiment/e1/fold_time.yaml,resolved,e1/hpt_flow,e1/fold_freeform,e1/fold_tempo,c5a92d8fe2be278e591566d8b930909087bc6f9f6ccc845612dbe324f2e83caa,bcaa8d426eaca4a223b157af5d0f971dbbc3e92167203bd4e1b5bc5799621113,776af127372bda43934b33cda235137a2dab6efcfc24b376bfe689f75a8c4fb5,
B,experiment/pusht/action_flow_bc_usocket_latent_fm_sg_recon1_200m_adamw_lr1e5_s42.yaml,resolved,bf/us_action_flow_bc_latent_fm_sg_200m_adamw,pusht/action_flow_usocket_val01_h16_common4,eval_planar_v2,9d0a171b8b4282d4a47e5b0f5440f4c07f3354efc197e4bee4eb2ebc5b6c5495,bd8a3af09071d90d7823d89a70251bc54bb9511dbca3b70982a3963cd130b9b0,8bc70aeb6ee752f37f40f7ea72a5ddc3b6c9cee8134abadebb291aee40c722a2,
B,experiment/pusht/action_flow_bc_usocket_latent_fm_sg_recon1_200m_muon_lr1e5_s42.yaml,resolved,bf/us_action_flow_bc_latent_fm_sg_200m_muon,pusht/action_flow_usocket_val01_h16_common4,eval_planar_v2,e940009e70451bc9fe463eb6a641c99640a9f4c3cbe08be2578d74312254edd9,bd8a3af09071d90d7823d89a70251bc54bb9511dbca3b70982a3963cd130b9b0,4cb0dcbc20882d31ba54f2a0da00578633233fc1ddb1d98e0622b29d82e1361c,
B,experiment/pusht/action_flow_chain_latent_fm_sg_unite_h384_sum14_cfg4_val8_s42.yaml,resolved,bf/us_action_flow_latent_fm_sg_unite_h384,pusht/action_flow_unite_chain_val01_h16,eval_planar_v2,b07869cc8e5ef3cf0f78672d61489aa952679c117ec317256825fba78fb9f607,ce0da3f788c3e6248bbef3e2939a43015512ef87d5889b92828ba0804888e31b,025f395ef590c3ec9086d44832b89857f7c684d4a30828b175b2e91388496eff,
B,experiment/pusht/action_flow_usocket_candidate_common.yaml,resolved,bf/us_action_flow_latent_fm_sg_unite_h384,pusht/action_flow_usocket_val01_h16_common4,eval_planar_v2,63dfba8b00182c9991ddd7e40fa4324771123a73eafde63b83ced675b8c9c0cc,bd8a3af09071d90d7823d89a70251bc54bb9511dbca3b70982a3963cd130b9b0,0146676c997f5d7c177990fc1e6753ec68106315be075c7cfe43da47bdb71fc3,
B,experiment/pusht/action_flow_usocket_latent_fm_sg_unite_denoiser90m_sum14_cfg4_finalval1_s42.yaml,resolved,bf/us_action_flow_latent_fm_sg_unite_h384,pusht/action_flow_unite_usocket_val01_h16,eval_planar_v2,2fbf92b8a54708864b933d99de389e085948e33ef93e96d19eb9fd7f8ad87981,40b3b7564b71f45106774e90b41ee35c495923c2197ee460ad4a3dcf60555ea8,14ff1873dbbfa37bfc43d6368accf504b43ecf25aa5b66cfa796a0a69c73909e,
B,experiment/pusht/action_flow_usocket_latent_fm_sg_unite_h384_s42.yaml,resolved,bf/us_action_flow_latent_fm_sg_unite_h384,pusht/action_flow_unite_usocket_val01_h16,eval_planar_v2,63dfba8b00182c9991ddd7e40fa4324771123a73eafde63b83ced675b8c9c0cc,eed777b96d998213957990ee1a86975889b80df917df273c1fead8a5af302266,042d721bc73e7fdff6f7fc36f2cf5a4cb57f01245ad12e6083283806819848a6,
B,experiment/pusht/action_flow_usocket_latent_fm_sg_unite_h384_sum14_cfg4_val8_s42.yaml,resolved,bf/us_action_flow_latent_fm_sg_unite_h384,pusht/action_flow_unite_usocket_val01_h16,eval_planar_v2,f62e1c01f56806ac9aad44a5d9b5ff419b72c3f061863fe6f3c4105858ca8ecb,40b3b7564b71f45106774e90b41ee35c495923c2197ee460ad4a3dcf60555ea8,83f57e605c64857546c269a63132e9ea0ff880468d28da5301dbc12073a4f6ad,
B,experiment/pusht/action_flow_usocket_latent_fm_sg_unite_h384_sum14_cfg4_val8_scale1_s42.yaml,resolved,bf/us_action_flow_latent_fm_sg_unite_h384,pusht/action_flow_unite_usocket_val01_h16,eval_planar_v2,81acb48c13fa3068e9ec7e7b97e435a68ddb0dd9ecfccd527282902441b6245f,40b3b7564b71f45106774e90b41ee35c495923c2197ee460ad4a3dcf60555ea8,547b31b3e7dcb6aaf09470936c2b17e9e863405343ffb4c6c9e6a388fd7c569d,
B,experiment/pusht/action_latent_vfm_usocket_val01_h16.yaml,resolved,bf/us_action_latent_vfm_nt16_d8_h512_s42,pusht/unite_usocket_val01_h16_per_emb_proprio,eval_planar_v2,4ed658889416f8d390b31972af62b5507969c8288526fbe3d5bccc2b208f6d50,6e6eca51d1949ce11f87231ddfb5bca1ffbbef62fea724d6a04285d366e0a9a7,f3157e5b49297f0f9bbf8f4d42f26cd74848b386d7aaebe45ccde2f6c6dfa26a,
B,experiment/pusht/planar_v2_base.yaml,resolved,,,eval_planar_v2,,,05db0475c8b79dcf1f812522f33e378ae349d3de70d9e1261ec3c06cd1c4fcf1,
B,experiment/pusht/planar_v2_chain_arc_bc.yaml,resolved,bf/bf_planar_v2_flow,pusht/planar_v2_chain_gripper,eval_planar_v2,b521ca273aaa91777012a95a73b43ef0d997c8f76342cd06b8377ce56662c576,bf7c22d017937c99b38d9b847b6dac92a06477e145f35228d64ab755ed31c291,a5dae4d4196fb7de0679be30cdecf2cc25e266bdb1761b3dff7e6d8bdfb7fab6,
B,experiment/pusht/planar_v2_chain_base.yaml,resolved,,pusht/planar_v2_chain_gripper,eval_planar_v2,,a5c5f31aabe6eabfc68f68b69067019f01e51cbfa80845e4775f34c7dd9fd9f6,05db0475c8b79dcf1f812522f33e378ae349d3de70d9e1261ec3c06cd1c4fcf1,
B,experiment/pusht/planar_v2_chain_direct_bc.yaml,resolved,bf/bf_planar_v2_flow,pusht/planar_v2_chain_gripper,eval_planar_v2,1a6aa41a4d55305f9060ed15904f7f5c4f6bc77fb9d82a81816b9fe1401a11ae,a5c5f31aabe6eabfc68f68b69067019f01e51cbfa80845e4775f34c7dd9fd9f6,33824ad194f1e003b058c0a3005dc4478c21c675e2439e91ee8bc8ea153f4337,
B,experiment/pusht/planar_v2_chain_dp_paper.yaml,resolved,bf/bf_planar_v2_dp_paper,pusht/planar_v2_chain_gripper,eval_planar_v2,4fae801c77a4fafa19d202ad21887ab928ca240ea22e290cde3f8780b97f2114,737fde85a9bef317abe3e7dd0280b2cdb77d04865d5384cc0d6887940aa25e08,33824ad194f1e003b058c0a3005dc4478c21c675e2439e91ee8bc8ea153f4337,
B,experiment/pusht/planar_v2_chain_dp_standard.yaml,resolved,bf/bf_planar_v2_dp_standard,pusht/planar_v2_chain_gripper,eval_planar_v2,3fdb68d55fa5bb5b0006c3c8ef2d2aa62787efb2cd93a46681ced4a9d7f8c67b,a5c5f31aabe6eabfc68f68b69067019f01e51cbfa80845e4775f34c7dd9fd9f6,33824ad194f1e003b058c0a3005dc4478c21c675e2439e91ee8bc8ea153f4337,
B,experiment/pusht/planar_v2_cotrain_clean_dp_standard.yaml,resolved,bf/bf_planar_v2_dp_standard,pusht/planar_v2_cotrain_clean,eval_planar_v2,3fdb68d55fa5bb5b0006c3c8ef2d2aa62787efb2cd93a46681ced4a9d7f8c67b,47aa82f842d547fbc08899bf525ad18e89c946657d36e7d38b0f624b00e5e25d,6ffd7117c091047bd56ae47fe35ae4a8941b175385d016283727be027ceac0fa,
B,experiment/pusht/planar_v2_usocket_arc_bc.yaml,resolved,bf/bf_planar_v2_flow,pusht/planar_v2_usocket,eval_planar_v2,6e53e5f9cc25dbf1642ced0971d0e49884f10dcf515299edb7aa7b2daf502994,f3b00a29766cce1bdefa506b19c13acfb8200aa9017fd7d4e7dc6a7c69a90fa1,28dd176b30b1c5da2acb5410e8c9edf7f2722d72b3488ed7a65d86505b81169f,
B,experiment/pusht/planar_v2_usocket_arc_graph_tok.yaml,resolved,bf/bf_planar_v2_arc_graph_tok,pusht/planar_v2_usocket,eval_planar_v2,c1bf8c7d21eab6862b34f48fc83827819d07e9f94af26a0e92e4cdecadd44bfc,76657d1e0eb1c8a966a08a77ef78fcadaa5fb3127fd36970a52b509d2d5ef4a3,5f1c5877607cc9967b2ac035a4f053d15e27f3e7117904242a7ed9c0b3c0a900,
B,experiment/pusht/planar_v2_usocket_arc_hybrid_D40_M16_R24deg_bc.yaml,resolved,bf/bf_planar_v2_flow,pusht/planar_v2_usocket,eval_planar_v2,1f508851d98d10e5bd655424e41505023510aa0b82ca7ca6872b42134a5278a2,757f60985c844761ddec123c400e6e4a1da836538d2adf73f386858e485960cd,cfc242c40776e36a13bbb4b765c8135dc90b820b278754735544ef2e259a481c,
B,experiment/pusht/planar_v2_usocket_arc_paper_curvature_D40_M16_R24deg.yaml,resolved,bf/bf_planar_v2_dp_paper,pusht/planar_v2_usocket,eval_planar_v2,bfad112bd57ec04e384f7f85ca480a7c42611db9d2dd8409fa684c9d95f5666d,ffd97d1fba1d2b34813c2058a63841aa992dca5ec6945f3100e0d2c9fbf50b51,eddd73f7a4c5716c3a11bb2813524aaefd5e3ad9a78ae3333c8b39782c41b43e,
B,experiment/pusht/planar_v2_usocket_arc_paper_uniform_D40_M16_R24deg.yaml,resolved,bf/bf_planar_v2_dp_paper,pusht/planar_v2_usocket,eval_planar_v2,bfad112bd57ec04e384f7f85ca480a7c42611db9d2dd8409fa684c9d95f5666d,aa37b1459873e83c8a77e779e89bb32fdb14f23e9a6068f7a8a78991c0b96ec1,31de4c0f22a2b1d05ae6108d5517efb2325fb6490f15739475f21ef2b200f101,
B,experiment/pusht/planar_v2_usocket_base.yaml,resolved,,pusht/planar_v2_usocket,eval_planar_v2,,9a49c2e8378caffdbacab0dff1a0f2f13763e040836365f25541ff21ab9efb8c,699d38265500f87df70864ccad5aa56e2851486b08b0af2ecd619a671a4d6f8a,
B,experiment/pusht/planar_v2_usocket_direct_bc.yaml,resolved,bf/bf_planar_v2_flow,pusht/planar_v2_usocket,eval_planar_v2,a22b609b4e0de91b8c49ea9c5693156dad7766c65ad80d7186e1630e79c6eb74,9a49c2e8378caffdbacab0dff1a0f2f13763e040836365f25541ff21ab9efb8c,779e9d299f8d38591d5193d683a7e4c0f11b147e284f3c45a7b968e9a7c6ef7b,
B,experiment/pusht/planar_v2_usocket_dp_paper.yaml,resolved,bf/bf_planar_v2_dp_paper,pusht/planar_v2_usocket,eval_planar_v2,4fae801c77a4fafa19d202ad21887ab928ca240ea22e290cde3f8780b97f2114,57c6af9c11d6e243e57942634230a3c652eaa5cd4bfae4058a49bfeffab524e1,a90573b6d4e54ce605fd882877490db53b89c1abea1cadd3fcce3f1d9c16d144,
B,experiment/pusht/planar_v2_usocket_dp_standard.yaml,resolved,bf/bf_planar_v2_dp_standard,pusht/planar_v2_usocket,eval_planar_v2,3fdb68d55fa5bb5b0006c3c8ef2d2aa62787efb2cd93a46681ced4a9d7f8c67b,9a49c2e8378caffdbacab0dff1a0f2f13763e040836365f25541ff21ab9efb8c,c139cf262e331cf941f64e4d79454db111a3dce3e2169a9813e3916a7d4ac254,
B,experiment/pusht/unite_cotrain_usocket_chain_val01_h16.yaml,resolved,bf/ct_unite_register_separate_nt8_h384_s42,pusht/unite_cotrain_usocket_chain_val01_h16,eval_planar_v2,ba5e5240ab0c002aaa31ba749302b12dc7908097a8cc678e5aa993b5fdf1340c,abb6305035d7d096e2c9f711dbe64d47cb677fed837bdadb412d639cd042c415,111dc2ac501068c76de3ac93a3204e13fb2c381196a0043510fc5cf21fef8466,
B,experiment/pusht/unite_usocket_register_sweep_val01_h16.yaml,resolved,bf/us_unite_register_shared_nt4_s42,pusht/unite_usocket_val01_h16_per_emb_proprio,eval_planar_v2,afab4407633ed1441341c2feaf5774c9bc733d03a652ca19c5e15f5fb7cf2e31,6e6eca51d1949ce11f87231ddfb5bca1ffbbef62fea724d6a04285d366e0a9a7,eb6823aadfcf14dc3d95d000105e62ea06cba63acad92569ead96e82247d5b62,
B,model/abc/yam_bimanual_dp.yaml,resolved,abc/yam_bimanual_dp,abc_arc/abc_fstshirt_bc,,5d145a011aa7c6f51cb94d9ec933ba8dc5276eecb124e4ee01347d84eb9a8338,abb15be97c63b88120276071a0ce6d748151ea94123321b07b50099ae82e1fdd,,
B,model/abc/yam_bimanual_hpt.yaml,resolved,abc/yam_bimanual_hpt,abc_arc/abc_fstshirt_bc,,bacad5086cace699d6c78e4ed57a327fc9ae4155846fc0ef9b703d74e091c46f,abb15be97c63b88120276071a0ce6d748151ea94123321b07b50099ae82e1fdd,,
B,model/abc_arc/hpt_abc_cotrain_300M_qwen_pooled.yaml,resolved,abc_arc/hpt_abc_cotrain_300M_qwen_pooled,abc_arc/abc_fslongshirt_micro_foldclothes_cotrain_baseline,eval_arc_bimanual_cartesian_D40_M100,e76ca0e1bf5150673e0feee546cab014dc3f43ae4b843488e2dc6f815266dabe,764a36c916eb8e2c8d17a38c4b64b10f145dc96f8e6cf2b25ec493dfd577e582,59731c0161b94de0a8871331a1b4c6564e2d3a30e59b97da692814ba9dec3212,
B,model/abc_arc/hpt_abc_cotrain_300M_qwen_pooled_arc_D40_M100.yaml,resolved,abc_arc/hpt_abc_cotrain_300M_qwen_pooled_arc_D40_M100,abc_arc/abc_fslongshirt_micro_foldclothes_cotrain_arcD40M100,eval_arc_bimanual_cartesian_D40_M100,e2955f1d44a00cfce6900a8571155a185b693a8f293ebc82f8345282d54a1278,2c57bd340637287ab6b20e45a74a46f9c59136e2022e07439e087d4c47c015f3,59731c0161b94de0a8871331a1b4c6564e2d3a30e59b97da692814ba9dec3212,
B,model/abc_arc/yam_bimanual_dp_arc_D40_M100.yaml,resolved,abc_arc/yam_bimanual_dp_arc_D40_M100,abc_arc/abc_fstshirt_arc_bc_D40_M100,eval_arc_bimanual_cartesian_D40_M100,ea53ba0752d7ed2a27a7f0ece540dde46c2343435004e6753ed74a77628b1f74,c60530b375b94bccec8fbaa90d33651fbde185ea4c7678ec1b6bc8fdd79a6c1c,577e0e5aefb2a1838c39910beb5c1367ab92c70a853106b37c5c6eed62cbcd29,
B,model/abc_arc/yam_mecka_cotrain_dp_300M_arc_D40_M100.yaml,resolved,abc_arc/yam_mecka_cotrain_dp_300M_arc_D40_M100,abc_arc/abc_fslongshirt_micro_foldclothes_cotrain_arcD40M100,eval_arc_bimanual_cartesian_D40_M100,3cb50711af59e9f7c650d894244d5b877b721e32ad2584722c5514a612210b52,2c57bd340637287ab6b20e45a74a46f9c59136e2022e07439e087d4c47c015f3,59731c0161b94de0a8871331a1b4c6564e2d3a30e59b97da692814ba9dec3212,
B,model/abc_arc/yam_mecka_cotrain_dp_300M_baseline.yaml,resolved,abc_arc/yam_mecka_cotrain_dp_300M_baseline,abc_arc/abc_fslongshirt_micro_foldclothes_cotrain_baseline,eval_arc_bimanual_cartesian_D40_M100,466bbaa380f7cc508202bfe2719a971b8a955a297eb57f57b2532d6b92fe24cc,764a36c916eb8e2c8d17a38c4b64b10f145dc96f8e6cf2b25ec493dfd577e582,59731c0161b94de0a8871331a1b4c6564e2d3a30e59b97da692814ba9dec3212,
B,model/abc_arc/yam_mecka_cotrain_dp_arc_D40_M100.yaml,resolved,abc_arc/yam_mecka_cotrain_dp_arc_D40_M100,abc_arc/abc_fslongshirt_micro_foldclothes_cotrain_arcD40M100,eval_arc_bimanual_cartesian_D40_M100,a243f80da7926cf30635307cba55d1f18d9d27b2bae37721556fe1154d13aa97,2c57bd340637287ab6b20e45a74a46f9c59136e2022e07439e087d4c47c015f3,59731c0161b94de0a8871331a1b4c6564e2d3a30e59b97da692814ba9dec3212,
B,model/abc_arc/yam_mecka_cotrain_dp_baseline.yaml,resolved,abc_arc/yam_mecka_cotrain_dp_baseline,abc_arc/abc_fslongshirt_micro_foldclothes_cotrain_baseline,eval_arc_bimanual_cartesian_D40_M100,8ec59ab65b9c2836110f91c3cfcb3e5344b8dbfb21270342550dab2fa01350d1,764a36c916eb8e2c8d17a38c4b64b10f145dc96f8e6cf2b25ec493dfd577e582,59731c0161b94de0a8871331a1b4c6564e2d3a30e59b97da692814ba9dec3212,
B,model/bf/bf_planar_v2_arc_graph_tok.yaml,resolved,bf/bf_planar_v2_arc_graph_tok,pusht/planar_v2_usocket,eval_planar_v2,c1bf8c7d21eab6862b34f48fc83827819d07e9f94af26a0e92e4cdecadd44bfc,76657d1e0eb1c8a966a08a77ef78fcadaa5fb3127fd36970a52b509d2d5ef4a3,270a37904ca1049620259e6ac1eaa74aae8f840d421fcaef47bf15279b037888,
B,model/bf/bf_planar_v2_dp_paper.yaml,resolved,bf/bf_planar_v2_dp_paper,pusht/planar_v2_usocket,eval_planar_v2,4fae801c77a4fafa19d202ad21887ab928ca240ea22e290cde3f8780b97f2114,9a49c2e8378caffdbacab0dff1a0f2f13763e040836365f25541ff21ab9efb8c,063772f64ead229bdbfce9f4f0bdb4603fc03743c393c77c79c41fed3de3f9ae,
B,model/bf/bf_planar_v2_dp_standard.yaml,resolved,bf/bf_planar_v2_dp_standard,pusht/planar_v2_usocket,eval_planar_v2,3fdb68d55fa5bb5b0006c3c8ef2d2aa62787efb2cd93a46681ced4a9d7f8c67b,9a49c2e8378caffdbacab0dff1a0f2f13763e040836365f25541ff21ab9efb8c,063772f64ead229bdbfce9f4f0bdb4603fc03743c393c77c79c41fed3de3f9ae,
B,model/bf/bf_planar_v2_flow.yaml,resolved,bf/bf_planar_v2_flow,pusht/planar_v2_usocket,eval_planar_v2,a22b609b4e0de91b8c49ea9c5693156dad7766c65ad80d7186e1630e79c6eb74,9a49c2e8378caffdbacab0dff1a0f2f13763e040836365f25541ff21ab9efb8c,063772f64ead229bdbfce9f4f0bdb4603fc03743c393c77c79c41fed3de3f9ae,
B,model/bf/ct_unite_register_separate_nt8_h384_s42.yaml,resolved,bf/ct_unite_register_separate_nt8_h384_s42,pusht/planar_v2_usocket,eval_planar_v2,ba5e5240ab0c002aaa31ba749302b12dc7908097a8cc678e5aa993b5fdf1340c,9a49c2e8378caffdbacab0dff1a0f2f13763e040836365f25541ff21ab9efb8c,063772f64ead229bdbfce9f4f0bdb4603fc03743c393c77c79c41fed3de3f9ae,
B,model/bf/us_action_flow_bc_latent_fm_sg_200m_adamw.yaml,resolved,bf/us_action_flow_bc_latent_fm_sg_200m_adamw,pusht/planar_v2_usocket,eval_planar_v2,9d0a171b8b4282d4a47e5b0f5440f4c07f3354efc197e4bee4eb2ebc5b6c5495,9a49c2e8378caffdbacab0dff1a0f2f13763e040836365f25541ff21ab9efb8c,07fa8e6140e348f456b34aa3b4e629e8759a2c1d1fcd8202bf21a7fd63b44c7c,
B,model/bf/us_action_flow_bc_latent_fm_sg_200m_muon.yaml,resolved,bf/us_action_flow_bc_latent_fm_sg_200m_muon,pusht/planar_v2_usocket,eval_planar_v2,e940009e70451bc9fe463eb6a641c99640a9f4c3cbe08be2578d74312254edd9,9a49c2e8378caffdbacab0dff1a0f2f13763e040836365f25541ff21ab9efb8c,07fa8e6140e348f456b34aa3b4e629e8759a2c1d1fcd8202bf21a7fd63b44c7c,
B,model/bf/us_action_flow_latent_fm_sg_unite_h384.yaml,resolved,bf/us_action_flow_latent_fm_sg_unite_h384,pusht/action_flow_unite_usocket_val01_h16,eval_planar_v2,63dfba8b00182c9991ddd7e40fa4324771123a73eafde63b83ced675b8c9c0cc,eed777b96d998213957990ee1a86975889b80df917df273c1fead8a5af302266,7534230e8d5abaaa50dbf5667abbf5d2825431e454961a5ef0e473b02f4dcb75,
B,model/bf/us_action_latent_vfm_nt16_d8_h512_s42.yaml,resolved,bf/us_action_latent_vfm_nt16_d8_h512_s42,pusht/planar_v2_usocket,eval_planar_v2,4ed658889416f8d390b31972af62b5507969c8288526fbe3d5bccc2b208f6d50,9a49c2e8378caffdbacab0dff1a0f2f13763e040836365f25541ff21ab9efb8c,07fa8e6140e348f456b34aa3b4e629e8759a2c1d1fcd8202bf21a7fd63b44c7c,
B,model/bf/us_unite_register_separate_nt4_s42.yaml,resolved,bf/us_unite_register_separate_nt4_s42,pusht/planar_v2_usocket,eval_planar_v2,bc08e9b15dbc85f041a0367d9ef148f35d4617b6e8b9a1553574bb136807df20,9a49c2e8378caffdbacab0dff1a0f2f13763e040836365f25541ff21ab9efb8c,07fa8e6140e348f456b34aa3b4e629e8759a2c1d1fcd8202bf21a7fd63b44c7c,
B,model/bf/us_unite_register_separate_nt8_s42.yaml,resolved,bf/us_unite_register_separate_nt8_s42,pusht/planar_v2_usocket,eval_planar_v2,f017a84de5b8e04719e6b6261213642be589df5c6dc0436148eda4aad9a7049e,9a49c2e8378caffdbacab0dff1a0f2f13763e040836365f25541ff21ab9efb8c,07fa8e6140e348f456b34aa3b4e629e8759a2c1d1fcd8202bf21a7fd63b44c7c,
B,model/bf/us_unite_register_shared_nt16_s42.yaml,resolved,bf/us_unite_register_shared_nt16_s42,pusht/planar_v2_usocket,eval_planar_v2,998791ea4f5a2b7a0915af7d93098733164408317107531b24efc3e242e2ee43,9a49c2e8378caffdbacab0dff1a0f2f13763e040836365f25541ff21ab9efb8c,07fa8e6140e348f456b34aa3b4e629e8759a2c1d1fcd8202bf21a7fd63b44c7c,
B,model/bf/us_unite_register_shared_nt4_s42.yaml,resolved,bf/us_unite_register_shared_nt4_s42,pusht/planar_v2_usocket,eval_planar_v2,afab4407633ed1441341c2feaf5774c9bc733d03a652ca19c5e15f5fb7cf2e31,9a49c2e8378caffdbacab0dff1a0f2f13763e040836365f25541ff21ab9efb8c,07fa8e6140e348f456b34aa3b4e629e8759a2c1d1fcd8202bf21a7fd63b44c7c,
B,model/bf/us_unite_register_shared_nt8_flow42_s42.yaml,resolved,bf/us_unite_register_shared_nt8_flow42_s42,pusht/planar_v2_usocket,eval_planar_v2,b08c2d2ee2a186be1b9842af24dbc7293fc6f4073af5ef70aeee6303dc9be75d,9a49c2e8378caffdbacab0dff1a0f2f13763e040836365f25541ff21ab9efb8c,07fa8e6140e348f456b34aa3b4e629e8759a2c1d1fcd8202bf21a7fd63b44c7c,
B,model/bf/us_unite_register_shared_nt8_s42.yaml,resolved,bf/us_unite_register_shared_nt8_s42,pusht/planar_v2_usocket,eval_planar_v2,09555da5bd71a53c662813d8e5b6c18747d34a7eb43693255a7d3b4cdc80e7ef,9a49c2e8378caffdbacab0dff1a0f2f13763e040836365f25541ff21ab9efb8c,07fa8e6140e348f456b34aa3b4e629e8759a2c1d1fcd8202bf21a7fd63b44c7c,
B,model/e1/hpt_flow.yaml,resolved,e1/hpt_flow,e1/fold_freeform,e1/fold_tempo,c5a92d8fe2be278e591566d8b930909087bc6f9f6ccc845612dbe324f2e83caa,bcaa8d426eaca4a223b157af5d0f971dbbc3e92167203bd4e1b5bc5799621113,776af127372bda43934b33cda235137a2dab6efcfc24b376bfe689f75a8c4fb5,
B,model/e1/hpt_flow_wrists.yaml,resolved,e1/hpt_flow_wrists,e1/abc_stationery,e1/fold_tempo,68dda6a9f00edd5441f3b7d50f354b6c1bfd773f306bc7313cdfcaa40c76c93c,dbc8e03ef335c3edebb2aa1792050a3e736d96af4b4362d96d3391d17fcec9ed,776af127372bda43934b33cda235137a2dab6efcfc24b376bfe689f75a8c4fb5,
B,model/egobridge.yaml,resolved,egobridge,,,ba6f8eba02be64e94c79b1651388e2551a8f20ee2e179d5fffd5b6a76aac57b5,,,
B,model/hpt_bc_flow_aria.yaml,resolved,hpt_bc_flow_aria,,,d6973d6719cc52181e4fd6e84882b9954aab595f2998600e90a5ff1c0cbf3af0,,,
B,model/hpt_bc_flow_eva.yaml,resolved,hpt_bc_flow_eva,,,c82b81ada38761e1620742e07c15865db1c7e6b070cfe92f56b5b8859df5956d,,,
B,model/hpt_bc_flow_human.yaml,resolved,hpt_bc_flow_human,,,d6973d6719cc52181e4fd6e84882b9954aab595f2998600e90a5ff1c0cbf3af0,,,
B,model/hpt_bc_flow_mecka.yaml,resolved,hpt_bc_flow_mecka,,,545226760fc3bffb7255ffc8bad346cdc7b3ae977820cf69c8f9a21676ae3d45,,,
B,model/hpt_bc_flow_scale.yaml,resolved,hpt_bc_flow_scale,,,c5ea143e42991fe9a020b405d5c8b5f9510e644710557c5fc381abbddeb58414,,,
B,model/hpt_bc_keypoints_base.yaml,resolved,hpt_bc_keypoints_base,,,f9bed7dc13a6c79568c78f66b9c52bef980a0dcd1e705252c4b3e67b42c8ef7a,,,
B,model/hpt_bc_keypoints_wrist.yaml,resolved,hpt_bc_keypoints_wrist,,,0d7d56a1d94951a02430b7566ec87054d3ab09c9eaab517ff02c878ce713c5f3,,,
B,model/hpt_bc_pickplace_qwen_pertoken.yaml,resolved,hpt_bc_pickplace_qwen_pertoken,,,5a6f886cbe41caecb2dcda23d303401caf5556d51841b068b70bd1f75db113a2,,,
B,model/hpt_bc_pickplace_qwen_pooled.yaml,resolved,hpt_bc_pickplace_qwen_pooled,,,940b7671a91b82ac00734e7e6f6b9684a1e331b9a55084d99466ddd4889fdf1a,,,
B,model/hpt_cotrain_enc_dec_base.yaml,resolved,hpt_cotrain_enc_dec_base,,,1b8bf6efa0d2bc794a99b016ceeadfcfe98745ea78e0cacda94fae94b6f93a27,,,
B,model/hpt_cotrain_flow_seperate_head.yaml,resolved,hpt_cotrain_flow_seperate_head,,,4996c01e0956cdd968bd6b3ff63625165fd9b8a1731e905ea0b0a30d08b220b5,,,
B,model/hpt_cotrain_flow_shared_head.yaml,resolved,hpt_cotrain_flow_shared_head,,,af5a481e61c1432a622bccf815db87aaf6dfafb249006060645380cae19b1923,,,
B,model/hpt_cotrain_mecka_flow_shared_head.yaml,resolved,hpt_cotrain_mecka_flow_shared_head,,,659ea02fa233003233273f27139af1a4bce51a39ac5694a7aef1ecdf29896c9d,,,
B,model/hpt_cotrain_scale_flow_shared_head.yaml,resolved,hpt_cotrain_scale_flow_shared_head,,,659ea02fa233003233273f27139af1a4bce51a39ac5694a7aef1ecdf29896c9d,,,
B,model/pi0.5_base.yaml,resolved,pi0.5_base,,,cda2554a2d6462ececc72e397d8b8271ba1f794baf06b6d457b1ad1d181e053d,,,
B,model/pi0.5_bc_aria.yaml,resolved,pi0.5_bc_aria,,,ebe1cef385981daa791eabc7d2ff55e80bceae445f4bb9fa029e40df50560943,,,
B,model/pi0.5_bc_eva.yaml,resolved,pi0.5_bc_eva,,,68fb675fd8a842591b56618240a58cb96dca390479d8ef8050171daa74f35dd6,,,
B,model/pi0.5_bc_mecka.yaml,resolved,pi0.5_bc_mecka,,,e32bfd006160c17815eb346708819eef4d0c9b699265f50915caf91656810b55,,,
B,model/pi0.5_bc_scale.yaml,resolved,pi0.5_bc_scale,,,e32bfd006160c17815eb346708819eef4d0c9b699265f50915caf91656810b55,,,
B,model/pi0.5_cotrain_eva_aria.yaml,resolved,pi0.5_cotrain_eva_aria,,,0062458ae725b4a0c3f3cdea162e7a35e97351a8237dffabfd563fe9d81417f4,,,
B,model/pi0.5_cotrain_mecka_scale.yaml,resolved,pi0.5_cotrain_mecka_scale,,,e32bfd006160c17815eb346708819eef4d0c9b699265f50915caf91656810b55,,,
B,model/pi05/pi0.5_bc_abc_eva_6d.yaml,resolved,pi05/pi0.5_bc_abc_eva_6d,pi05/abc_stationery_pi_6d,pi05/eval_pi_wristframe_6d,70b2af7ebd1c78d740911d9b561a5372707049ac4b20ff2bf0812418989b1625,7c37d74498030e611d272a624d17cb4c7cf431d47ca5af634e8c441956846a87,0564c5df02522250fefe87193b5bcb9263fc961015efb5997167a3f166ecb07d,
B,model/pi05/pi0.5_bc_eva.yaml,resolved,pi05/pi0.5_bc_eva,pi05/abc_stationery_pi_6d,pi05/eval_pi_wristframe_6d,199cbef36f9c0ab865af6fb8845734b4b0d6ebecd5124ddf32b06f91fc9d42a8,7c37d74498030e611d272a624d17cb4c7cf431d47ca5af634e8c441956846a87,e85a3a290cb7e71337c52c110ea299e9b5fb59f3d865134c531e841db35ad263,
B,model/pi05/pi0.5_bc_mecka_6d.yaml,resolved,pi05/pi0.5_bc_mecka_6d,pi05/abc_stationery_pi_6d,pi05/eval_pi_wristframe_6d,bca8b058a6472dd1429a4b44597d8dc79bef9c06cb7ab090c1bcbcb7071032dc,7c37d74498030e611d272a624d17cb4c7cf431d47ca5af634e8c441956846a87,0564c5df02522250fefe87193b5bcb9263fc961015efb5997167a3f166ecb07d,
B,model/pi05/pi0.5_bc_mecka_abc_6d.yaml,resolved,pi05/pi0.5_bc_mecka_abc_6d,pi05/abc_stationery_pi_6d,pi05/eval_pi_wristframe_6d,0cdaa34fcf82078cf9e58d542d6cc6c72d192e5835d2b4626479eeb0a734ce89,7c37d74498030e611d272a624d17cb4c7cf431d47ca5af634e8c441956846a87,0564c5df02522250fefe87193b5bcb9263fc961015efb5997167a3f166ecb07d,
B,model/pi05/pi0.5_cotrain_eva_aria_6d.yaml,resolved,pi05/pi0.5_cotrain_eva_aria_6d,pi05/abc_stationery_pi_6d,pi05/eval_pi_wristframe_6d,df6098e0bda9131add8bf33f414c55aa9f9cba7665d82753b28503dbc1386864,7c37d74498030e611d272a624d17cb4c7cf431d47ca5af634e8c441956846a87,e85a3a290cb7e71337c52c110ea299e9b5fb59f3d865134c531e841db35ad263,
B,model/pi05/pi0.5_ft_abc_eva_6d.yaml,resolved,pi05/pi0.5_ft_abc_eva_6d,pi05/abc_stationery_pi_6d,pi05/eval_pi_wristframe_6d,70b2af7ebd1c78d740911d9b561a5372707049ac4b20ff2bf0812418989b1625,7c37d74498030e611d272a624d17cb4c7cf431d47ca5af634e8c441956846a87,0564c5df02522250fefe87193b5bcb9263fc961015efb5997167a3f166ecb07d,
B,model/pi05/pi0.5_ft_aria_fold_grip.yaml,resolved,pi05/pi0.5_ft_aria_fold_grip,pi05/abc_stationery_pi_6d,pi05/eval_pi_wristframe_6d,c4b0198653009859908cac91150e8c818ecc01ed419ae056b9d6335359793878,7c37d74498030e611d272a624d17cb4c7cf431d47ca5af634e8c441956846a87,0564c5df02522250fefe87193b5bcb9263fc961015efb5997167a3f166ecb07d,
C,data/abc_arc/abc_fslongshirt_micro_foldclothes_cotrain_arcD40M100.yaml,source_error,,abc_arc/abc_fslongshirt_micro_foldclothes_cotrain_arcD40M100,,,,,InterpolationKeyError: Interpolation key 'abc.arc_velocity_mode' not found
C,data/abc_arc/abc_fslongshirt_micro_foldclothes_cotrain_baseline.yaml,resolved,,abc_arc/abc_fslongshirt_micro_foldclothes_cotrain_baseline,,,495e8bf555119d223dbe59d1da4d298aea62b70e3932e7933738cfaeab6f7c31,,
C,data/abc_arc/abc_fstshirt_arc_bc_D40_M100.yaml,source_error,,abc_arc/abc_fstshirt_arc_bc_D40_M100,,,,,InterpolationKeyError: Interpolation key 'abc.arc_velocity_mode' not found
C,data/abc_arc/abc_fstshirt_bc.yaml,resolved,abc/yam_bimanual_dp,abc_arc/abc_fstshirt_bc,,aca84f52faa6902952dea94d71ca60698ccfe9cfc2be55cca93a89e28751374c,7d7b91e11aa45a6d1eee94b439c6e18e10aca7eb94a328215313a6e2dae48464,,
C,data/abc_arc/abc_fstshirt_mecka_freefold_arc_cotrain_D40_M100.yaml,source_error,,abc_arc/abc_fstshirt_mecka_freefold_arc_cotrain_D40_M100,,,,,InterpolationKeyError: Interpolation key 'abc.arc_velocity_mode' not found
C,data/abc_arc/abc_fstshirt_mecka_freefold_baseline_cotrain.yaml,resolved,,abc_arc/abc_fstshirt_mecka_freefold_baseline_cotrain,,,a6dce98b0e1a98021457e29df63a757565ff15eb579155868fd7209037f7f290,,
C,data/abc_arc/abc_mecka_fold_multitask_arc_cotrain_D40_M100.yaml,source_error,,abc_arc/abc_mecka_fold_multitask_arc_cotrain_D40_M100,,,,,InterpolationKeyError: Interpolation key 'abc.arc_velocity_mode' not found
C,data/abc_arc/abc_mecka_fold_multitask_baseline_cotrain.yaml,resolved,,abc_arc/abc_mecka_fold_multitask_baseline_cotrain,,,960f546796a1699aa80b0bd57227d680659e96e827763b755a4b05e158fa01bd,,
C,data/abc_arc/abc_stationery_arc_bc_D40_M100.yaml,resolved,,abc_arc/abc_stationery_arc_bc_D40_M100,,,b20a1a0a6f3a34ffad6fd4b2069f870a4d44ce4426039b4defeba048730d5a39,,
C,data/abc_arc/abc_stationery_bc.yaml,resolved,,abc_arc/abc_stationery_bc,,,76e837e1a2aa23ccca1582fb0f54ddcbd74b9d331c257fc4eac30ef2a6646eac,,
C,data/abc_arc/abc_towels_hpt180_arc_D40_M100.yaml,resolved,,abc_arc/abc_towels_hpt180_arc_D40_M100,,,2c593aeaafb51474547b7ba6220f1afb8407f669ae8c8f17b43ad4fe549b56a5,,
C,data/abc_arc/abc_towels_hpt180_baseline.yaml,resolved,,abc_arc/abc_towels_hpt180_baseline,,,5bf7c3173257dfa19a8d47110ec2091a03555e217c24957342019ecbac55023c,,
C,data/abc_arc/abc_visual.yaml,resolved,abc_arc/hpt_yam_visual,abc_arc/abc_visual,eval_open_loop_sim,92b14251b5a5e9c0b7e53cb13f9577bf41f780ccc653afb846fea64f1423c0e0,5899b311ddce40f59aa16c6322b10053f3f9ea30d8bbf53dc1e397667cf8a760,d21c0bb40158b4fa4e11c12958dfe061b38cb66ef1671e49436515a117cf3feb,
C,data/abc_arc/arcpre_abc_data.yaml,resolved,e1/hpt_flow_wrists_ft_arcdur,abc_arc/arcpre_abc_data,,5b479fec53f65bb044ed7e6cf485c03a735e0916e12d69f1151079e653cc0027,4b126f75de4e39e3869cf312340afddf96107d2748380b8fb8af1fb784975946,74234e98afe7498fb5daf1f36ac2d78acc339464f950703b8c019892f982b90b,
C,data/abc_arc/arcpre_abc_data_pinned2089.yaml,resolved,,abc_arc/arcpre_abc_data_pinned2089,,,fb99dc9833325751f55f2aead6439bf1141246b753d7c0ceea9d2a6cd2764f78,,
C,data/abc_arc/arcpre_abcrl2_data.yaml,resolved,e1/hpt_flow_wrists_ft_arcdur,abc_arc/arcpre_abcrl2_data,,5b479fec53f65bb044ed7e6cf485c03a735e0916e12d69f1151079e653cc0027,28d5b80500695f96bd07f0ff51097ece03f52d060e56689344ad089525952485,74234e98afe7498fb5daf1f36ac2d78acc339464f950703b8c019892f982b90b,
C,data/abc_arc/mecka_fold_clothes_40h_human_baseline.yaml,resolved,abc_arc/hpt_bimanual_visual,abc_arc/mecka_fold_clothes_40h_human_baseline,eval_open_loop_sim,2d809149de462b1a39345f90bfb679a70270fa6faa2bb5e948df36813e30729c,8740ee1480a789fbff4369f80ff8811ace65751a5a7f28de1ae4fde23920baf2,90d945c33137c163090cbc69507d28e4d4f01704186fb408af4ff0fc64a3e6fa,
C,data/abc_arc/mecka_fold_clothes_40h_human_hybrid_D40_M100_R24deg.yaml,resolved,abc_arc/hpt_bimanual_visual,abc_arc/mecka_fold_clothes_40h_human_hybrid_D40_M100_R24deg,eval_open_loop_sim,d2bf83bb725058edcaefbc9f2e750ccfb50613a2ced519932bf4eba3aff72231,b3fc79c353f2718ea446d9d96fdd44cd53002e6ea8ea2bfa87096c4f3f25c33e,1c8d73487de0eed00472e7b2f872224156fc00035cf349134f3bcc87a9dfad43,
C,data/abc_arc/shorts_extreme_arc_bc_D40_M100.yaml,resolved,,abc_arc/shorts_extreme_arc_bc_D40_M100,,,f60603b1b64a020910828c9c21432fb96f82e5ba4c3b3d9870e77b747c58370d,,
C,data/abc_arc/shorts_extreme_arcdur_D40_M100.yaml,resolved,,abc_arc/shorts_extreme_arcdur_D40_M100,,,6d4db1caa1c4aa843e1be0643b6aa2dca908b3ca0bc7bf6ccbb694ac919e6903,,
C,data/abc_arc/shorts_extreme_bc.yaml,resolved,,abc_arc/shorts_extreme_bc,,,48c018e13bcdd1f660ca96c6159c7c41db6c85e4ebb7f37a1ac95a8fd9ee5870,,
C,data/abc_arc/stationery_ft_arcdur.yaml,resolved,e1/hpt_flow_wrists_ft_arcdur,abc_arc/stationery_ft_arcdur,,5b479fec53f65bb044ed7e6cf485c03a735e0916e12d69f1151079e653cc0027,ba559715d0c4ef3961d52e4cdcb3a019a8b8f3d5b3339ea4c0104dd12494d689,74234e98afe7498fb5daf1f36ac2d78acc339464f950703b8c019892f982b90b,
C,data/abc_arc/stationery_ft_time.yaml,resolved,e1/hpt_flow_wrists_ft,abc_arc/stationery_ft_time,,7da31cfb1aa5301fe5bb68636ce314e66f7c9c808aa7099ed032447b9648f624,b81f05e8ca3c3ed48d91f5ffc675dfdd9013044617830e7523a94ff9c1871330,9e9c3645c83625cde5fbf3c154e9198f18d68be277d4730d2255ad553e6050c8,
C,data/abc_arc/stationery_midtempo_arcdur.yaml,resolved,e1/hpt_flow_wrists,abc_arc/stationery_midtempo_arcdur,eval_open_loop_sim,deb9f462c48c40739b57dea8103a565143c217926594b1def87cc4dc567ff094,a69923ae70f94c30b59b87ccb149395d4b4c0a7c858f4480d808c3437029393c,16236c9608602166acd70b9d96ed75fe7859c65e87704d78d8f5e3c853f4fef5,
C,data/abc_arc/stationery_midtempo_eval_arcdur_test_in.yaml,resolved,,abc_arc/stationery_midtempo_eval_arcdur_test_in,,,befca2e7c6b7338bd0996724276887be36eec8e16cb4b56e86719181ec9ec579,,
C,data/abc_arc/stationery_midtempo_eval_arcdur_test_mid.yaml,resolved,,abc_arc/stationery_midtempo_eval_arcdur_test_mid,,,85f1a075461614f6fe60bedbcbc29d4b2f7ab20e8c19b636536de9bd6781a8db,,
C,data/abc_arc/stationery_midtempo_eval_arcdur_val.yaml,resolved,,abc_arc/stationery_midtempo_eval_arcdur_val,,,13db5279739a6198b772ce601fd913060e12b54c07288644f6515d68f42d3d2b,,
C,data/abc_arc/stationery_midtempo_eval_time_test_in.yaml,resolved,,abc_arc/stationery_midtempo_eval_time_test_in,,,3e4696ce3fc96604dc95ffe6df95f65fd602900b8c7d9963743639d0d46c5ef2,,
C,data/abc_arc/stationery_midtempo_eval_time_test_mid.yaml,resolved,,abc_arc/stationery_midtempo_eval_time_test_mid,,,223edec402cdce2047b6f00f9777997b02f240f83f4d1bfe671cd2ee881517e7,,
C,data/abc_arc/stationery_midtempo_eval_time_val.yaml,resolved,,abc_arc/stationery_midtempo_eval_time_val,,,3ccdd122c0480b84abc13d6668b0ccb6681fb1c9492f1e9c6a516b2090a1be08,,
C,data/abc_arc/stationery_midtempo_smoke_arcdur.yaml,resolved,,abc_arc/stationery_midtempo_smoke_arcdur,,,7790a5864deb76c140b45c8ef3e9b42984186bac3931b6348a551b64f2b245b0,,
C,data/abc_arc/stationery_midtempo_smoke_eval_arcdur_test_in.yaml,resolved,,abc_arc/stationery_midtempo_smoke_eval_arcdur_test_in,,,d45f00768270de191a399b5fd08e359d1e54ec8bc8da10c28598fc69f14007f7,,
C,data/abc_arc/stationery_midtempo_smoke_eval_arcdur_test_mid.yaml,resolved,,abc_arc/stationery_midtempo_smoke_eval_arcdur_test_mid,,,813b18f54ec8bc663e69490859613833370435f4450e0fae8d2765a4c9c490f8,,
C,data/abc_arc/stationery_midtempo_smoke_eval_arcdur_val.yaml,resolved,,abc_arc/stationery_midtempo_smoke_eval_arcdur_val,,,d5967033a1c81f7192642e72ef4ed812857933af0a5efbd08b91e5828aa5686e,,
C,data/abc_arc/stationery_midtempo_smoke_eval_time_test_in.yaml,resolved,,abc_arc/stationery_midtempo_smoke_eval_time_test_in,,,9cfd2fa6f798afae7cd4d288c06a3a92c62db511ebf8b4c3a245093a0f2db253,,
C,data/abc_arc/stationery_midtempo_smoke_eval_time_test_mid.yaml,resolved,,abc_arc/stationery_midtempo_smoke_eval_time_test_mid,,,c9be2619318d4bfc6da81b1b093d45ae22b40551349603b634f0cae66dc8ec51,,
C,data/abc_arc/stationery_midtempo_smoke_eval_time_val.yaml,resolved,,abc_arc/stationery_midtempo_smoke_eval_time_val,,,c45b47edb944de8e98632c2a33615bbcf9aed7fa1c49ec8a7aadf707a2896b35,,
C,data/abc_arc/stationery_midtempo_smoke_time.yaml,resolved,,abc_arc/stationery_midtempo_smoke_time,,,ba37f4d894c3c43229e97989bca37b3f7ff8d29336f70c1fbfe55972f73ecb05,,
C,data/abc_arc/stationery_midtempo_time.yaml,resolved,e1/hpt_flow_wrists,abc_arc/stationery_midtempo_time,eval_open_loop_sim,ae44ef5aeea795f2b77b4b9535441d45e22bd92eee995016506b4b97d29b7aab,dc37248c527cc4bc9c1708a283850fffec4e8fd8c15582043bac9c05f0696735,a43ddff2e2a07534153afd0877d33431949753a6e0b26f6c92f31765d6ef932b,
C,data/abc_arc/stationery_mix5050_arcdur.yaml,resolved,e1/hpt_flow_wrists_ft_arcdur,abc_arc/stationery_mix5050_arcdur,,5b479fec53f65bb044ed7e6cf485c03a735e0916e12d69f1151079e653cc0027,71f391d9da18a7fbff5c69157dd20254e8d7f031063862319d5a7af66ace5b47,b15499f74da5f6196c372b5ce2e1a84a490868d9670ce7b7c02bf465ca039689,
C,data/abc_arc/stationery_mix5050_arcvel.yaml,resolved,e1/hpt_flow_wrists_ft_arcdur,abc_arc/stationery_mix5050_arcvel,,5b479fec53f65bb044ed7e6cf485c03a735e0916e12d69f1151079e653cc0027,0449a2cc0a36bb9e38fbda74f7192ee5b1274f4c2b643beda3033d98cef6a3fd,9789823cefc5aaf29a7de80fcd942e6f533e669f382bdfef93524e52aeddb659,
C,data/abc_arc/stationery_mix5050_time.yaml,resolved,e1/hpt_flow_wrists_ft,abc_arc/stationery_mix5050_time,,7da31cfb1aa5301fe5bb68636ce314e66f7c9c808aa7099ed032447b9648f624,db697d4542b3674691f9ca7bda4dec7c7566bb73adeb9ec04df6ada7701d1740,9e9c3645c83625cde5fbf3c154e9198f18d68be277d4730d2255ad553e6050c8,
C,data/abc_arc/stationery_mix_arcvel.yaml,resolved,e1/hpt_flow_wrists_ft_arcdur,abc_arc/stationery_mix_arcvel,,5b479fec53f65bb044ed7e6cf485c03a735e0916e12d69f1151079e653cc0027,703191662b42cf2804875030ef5c74c585cde5304cad060c91a564b3ea55adaf,74234e98afe7498fb5daf1f36ac2d78acc339464f950703b8c019892f982b90b,
C,data/abc_arc/stationery_mix_time.yaml,resolved,e1/hpt_flow_wrists_ft,abc_arc/stationery_mix_time,,7da31cfb1aa5301fe5bb68636ce314e66f7c9c808aa7099ed032447b9648f624,126be0394fe03b16212df25e9548f87e7297794d933f731a84f87950dea66eaa,9e9c3645c83625cde5fbf3c154e9198f18d68be277d4730d2255ad553e6050c8,
C,data/abc_arc/stationery_rl2_hpt180_arc_D40_M100.yaml,resolved,,abc_arc/stationery_rl2_hpt180_arc_D40_M100,,,ca2b5840ab15e70dc25074c922eedbcfc5b69743eb2a4014c3c99e1896a0c700,,
C,data/abc_arc/stationery_rl2_hpt180_baseline.yaml,resolved,,abc_arc/stationery_rl2_hpt180_baseline,,,1707baa34afc929c890da1ec52743ae624f598faebce489f79e8de94b549d3cf,,
C,data/abc_arc/stationery_rl2_hpt_arc_D40_M100.yaml,resolved,,abc_arc/stationery_rl2_hpt_arc_D40_M100,,,ca2b5840ab15e70dc25074c922eedbcfc5b69743eb2a4014c3c99e1896a0c700,,
C,data/abc_arc/stationery_rl2_hpt_arc_hybrid_D40_M100_R24deg.yaml,resolved,abc_arc/hpt_yam_visual,abc_arc/stationery_rl2_hpt_arc_hybrid_D40_M100_R24deg,eval_open_loop_sim,0d3eaa029031650235425ccb37a87b3073627334a0f64235c6cbc4215e616e13,6fabdad0d766633c9a94e01bfa71fc3a18dedd9377992e61062e209e7f308c44,1c8d73487de0eed00472e7b2f872224156fc00035cf349134f3bcc87a9dfad43,
C,data/abc_arc/stationery_rl2_hpt_baseline.yaml,resolved,abc_arc/hpt_yam_visual,abc_arc/stationery_rl2_hpt_baseline,eval_open_loop_sim,92b14251b5a5e9c0b7e53cb13f9577bf41f780ccc653afb846fea64f1423c0e0,7b2cf153f120a60e38da1a466b3f7bfad57dfaed2ed822857d9633873bca70a5,90d945c33137c163090cbc69507d28e4d4f01704186fb408af4ff0fc64a3e6fa,
C,data/abc_arc/stationery_tempo_all_arcdur.yaml,resolved,e1/hpt_flow_wrists_ft_arcdur,abc_arc/stationery_tempo_all_arcdur,,5b479fec53f65bb044ed7e6cf485c03a735e0916e12d69f1151079e653cc0027,970c3e43f1b776e189a680247bbf57dc4ba93761be70cf732201bd15abed9d35,b15499f74da5f6196c372b5ce2e1a84a490868d9670ce7b7c02bf465ca039689,
C,data/abc_arc/stationery_tempo_all_time.yaml,resolved,e1/hpt_flow_wrists_ft,abc_arc/stationery_tempo_all_time,,7da31cfb1aa5301fe5bb68636ce314e66f7c9c808aa7099ed032447b9648f624,0e8ca83a16ad09884140894a2011ddd264820ab35ca524adf68f1e8ce058c389,776af127372bda43934b33cda235137a2dab6efcfc24b376bfe689f75a8c4fb5,
C,data/abc_arc/stationery_tempo_eval_arcdur_val.yaml,resolved,,abc_arc/stationery_tempo_eval_arcdur_val,,,ca9a0da5f0a8dae60ae8d927961b9e8dd892246708bcd1238101525ef7d1b8f7,,
C,data/abc_arc/stationery_tempo_eval_arcdur_val_fast.yaml,resolved,,abc_arc/stationery_tempo_eval_arcdur_val_fast,,,97a7693da298fb84a730091ec060b4619d00591800c67c4278cad8512fe2079e,,
C,data/abc_arc/stationery_tempo_eval_arcdur_val_medium.yaml,resolved,,abc_arc/stationery_tempo_eval_arcdur_val_medium,,,b44925699c13fd1957517f3555bcf9fe80cf1e245a2c889700466fe6e3fda3a1,,
C,data/abc_arc/stationery_tempo_eval_arcdur_val_slow.yaml,resolved,,abc_arc/stationery_tempo_eval_arcdur_val_slow,,,0ddf6f27b803abd7c705c6c29f648e68f89e1d197f4222d9286f481219a15838,,
C,data/abc_arc/stationery_tempo_eval_time_val.yaml,resolved,,abc_arc/stationery_tempo_eval_time_val,,,613676365aabb76f89ed9fc2f2faee9057dfa27947d742dd2115fbcc2e6c060c,,
C,data/abc_arc/stationery_tempo_eval_time_val_fast.yaml,resolved,,abc_arc/stationery_tempo_eval_time_val_fast,,,bfd40599f2c0d5f2a2a962008d1bbf2b43f6b43a6c4f07ab5daed5548a99ecec,,
C,data/abc_arc/stationery_tempo_eval_time_val_medium.yaml,resolved,,abc_arc/stationery_tempo_eval_time_val_medium,,,81f1268b3dc943af5f2849188471a08581af56ef41c1d1ca0bc6d2e2d0982541,,
C,data/abc_arc/stationery_tempo_eval_time_val_slow.yaml,resolved,,abc_arc/stationery_tempo_eval_time_val_slow,,,0e04a9a488020f912f7155d45716d31f5c5f37cbc38d0a0b16e67c1c413c9f5f,,
C,data/abc_arc/stationery_tempo_fast_arcdur.yaml,resolved,e1/hpt_flow_wrists_ft_arcdur,abc_arc/stationery_tempo_fast_arcdur,,5b479fec53f65bb044ed7e6cf485c03a735e0916e12d69f1151079e653cc0027,731c11be30fe7b618f03a100dea9b3c7310b162bebe8755993626bfcf696e2e4,b15499f74da5f6196c372b5ce2e1a84a490868d9670ce7b7c02bf465ca039689,
C,data/abc_arc/stationery_tempo_fast_arcdur_lambda.yaml,resolved,e1/hpt_flow_wrists_ft_arcdur,abc_arc/stationery_tempo_fast_arcdur_lambda,,5b479fec53f65bb044ed7e6cf485c03a735e0916e12d69f1151079e653cc0027,dac282cb316067f329fa8800289b8c24a1a6c1f4b4eead4966427a7fe69cd50d,b15499f74da5f6196c372b5ce2e1a84a490868d9670ce7b7c02bf465ca039689,
C,data/abc_arc/stationery_tempo_fast_time.yaml,resolved,e1/hpt_flow_wrists_ft,abc_arc/stationery_tempo_fast_time,,7da31cfb1aa5301fe5bb68636ce314e66f7c9c808aa7099ed032447b9648f624,2fcc6583c4bd472aa6ed3224d970c2b32aed26c361e82cff0b3c66521d719dfb,776af127372bda43934b33cda235137a2dab6efcfc24b376bfe689f75a8c4fb5,
C,data/abc_arc/stationery_tempo_fast_time_lambda.yaml,resolved,e1/hpt_flow_wrists_ft,abc_arc/stationery_tempo_fast_time_lambda,,7da31cfb1aa5301fe5bb68636ce314e66f7c9c808aa7099ed032447b9648f624,5e121c2327c869e45c612f61d9fcb071b4534663be1201c308723c39e66c3102,776af127372bda43934b33cda235137a2dab6efcfc24b376bfe689f75a8c4fb5,
C,data/abc_arc/stationery_tempo_medium_arcdur.yaml,resolved,e1/hpt_flow_wrists_ft_arcdur,abc_arc/stationery_tempo_medium_arcdur,,5b479fec53f65bb044ed7e6cf485c03a735e0916e12d69f1151079e653cc0027,07cc2d52183f4e40000db1d9973073bf6025475c5d0da1cc593089488d9423f7,b15499f74da5f6196c372b5ce2e1a84a490868d9670ce7b7c02bf465ca039689,
C,data/abc_arc/stationery_tempo_medium_arcdur_lambda.yaml,resolved,e1/hpt_flow_wrists_ft_arcdur,abc_arc/stationery_tempo_medium_arcdur_lambda,,5b479fec53f65bb044ed7e6cf485c03a735e0916e12d69f1151079e653cc0027,7ed09dfef814d6f741af7a352bfc9d4d525d31fb4cb9713f2f554dec942bc554,b15499f74da5f6196c372b5ce2e1a84a490868d9670ce7b7c02bf465ca039689,
C,data/abc_arc/stationery_tempo_medium_time.yaml,resolved,e1/hpt_flow_wrists_ft,abc_arc/stationery_tempo_medium_time,,7da31cfb1aa5301fe5bb68636ce314e66f7c9c808aa7099ed032447b9648f624,c23a7f1994251796c136566d63d1280d528b317c2175d79680ead1a9acc01d77,776af127372bda43934b33cda235137a2dab6efcfc24b376bfe689f75a8c4fb5,
C,data/abc_arc/stationery_tempo_medium_time_lambda.yaml,resolved,e1/hpt_flow_wrists_ft,abc_arc/stationery_tempo_medium_time_lambda,,7da31cfb1aa5301fe5bb68636ce314e66f7c9c808aa7099ed032447b9648f624,6a8d0d67514a97fd6d223d7ae81f4e82cbcbb5422000051f6b3dc2ec6cc6568d,776af127372bda43934b33cda235137a2dab6efcfc24b376bfe689f75a8c4fb5,
C,data/abc_arc/stationery_tempo_mixed_arcdur.yaml,resolved,e1/hpt_flow_wrists_ft_arcdur,abc_arc/stationery_tempo_mixed_arcdur,,5b479fec53f65bb044ed7e6cf485c03a735e0916e12d69f1151079e653cc0027,6e9f9082407797f2b82e7c10d7e444d30d009c797cbae6ac393789ffaddccf3a,b15499f74da5f6196c372b5ce2e1a84a490868d9670ce7b7c02bf465ca039689,
C,data/abc_arc/stationery_tempo_mixed_arcdur_lambda.yaml,resolved,e1/hpt_flow_wrists_ft_arcdur,abc_arc/stationery_tempo_mixed_arcdur_lambda,,5b479fec53f65bb044ed7e6cf485c03a735e0916e12d69f1151079e653cc0027,2977fa9fa83fe294bc1abeb5db1a960d741cd093561996ad37757523ed773ca8,b15499f74da5f6196c372b5ce2e1a84a490868d9670ce7b7c02bf465ca039689,
C,data/abc_arc/stationery_tempo_mixed_time.yaml,resolved,e1/hpt_flow_wrists_ft,abc_arc/stationery_tempo_mixed_time,,7da31cfb1aa5301fe5bb68636ce314e66f7c9c808aa7099ed032447b9648f624,4372eedb22cd77d08e38050c6f5b278a242f0570503058643d1a32a6a752787e,776af127372bda43934b33cda235137a2dab6efcfc24b376bfe689f75a8c4fb5,
C,data/abc_arc/stationery_tempo_mixed_time_lambda.yaml,resolved,e1/hpt_flow_wrists_ft,abc_arc/stationery_tempo_mixed_time_lambda,,7da31cfb1aa5301fe5bb68636ce314e66f7c9c808aa7099ed032447b9648f624,16293b3ff60f8af0157f5a5211a4f8bdec0d7ba3cc9843b3875611050f44b0d7,776af127372bda43934b33cda235137a2dab6efcfc24b376bfe689f75a8c4fb5,
C,data/abc_arc/stationery_tempo_slow_arcdur.yaml,resolved,e1/hpt_flow_wrists_ft_arcdur,abc_arc/stationery_tempo_slow_arcdur,,5b479fec53f65bb044ed7e6cf485c03a735e0916e12d69f1151079e653cc0027,78ece0be85f60ba007f5803ba6a90f16325868d1504c98ca716188c8033c8b7c,b15499f74da5f6196c372b5ce2e1a84a490868d9670ce7b7c02bf465ca039689,
C,data/abc_arc/stationery_tempo_slow_arcdur_lambda.yaml,resolved,e1/hpt_flow_wrists_ft_arcdur,abc_arc/stationery_tempo_slow_arcdur_lambda,,5b479fec53f65bb044ed7e6cf485c03a735e0916e12d69f1151079e653cc0027,439e25258108fa9035bcc16a0ad02b7e7d2b3fdb40a855408b1e06a3aca5ca3f,b15499f74da5f6196c372b5ce2e1a84a490868d9670ce7b7c02bf465ca039689,
C,data/abc_arc/stationery_tempo_slow_time.yaml,resolved,e1/hpt_flow_wrists_ft,abc_arc/stationery_tempo_slow_time,,7da31cfb1aa5301fe5bb68636ce314e66f7c9c808aa7099ed032447b9648f624,747f13976654b1914092f1f31e85bc4c9a8c0083349304f28e87a78078089acd,776af127372bda43934b33cda235137a2dab6efcfc24b376bfe689f75a8c4fb5,
C,data/abc_arc/stationery_tempo_slow_time_lambda.yaml,resolved,e1/hpt_flow_wrists_ft,abc_arc/stationery_tempo_slow_time_lambda,,7da31cfb1aa5301fe5bb68636ce314e66f7c9c808aa7099ed032447b9648f624,44af02ec9f2f4b8358851061d336022b5de5a768abcba28db7af3ddd8e5a0e95,776af127372bda43934b33cda235137a2dab6efcfc24b376bfe689f75a8c4fb5,
C,data/abc_arc/stationery_tempo_slowpace_arcdur.yaml,resolved,e1/hpt_flow_wrists_ft_arcdur,abc_arc/stationery_tempo_slowpace_arcdur,,5b479fec53f65bb044ed7e6cf485c03a735e0916e12d69f1151079e653cc0027,05b95b2f61c8efb722c20de8b23d28c4686c9eabf1f13b02c615837f798dd68d,b15499f74da5f6196c372b5ce2e1a84a490868d9670ce7b7c02bf465ca039689,
C,data/abc_arc/stationery_tempo_slowpace_time.yaml,resolved,e1/hpt_flow_wrists_ft,abc_arc/stationery_tempo_slowpace_time,,7da31cfb1aa5301fe5bb68636ce314e66f7c9c808aa7099ed032447b9648f624,6c31a579ab68842f2c1d0859a4ebfa1f54657f84a1c32bc95736c925edc17a8b,776af127372bda43934b33cda235137a2dab6efcfc24b376bfe689f75a8c4fb5,
C,data/abc_arc/timepre_abc_data.yaml,resolved,e1/hpt_flow_wrists_ft,abc_arc/timepre_abc_data,,7da31cfb1aa5301fe5bb68636ce314e66f7c9c808aa7099ed032447b9648f624,5218b138beb5f5c203790596228e9ef3b29f53a3c7621879b47dcbfa5011a2b2,9e9c3645c83625cde5fbf3c154e9198f18d68be277d4730d2255ad553e6050c8,
C,data/abc_arc/towels_abc_arcdur.yaml,resolved,e1/hpt_flow_wrists_ft_arcdur,abc_arc/towels_abc_arcdur,,5b479fec53f65bb044ed7e6cf485c03a735e0916e12d69f1151079e653cc0027,a4d784972d95bdb10a18b25720a037d374549ca33c550f0966242fd521c6b11b,74234e98afe7498fb5daf1f36ac2d78acc339464f950703b8c019892f982b90b,
C,data/abc_arc/towels_abc_time.yaml,resolved,e1/hpt_flow_wrists_ft,abc_arc/towels_abc_time,,7da31cfb1aa5301fe5bb68636ce314e66f7c9c808aa7099ed032447b9648f624,ef2415ab6407e0a7b9421a71f2a6782ebcc4b86234a37674a078692cb374092e,9e9c3645c83625cde5fbf3c154e9198f18d68be277d4730d2255ad553e6050c8,
C,data/abc_arc/towels_mix4060_arcdur_lambda.yaml,resolved,e1/hpt_flow_wrists_ft_arcdur,abc_arc/towels_mix4060_arcdur_lambda,,5b479fec53f65bb044ed7e6cf485c03a735e0916e12d69f1151079e653cc0027,dcbc111883b7943259c307929f8795108ac14ceea26d862f8226832bb8b7fbaf,b15499f74da5f6196c372b5ce2e1a84a490868d9670ce7b7c02bf465ca039689,
C,data/abc_arc/towels_mix4060_arcvel_lambda.yaml,resolved,e1/hpt_flow_wrists_ft_arcdur,abc_arc/towels_mix4060_arcvel_lambda,,5b479fec53f65bb044ed7e6cf485c03a735e0916e12d69f1151079e653cc0027,6484e4fbb9e6fe1a21cdec736324819e2ea0d7d4da0ef41b12dae94a237b714d,9789823cefc5aaf29a7de80fcd942e6f533e669f382bdfef93524e52aeddb659,
C,data/abc_arc/towels_mix4060_normpool_arcdur_lambda.yaml,resolved,e1/hpt_flow_wrists_ft_arcdur,abc_arc/towels_mix4060_normpool_arcdur_lambda,,5b479fec53f65bb044ed7e6cf485c03a735e0916e12d69f1151079e653cc0027,a8aadf6026753c34a1b9a1303f147cc809d4cbb5777b3cd8ebfa63315d42cc56,b15499f74da5f6196c372b5ce2e1a84a490868d9670ce7b7c02bf465ca039689,
C,data/abc_arc/towels_mix4060_normpool_arcvel_lambda.yaml,resolved,e1/hpt_flow_wrists_ft_arcdur,abc_arc/towels_mix4060_normpool_arcvel_lambda,,5b479fec53f65bb044ed7e6cf485c03a735e0916e12d69f1151079e653cc0027,24e4f60ec0d55de6925814e08ab31468d4587b6aa0ca6c02da0475624492015c,9789823cefc5aaf29a7de80fcd942e6f533e669f382bdfef93524e52aeddb659,
C,data/abc_arc/towels_mix4060_normpool_time_lambda.yaml,resolved,e1/hpt_flow_wrists_ft,abc_arc/towels_mix4060_normpool_time_lambda,,7da31cfb1aa5301fe5bb68636ce314e66f7c9c808aa7099ed032447b9648f624,925304b32604c4294ef32b2bc75c26309cab28246109acfa44844199e1f2a1dd,776af127372bda43934b33cda235137a2dab6efcfc24b376bfe689f75a8c4fb5,
C,data/abc_arc/towels_mix4060_time_lambda.yaml,resolved,e1/hpt_flow_wrists_ft,abc_arc/towels_mix4060_time_lambda,,7da31cfb1aa5301fe5bb68636ce314e66f7c9c808aa7099ed032447b9648f624,0361e44a53195f9cc91b2042daaf7748fc541ded6095e24a20b0e7ca773c2908,776af127372bda43934b33cda235137a2dab6efcfc24b376bfe689f75a8c4fb5,
C,data/abc_arc/towels_mix5050_arcdur.yaml,resolved,e1/hpt_flow_wrists_ft_arcdur,abc_arc/towels_mix5050_arcdur,,5b479fec53f65bb044ed7e6cf485c03a735e0916e12d69f1151079e653cc0027,1e0ebbd5dbe1cb099c23696af7777abdd7932ccd767a874160cb4246dda93441,b15499f74da5f6196c372b5ce2e1a84a490868d9670ce7b7c02bf465ca039689,
C,data/abc_arc/towels_mix5050_arcvel.yaml,resolved,e1/hpt_flow_wrists_ft_arcdur,abc_arc/towels_mix5050_arcvel,,5b479fec53f65bb044ed7e6cf485c03a735e0916e12d69f1151079e653cc0027,8ec70bd52fa1c04a42fa931f339fd4965c1b8615d7fab6455ae27bb559381d3d,9789823cefc5aaf29a7de80fcd942e6f533e669f382bdfef93524e52aeddb659,
C,data/abc_arc/towels_mix5050_time.yaml,resolved,e1/hpt_flow_wrists_ft,abc_arc/towels_mix5050_time,,7da31cfb1aa5301fe5bb68636ce314e66f7c9c808aa7099ed032447b9648f624,c6644f4222b96c7d12797f07176889b91acf79efa4793e5ec0c8886a39b2f705,9e9c3645c83625cde5fbf3c154e9198f18d68be277d4730d2255ad553e6050c8,
C,data/abc_arc/towels_mix_arcvel.yaml,resolved,e1/hpt_flow_wrists_ft_arcdur,abc_arc/towels_mix_arcvel,,5b479fec53f65bb044ed7e6cf485c03a735e0916e12d69f1151079e653cc0027,d147127396c226de60dad7ba92082b61b9ac93cffda6f60a7f2d6d494d2d81c2,74234e98afe7498fb5daf1f36ac2d78acc339464f950703b8c019892f982b90b,
C,data/abc_arc/towels_mix_time.yaml,resolved,e1/hpt_flow_wrists_ft,abc_arc/towels_mix_time,,7da31cfb1aa5301fe5bb68636ce314e66f7c9c808aa7099ed032447b9648f624,b00278758c791a7345d1dce26333d635ecaf3b236494e0002b0ae1ffeebc0651,9e9c3645c83625cde5fbf3c154e9198f18d68be277d4730d2255ad553e6050c8,
C,data/abc_arc/towels_rl2_298_arcdur.yaml,resolved,e1/hpt_flow_wrists_ft_arcdur,abc_arc/towels_rl2_298_arcdur,,5b479fec53f65bb044ed7e6cf485c03a735e0916e12d69f1151079e653cc0027,0b9954bf161eee1f6da0dbcf4fff20859e42accc96bb1bdf78797ccb50da8d73,b15499f74da5f6196c372b5ce2e1a84a490868d9670ce7b7c02bf465ca039689,
C,data/abc_arc/towels_rl2_298_arcvel.yaml,resolved,e1/hpt_flow_wrists_ft_arcdur,abc_arc/towels_rl2_298_arcvel,,5b479fec53f65bb044ed7e6cf485c03a735e0916e12d69f1151079e653cc0027,4c1ff0b7c85992462bf95e7a0f01755f84a0eb5b97ed5ff7ee41b920c829c966,9789823cefc5aaf29a7de80fcd942e6f533e669f382bdfef93524e52aeddb659,
C,data/abc_arc/towels_rl2_298_time.yaml,resolved,e1/hpt_flow_wrists_ft,abc_arc/towels_rl2_298_time,,7da31cfb1aa5301fe5bb68636ce314e66f7c9c808aa7099ed032447b9648f624,44cc8c6242dda7c355caaf92592db6f32f2791f47790faf7d11783d0435662da,776af127372bda43934b33cda235137a2dab6efcfc24b376bfe689f75a8c4fb5,
C,data/abc_arc/towels_rl2_394_arcdur.yaml,resolved,e1/hpt_flow_wrists_ft_arcdur,abc_arc/towels_rl2_394_arcdur,,5b479fec53f65bb044ed7e6cf485c03a735e0916e12d69f1151079e653cc0027,cd727b81d93a5e3399b329c6722c19b9a8273280169ccf7e7c0a41118dc566d6,b15499f74da5f6196c372b5ce2e1a84a490868d9670ce7b7c02bf465ca039689,
C,data/abc_arc/towels_rl2_394_arcdur_lambda.yaml,resolved,e1/hpt_flow_wrists_ft_arcdur,abc_arc/towels_rl2_394_arcdur_lambda,,5b479fec53f65bb044ed7e6cf485c03a735e0916e12d69f1151079e653cc0027,a57ab82665a17b65ef4c9ea1393ea4aee6f4f997572ff72f4251a776a078acf1,b15499f74da5f6196c372b5ce2e1a84a490868d9670ce7b7c02bf465ca039689,
C,data/abc_arc/towels_rl2_394_arcdur_w400_lambda.yaml,resolved,e1/hpt_flow_wrists_ft_arcdur,abc_arc/towels_rl2_394_arcdur_w400_lambda,,5b479fec53f65bb044ed7e6cf485c03a735e0916e12d69f1151079e653cc0027,ead2ff409b0f13d7db4426e51d9e526e7d0256f9ee5758cdedebc2aee29dde41,b15499f74da5f6196c372b5ce2e1a84a490868d9670ce7b7c02bf465ca039689,
C,data/abc_arc/towels_rl2_394_arcvel.yaml,resolved,e1/hpt_flow_wrists_ft_arcdur,abc_arc/towels_rl2_394_arcvel,,5b479fec53f65bb044ed7e6cf485c03a735e0916e12d69f1151079e653cc0027,447fc1e46bd54b7622ce53e6ba802c089d78bbdafc4f4fc91f328dd659255e8a,9789823cefc5aaf29a7de80fcd942e6f533e669f382bdfef93524e52aeddb659,
C,data/abc_arc/towels_rl2_394_arcvel_lambda.yaml,resolved,e1/hpt_flow_wrists_ft_arcdur,abc_arc/towels_rl2_394_arcvel_lambda,,5b479fec53f65bb044ed7e6cf485c03a735e0916e12d69f1151079e653cc0027,bdb59fa33e47e24c7daec47279cc2d26711c61420a038bb9cb6291d97fae6050,9789823cefc5aaf29a7de80fcd942e6f533e669f382bdfef93524e52aeddb659,
C,data/abc_arc/towels_rl2_394_time.yaml,resolved,e1/hpt_flow_wrists_ft,abc_arc/towels_rl2_394_time,,7da31cfb1aa5301fe5bb68636ce314e66f7c9c808aa7099ed032447b9648f624,ecf53eddfce83d199b70c2e408efc64b18b7ed278091b58700360d7421e4d139,776af127372bda43934b33cda235137a2dab6efcfc24b376bfe689f75a8c4fb5,
C,data/abc_arc/towels_rl2_394_time_lambda.yaml,resolved,e1/hpt_flow_wrists_ft,abc_arc/towels_rl2_394_time_lambda,,7da31cfb1aa5301fe5bb68636ce314e66f7c9c808aa7099ed032447b9648f624,43228299da34b782aa23ce24d031789303d3a40d61992c187908ad3006c6fe5b,776af127372bda43934b33cda235137a2dab6efcfc24b376bfe689f75a8c4fb5,
C,data/abc_arc/towels_rl2_arcdur.yaml,resolved,e1/hpt_flow_wrists_ft_arcdur,abc_arc/towels_rl2_arcdur,,5b479fec53f65bb044ed7e6cf485c03a735e0916e12d69f1151079e653cc0027,77665057bb528a31aa466ef0d1d19d7ff626cd1e920cd538ad5d217178ce1849,74234e98afe7498fb5daf1f36ac2d78acc339464f950703b8c019892f982b90b,
C,data/abc_arc/towels_rl2_time.yaml,resolved,e1/hpt_flow_wrists_ft,abc_arc/towels_rl2_time,,7da31cfb1aa5301fe5bb68636ce314e66f7c9c808aa7099ed032447b9648f624,7667da550cfe7c606e18b3dab258ed02ae3375575301a4eb8a1d75ecac52e0a5,9e9c3645c83625cde5fbf3c154e9198f18d68be277d4730d2255ad553e6050c8,
C,data/aria.yaml,resolved,,aria,,,e31be421e0580fdde50ed530d3a7ccbc8593930210ff2ccddb3aa4105868a3b5,,
C,data/cotrain_dense_language.yaml,resolved,,cotrain_dense_language,,,174f5c19d9e243eb03117603905dc0223475bd79e3a15bd37bec41501e2d09c9,,
C,data/cotrain_dense_language_base.yaml,resolved,,cotrain_dense_language_base,,,88732f6980533f96c95083b429db2ccbaf22233584a0f1d3a38e06a05c3db879,,
C,data/e1/abc_skirts.yaml,resolved,e1/hpt_flow,e1/abc_skirts,e1/fold_tempo,0d2deaf3d41b30732b7268b1830983328ac1b81e68e8668320c0e15fbf66eda7,4e4069b19c9f2a2088b3e7f87701cf52090351a1a1f6c7104dc08b7a9730e367,776af127372bda43934b33cda235137a2dab6efcfc24b376bfe689f75a8c4fb5,
C,data/e1/abc_stationery.yaml,resolved,e1/hpt_flow,e1/abc_stationery,e1/fold_tempo,0d2deaf3d41b30732b7268b1830983328ac1b81e68e8668320c0e15fbf66eda7,4e4069b19c9f2a2088b3e7f87701cf52090351a1a1f6c7104dc08b7a9730e367,776af127372bda43934b33cda235137a2dab6efcfc24b376bfe689f75a8c4fb5,
C,data/e1/fold_freeform.yaml,resolved,e1/hpt_flow,e1/fold_freeform,e1/fold_tempo,0d2deaf3d41b30732b7268b1830983328ac1b81e68e8668320c0e15fbf66eda7,6059447c3b032237d0fc573aba1c7b52ec1485df114e41deae61a7420e01ef2d,776af127372bda43934b33cda235137a2dab6efcfc24b376bfe689f75a8c4fb5,
C,data/eva.yaml,resolved,,eva,,,4ced15570994ea014f89d9ca3765d225a9713a543bdc5caa944d0627622a0149,,
C,data/eva_dense_language.yaml,resolved,,eva_dense_language,,,8f3bef3adb3397705b9e93d8b9bf6a928f16e4af8ef1d2ceeb845dbd97318a6b,,
C,data/human.yaml,resolved,,human,,,c8ef7b7960728265c1ef4a1105a1a34e854dee94e9dc011145210ed28a63b529,,
C,data/mecka.yaml,resolved,,mecka,,,d31f2574727e92495598002eff98456b2e57851f1358ff23d9cba084fb84673f,,
C,data/pi05/abc_eva_pi_6d.yaml,resolved,,pi05/abc_eva_pi_6d,,,6ce46732a996c3b6e710675c6e50d11c1316ea09f690f23dc072cd94e2e070e3,,
C,data/pi05/abc_eva_pi_6d_foldviz.yaml,resolved,,pi05/abc_eva_pi_6d_foldviz,,,920411c0063146cbd6cf787346cdf3431775898beaa75324130380d15acf7ab6,,
C,data/pi05/abc_stationery_pi_6d.yaml,resolved,,pi05/abc_stationery_pi_6d,,,8e1d025590b9d18f91febb72f09463c332958d28e9dbd49fc575464cfeea8db8,,
C,data/pi05/aria_fold_pi_6d_grip.yaml,resolved,,pi05/aria_fold_pi_6d_grip,,,e86cdca72a7b1db21ab3b63e9bfd789e5f1d3317f4a0d9d964618c9ad042c711,,
C,data/pi05/cotrain_pi_base.yaml,resolved,,pi05/cotrain_pi_base,,,2957a1473b6073045ffaaac9f5f6b4776af002093e08dd39d2071f09badbcdb7,,
C,data/pi05/cotrain_pi_lang.yaml,resolved,,pi05/cotrain_pi_lang,,,06e942dd8e564fc2f9a3cedab457c5241f0c5e1fee66d98d9f34db1083572c72,,
C,data/pi05/cotrain_pi_lang_6d.yaml,resolved,,pi05/cotrain_pi_lang_6d,,,b9e1a7977b111cd4ba4f5413bda456d9c157fc94e0b9a9b4f78784589d93e382,,
C,data/pi05/mecka_abc_pi_6d.yaml,resolved,,pi05/mecka_abc_pi_6d,,,bde625d8b3e978224aec39961b65a11ee2f45e2a39f5e0ce0e9a0cc0143094b8,,
C,data/pi05/mecka_all_pi_6d.yaml,resolved,,pi05/mecka_all_pi_6d,,,ebcdf107be18329eb18adce698e19f60a5c4d5ecba8cba2a20641223bb3671ea,,
C,data/pi05/mecka_fold_flagship_pi_6d.yaml,resolved,,pi05/mecka_fold_flagship_pi_6d,,,4e75f1aeb9f6dceed79fb22b780dc2f8d1275710779649ee408fcff22a29f288,,
C,data/pi05/obj_gen_pi_lang.yaml,resolved,,pi05/obj_gen_pi_lang,,,9406544bc7945d5589db067cb2c49416827f318729656fb8290b8de96367946c,,
C,data/pi05/obj_gen_pi_lang_6d.yaml,resolved,,pi05/obj_gen_pi_lang_6d,,,1cd2a0d45e6e602be7f0f4577d573bd86148082fd3b8eb960dc7a1609fb52bef,,
C,data/pi05/obj_gen_pi_lang_wristframe.yaml,resolved,,pi05/obj_gen_pi_lang_wristframe,,,62de543d7c47622faf103a13067b631ed99e8efd5e9d47869b0912b199977d8b,,
C,data/pi05/obj_gen_pi_lang_wristframe_6d.yaml,resolved,,pi05/obj_gen_pi_lang_wristframe_6d,,,131929a8fd900b1ce7fbfeea2dc56d949f22777adf40e69c4afca2b71743a675,,
C,data/pusht/action_flow_unite_chain_val01_h16.yaml,resolved,bf/bf_planar_v2_dp_standard,pusht/action_flow_unite_chain_val01_h16,eval_planar_v2,3a4b6e004aca971eb36013fc081458f826a8be6595eaf041fe87de70c3f32984,705cc81ba65d389f10e5041e3034394708e2749569a617b2ed6c25dd2bf7f117,d61b10a6913df4585b4ef3cc08e489108d596ddc86329645fb686baae5e50d92,
C,data/pusht/action_flow_unite_usocket_val01_h16.yaml,resolved,bf/bf_planar_v2_dp_standard,pusht/action_flow_unite_usocket_val01_h16,eval_planar_v2,3a4b6e004aca971eb36013fc081458f826a8be6595eaf041fe87de70c3f32984,c8efffc8e17d172eba8e33a5cf608ff710b1cf9e6e5d69558fe4e46df4289a24,d61b10a6913df4585b4ef3cc08e489108d596ddc86329645fb686baae5e50d92,
C,data/pusht/action_flow_usocket_val01_h16_common4.yaml,resolved,bf/bf_planar_v2_dp_standard,pusht/action_flow_usocket_val01_h16_common4,eval_planar_v2,3a4b6e004aca971eb36013fc081458f826a8be6595eaf041fe87de70c3f32984,f569d6b86e6158a0cad95a16aa0c2849e4ce9b987619e76e36af95efe27c7e67,d61b10a6913df4585b4ef3cc08e489108d596ddc86329645fb686baae5e50d92,
C,data/pusht/planar_v2_chain_gripper.yaml,resolved,bf/bf_planar_v2_dp_standard,pusht/planar_v2_chain_gripper,eval_planar_v2,3a4b6e004aca971eb36013fc081458f826a8be6595eaf041fe87de70c3f32984,82f7a78eacf32594638861572ca0f7871da195024f5fb84e88bcfaaa08ef7670,d61b10a6913df4585b4ef3cc08e489108d596ddc86329645fb686baae5e50d92,
C,data/pusht/planar_v2_cotrain_clean.yaml,resolved,bf/bf_planar_v2_dp_standard,pusht/planar_v2_cotrain_clean,eval_planar_v2,3a4b6e004aca971eb36013fc081458f826a8be6595eaf041fe87de70c3f32984,67ef9c023787396ac552fac5d3f7eb8f326a74c81a2eb18f8e88722d9641cbe7,d61b10a6913df4585b4ef3cc08e489108d596ddc86329645fb686baae5e50d92,
C,data/pusht/planar_v2_usocket.yaml,resolved,bf/bf_planar_v2_dp_standard,pusht/planar_v2_usocket,eval_planar_v2,3a4b6e004aca971eb36013fc081458f826a8be6595eaf041fe87de70c3f32984,4cf958aae97ad64828f94e5138863be38ee60a5ad61f1bf4a79a7b2be90fb3d8,d61b10a6913df4585b4ef3cc08e489108d596ddc86329645fb686baae5e50d92,
C,data/pusht/unite_cotrain_usocket_chain_val01_h16.yaml,resolved,bf/bf_planar_v2_dp_standard,pusht/unite_cotrain_usocket_chain_val01_h16,eval_planar_v2,3a4b6e004aca971eb36013fc081458f826a8be6595eaf041fe87de70c3f32984,0504a9890948642dcf657f7db0ae6ae0ddbe047b36d1a63df022ae57b488f554,6fba7a3e63ae4917c9c235159ad585c1aa8cdfaf27473665f21690992742265d,
C,data/pusht/unite_usocket_val01_h16_per_emb_proprio.yaml,resolved,bf/bf_planar_v2_dp_standard,pusht/unite_usocket_val01_h16_per_emb_proprio,eval_planar_v2,3a4b6e004aca971eb36013fc081458f826a8be6595eaf041fe87de70c3f32984,a7c1893f5f8a480faf397489fc63edcb8b9cf2f7f07b823b33f9ae9e07ae58d1,6fba7a3e63ae4917c9c235159ad585c1aa8cdfaf27473665f21690992742265d,
C,data/scale.yaml,resolved,,scale,,,ba418b7806d92496caad811d2de176c64cf7d01b0d1ce3dee2fbfadf81333602,,
C,evaluator/e1/fold_tempo.yaml,resolved,e1/hpt_flow,e1/fold_freeform,e1/fold_tempo,0d2deaf3d41b30732b7268b1830983328ac1b81e68e8668320c0e15fbf66eda7,6059447c3b032237d0fc573aba1c7b52ec1485df114e41deae61a7420e01ef2d,776af127372bda43934b33cda235137a2dab6efcfc24b376bfe689f75a8c4fb5,
C,evaluator/eval_arc_bimanual_cartesian_D40_M100.yaml,source_error,,,eval_arc_bimanual_cartesian_D40_M100,,,,InterpolationKeyError: Interpolation key 'abc.arc_velocity_mode' not found
C,evaluator/eval_bimanual_cartesian.yaml,resolved,,,eval_bimanual_cartesian,,,80edb17228ad738f22ff9d07470673a2cfda8da2098963d3b6b671de6c95c084,
C,evaluator/eval_open_loop_sim.yaml,resolved,,,eval_open_loop_sim,,,582483b730bd60f657a06fa4dc60f4f6cf19f4476ed48b0439d2f83f1e16fa1e,
C,evaluator/eval_planar_v2.yaml,resolved,,,eval_planar_v2,,,05db0475c8b79dcf1f812522f33e378ae349d3de70d9e1261ec3c06cd1c4fcf1,
C,evaluator/pi05/eval_pi.yaml,resolved,pi05/pi0.5_bc_abc_eva_6d,pi05/abc_stationery_pi_6d,pi05/eval_pi,00515eb094693884c69a7543770caef1775c6d6f2d4ac4b54f02da9e757624d3,8e1d025590b9d18f91febb72f09463c332958d28e9dbd49fc575464cfeea8db8,2dc3f9938fa661fd9bd2b6955f790ec45a07325336a9a8c7c188e022f9ba5a71,
C,evaluator/pi05/eval_pi_camframe_6d.yaml,resolved,pi05/pi0.5_bc_abc_eva_6d,pi05/abc_stationery_pi_6d,pi05/eval_pi_camframe_6d,00515eb094693884c69a7543770caef1775c6d6f2d4ac4b54f02da9e757624d3,8e1d025590b9d18f91febb72f09463c332958d28e9dbd49fc575464cfeea8db8,9e190045e787a8bc32e93673e471233fa15ba814032be00c71b28054ca4a7b7d,
C,evaluator/pi05/eval_pi_wristframe_6d.yaml,resolved,pi05/pi0.5_bc_abc_eva_6d,pi05/abc_stationery_pi_6d,pi05/eval_pi_wristframe_6d,00515eb094693884c69a7543770caef1775c6d6f2d4ac4b54f02da9e757624d3,8e1d025590b9d18f91febb72f09463c332958d28e9dbd49fc575464cfeea8db8,42ddb00d5f5cc69d00a108df6d6e512db59d1d814f0d29d8e8bf524da8569aab,
C,evaluator/pi05/eval_pi_wristframe_6d_grip.yaml,resolved,pi05/pi0.5_bc_abc_eva_6d,pi05/abc_stationery_pi_6d,pi05/eval_pi_wristframe_6d_grip,00515eb094693884c69a7543770caef1775c6d6f2d4ac4b54f02da9e757624d3,8e1d025590b9d18f91febb72f09463c332958d28e9dbd49fc575464cfeea8db8,d0daca92dc65c5c1c00b17a040e0c4946b634ab38afc8ada722ff110eeadfe67,
C,evaluator/viz/cartesian/base.yaml,resolved,,,eval_bimanual_cartesian,,,80edb17228ad738f22ff9d07470673a2cfda8da2098963d3b6b671de6c95c084,
C,experiment/abc/yam_fstshirt_dp.yaml,resolved,abc/yam_bimanual_dp,abc_arc/abc_fstshirt_bc,,aca84f52faa6902952dea94d71ca60698ccfe9cfc2be55cca93a89e28751374c,7d7b91e11aa45a6d1eee94b439c6e18e10aca7eb94a328215313a6e2dae48464,,
C,experiment/abc/yam_fstshirt_hpt.yaml,resolved,abc/yam_bimanual_hpt,abc_arc/abc_fstshirt_bc,,3978c8bf78317cae3858f46f54963586ec7ae6e47aa8fa45f6f3ea0dd0ae7eb6,7d7b91e11aa45a6d1eee94b439c6e18e10aca7eb94a328215313a6e2dae48464,,
C,experiment/abc_arc/human_bc/mecka_fold_clothes_40h_human_visual_baseline_openloop.yaml,resolved,abc_arc/hpt_bimanual_visual,abc_arc/mecka_fold_clothes_40h_human_baseline,eval_open_loop_sim,2d809149de462b1a39345f90bfb679a70270fa6faa2bb5e948df36813e30729c,8740ee1480a789fbff4369f80ff8811ace65751a5a7f28de1ae4fde23920baf2,90d945c33137c163090cbc69507d28e4d4f01704186fb408af4ff0fc64a3e6fa,
C,experiment/abc_arc/human_bc/mecka_fold_clothes_40h_human_visual_hybrid_openloop.yaml,resolved,abc_arc/hpt_bimanual_visual,abc_arc/mecka_fold_clothes_40h_human_hybrid_D40_M100_R24deg,eval_open_loop_sim,d2bf83bb725058edcaefbc9f2e750ccfb50613a2ced519932bf4eba3aff72231,b3fc79c353f2718ea446d9d96fdd44cd53002e6ea8ea2bfa87096c4f3f25c33e,1c8d73487de0eed00472e7b2f872224156fc00035cf349134f3bcc87a9dfad43,
C,experiment/abc_arc/robot_bc/abc_multitask4_hpt300_baseline_visual_openloop.yaml,resolved,abc_arc/hpt_yam_visual,abc_arc/abc_visual,eval_open_loop_sim,92b14251b5a5e9c0b7e53cb13f9577bf41f780ccc653afb846fea64f1423c0e0,5899b311ddce40f59aa16c6322b10053f3f9ea30d8bbf53dc1e397667cf8a760,d21c0bb40158b4fa4e11c12958dfe061b38cb66ef1671e49436515a117cf3feb,
C,experiment/abc_arc/robot_bc/abc_multitask4_hpt300_hybrid_visual_openloop.yaml,resolved,abc_arc/hpt_yam_visual,abc_arc/abc_visual,eval_open_loop_sim,0d3eaa029031650235425ccb37a87b3073627334a0f64235c6cbc4215e616e13,5ea73554f8704ff0395d66f8272fe34135e331df78af57625f0094da82e52e67,d1f589d04c75f67ec0dd2246df4fd5f2b45b4372ba06e6c11a416c6eb65e3a3b,
C,experiment/abc_arc/robot_bc/abc_towels_hpt180_baseline_visual_openloop.yaml,resolved,abc_arc/hpt_yam_visual,abc_arc/abc_visual,eval_open_loop_sim,910f13c9abc249082e48651228dc36f2206b683481e8d521dcb76730c1f0d248,232009326c241a13753ddae17e1600e3b8e691e6fc0607a5e75fc0267a8eeb99,9ec8625109ed19607ac9628157a61fa7af4b9a9ccb06b5c0799cdad7b1072394,
C,experiment/abc_arc/robot_bc/abc_towels_hpt180_hybrid_visual_openloop.yaml,resolved,abc_arc/hpt_yam_visual,abc_arc/abc_visual,eval_open_loop_sim,b4ae825ca30a1ed61d9dd1f8034bf04c93990498f041f304804fc50027aefb4d,a13751b13e0279306ae556b6ff340d9afd649e2caf4d834750d0fe3a34b50076,45e7b425a53f4f3b74782f8ca580e55082b4c0a3c585329369d2e3aba161f096,
C,experiment/abc_arc/robot_bc/abc_visual_hpt300_base.yaml,resolved,abc_arc/hpt_yam_visual,abc_arc/abc_visual,eval_open_loop_sim,92b14251b5a5e9c0b7e53cb13f9577bf41f780ccc653afb846fea64f1423c0e0,4b009406e9eb21ec5c4e8406baa3e7cc333080e7542e0d37bccee3d629dfa3a3,b0f36df242a914fef81031e43ac9dd9807f2da3d25185bce0dd5c956a11b0b52,
C,experiment/abc_arc/robot_bc/stationery_rl2_hpt300_visual_baseline_openloop.yaml,resolved,abc_arc/hpt_yam_visual,abc_arc/stationery_rl2_hpt_baseline,eval_open_loop_sim,92b14251b5a5e9c0b7e53cb13f9577bf41f780ccc653afb846fea64f1423c0e0,7b2cf153f120a60e38da1a466b3f7bfad57dfaed2ed822857d9633873bca70a5,90d945c33137c163090cbc69507d28e4d4f01704186fb408af4ff0fc64a3e6fa,
C,experiment/abc_arc/robot_bc/stationery_rl2_hpt300_visual_hybrid_openloop.yaml,resolved,abc_arc/hpt_yam_visual,abc_arc/stationery_rl2_hpt_arc_hybrid_D40_M100_R24deg,eval_open_loop_sim,0d3eaa029031650235425ccb37a87b3073627334a0f64235c6cbc4215e616e13,6fabdad0d766633c9a94e01bfa71fc3a18dedd9377992e61062e209e7f308c44,1c8d73487de0eed00472e7b2f872224156fc00035cf349134f3bcc87a9dfad43,
C,experiment/e1/abc_arcdur.yaml,resolved,e1/hpt_flow,e1/abc_skirts,e1/fold_tempo,27b5d141025fcc9eeb4352959d428e921028cd2f73c15f896c84837cd0944154,0a8c4bb3c88d9e63210803238d66ae5fe3f97b8b51b48fad5695e0e41f68f427,b15499f74da5f6196c372b5ce2e1a84a490868d9670ce7b7c02bf465ca039689,
C,experiment/e1/abc_arclogdur.yaml,resolved,e1/hpt_flow,e1/abc_skirts,e1/fold_tempo,27b5d141025fcc9eeb4352959d428e921028cd2f73c15f896c84837cd0944154,e1e1d508bf42294b7054fa225f706209d73fd11c12cb3a2f5661b8ab38152ef1,20b76bf40c37caf1a2c1cec391ae5080f20cd704ab3ae0be11f26df77350a803,
C,experiment/e1/abc_arclogdur_D75.yaml,resolved,e1/hpt_flow,e1/abc_skirts,e1/fold_tempo,27b5d141025fcc9eeb4352959d428e921028cd2f73c15f896c84837cd0944154,cac818bb81c5594a5ab368da7af132cc7225dbf97b3a871dc4e5d67d647ecbe3,ac21ba7cbef1b86215b1ff19ddebdbc975e60f8d88329447e1014aff0dca2c9d,
C,experiment/e1/abc_arclogdur_fs.yaml,resolved,e1/hpt_flow,e1/abc_skirts,e1/fold_tempo,27b5d141025fcc9eeb4352959d428e921028cd2f73c15f896c84837cd0944154,1ec390e0e453fced20bc6646812bf7ae138daefaa4d1621fe7f57496578fbd5f,20b76bf40c37caf1a2c1cec391ae5080f20cd704ab3ae0be11f26df77350a803,
C,experiment/e1/abc_arcmean.yaml,resolved,e1/hpt_flow,e1/abc_skirts,e1/fold_tempo,0a7cdab92853cb4161ac601750b213067a7abf8c5034cea47386c6569a3685e8,7d956a4766e66e22d661766d931e9768d21872c3b67c1a0e4ae79aa2ed4c7bbb,92bb3386e2b01290c28b1b82b82028d9e9843dd5cb7382dd2fc2c88ac14b43e8,
C,experiment/e1/abc_arcmean_D75.yaml,resolved,e1/hpt_flow,e1/abc_skirts,e1/fold_tempo,0a7cdab92853cb4161ac601750b213067a7abf8c5034cea47386c6569a3685e8,368ddef7a0918d2a3585f605363d82604c32e9feca1429d02576fe65672ca191,680700b587d68d921ade60b834c929cae8301fe8a84c5778cfb8aa4c2bac60b3,
C,experiment/e1/abc_arcmean_fs.yaml,resolved,e1/hpt_flow,e1/abc_skirts,e1/fold_tempo,0a7cdab92853cb4161ac601750b213067a7abf8c5034cea47386c6569a3685e8,4e20685a9d735376ae6d172106f6c8c8729cce73d1c496b81d3413f53044c39e,92bb3386e2b01290c28b1b82b82028d9e9843dd5cb7382dd2fc2c88ac14b43e8,
C,experiment/e1/abc_arcvel.yaml,resolved,e1/hpt_flow,e1/abc_skirts,e1/fold_tempo,27b5d141025fcc9eeb4352959d428e921028cd2f73c15f896c84837cd0944154,0ceb563389d78a3dc781c4adf4653d2b9e79c8c5c8754187c9b527ec714a2a38,9789823cefc5aaf29a7de80fcd942e6f533e669f382bdfef93524e52aeddb659,
C,experiment/e1/abc_base.yaml,resolved,,e1/abc_skirts,e1/fold_tempo,,4e4069b19c9f2a2088b3e7f87701cf52090351a1a1f6c7104dc08b7a9730e367,776af127372bda43934b33cda235137a2dab6efcfc24b376bfe689f75a8c4fb5,
C,experiment/e1/abc_time.yaml,resolved,e1/hpt_flow,e1/abc_skirts,e1/fold_tempo,0d2deaf3d41b30732b7268b1830983328ac1b81e68e8668320c0e15fbf66eda7,4e4069b19c9f2a2088b3e7f87701cf52090351a1a1f6c7104dc08b7a9730e367,776af127372bda43934b33cda235137a2dab6efcfc24b376bfe689f75a8c4fb5,
C,experiment/e1/abcs_arclogdur.yaml,resolved,e1/hpt_flow_wrists,e1/abc_stationery,e1/fold_tempo,deb9f462c48c40739b57dea8103a565143c217926594b1def87cc4dc567ff094,7c34f79ab72220a342f5ca39c2fc066dd184564819965a49248055b4b4bb3281,20b76bf40c37caf1a2c1cec391ae5080f20cd704ab3ae0be11f26df77350a803,
C,experiment/e1/abcs_arcmean.yaml,resolved,e1/hpt_flow_wrists,e1/abc_stationery,e1/fold_tempo,6d4dcee2541401d401b9979934fc9b545f96550431a149f2b0e1cc3e3b94aca2,99350085f01e91dab8915a087698e1f2fc01fc3bed80157ed007543fd605fd3b,9ba51878d81dda2287de375a67170463e9a24fd9c1d3c6ed16b6785dadc5610f,
C,experiment/e1/abcs_base.yaml,resolved,,e1/abc_stationery,e1/fold_tempo,,175671657fa736ba2cb68286cbcebcff3f489607057f752b2cd35b2186368e0b,776af127372bda43934b33cda235137a2dab6efcfc24b376bfe689f75a8c4fb5,
C,experiment/e1/abcs_time.yaml,resolved,e1/hpt_flow_wrists,e1/abc_stationery,e1/fold_tempo,ae44ef5aeea795f2b77b4b9535441d45e22bd92eee995016506b4b97d29b7aab,175671657fa736ba2cb68286cbcebcff3f489607057f752b2cd35b2186368e0b,776af127372bda43934b33cda235137a2dab6efcfc24b376bfe689f75a8c4fb5,
C,experiment/e1/abcst_arclogdur.yaml,resolved,e1/hpt_flow,e1/abc_stationery,e1/fold_tempo,27b5d141025fcc9eeb4352959d428e921028cd2f73c15f896c84837cd0944154,e1e1d508bf42294b7054fa225f706209d73fd11c12cb3a2f5661b8ab38152ef1,20b76bf40c37caf1a2c1cec391ae5080f20cd704ab3ae0be11f26df77350a803,
C,experiment/e1/abcst_arclogdur_fs.yaml,resolved,e1/hpt_flow,e1/abc_stationery,e1/fold_tempo,27b5d141025fcc9eeb4352959d428e921028cd2f73c15f896c84837cd0944154,1ec390e0e453fced20bc6646812bf7ae138daefaa4d1621fe7f57496578fbd5f,20b76bf40c37caf1a2c1cec391ae5080f20cd704ab3ae0be11f26df77350a803,
C,experiment/e1/abcst_arcmean.yaml,resolved,e1/hpt_flow,e1/abc_stationery,e1/fold_tempo,0a7cdab92853cb4161ac601750b213067a7abf8c5034cea47386c6569a3685e8,7d956a4766e66e22d661766d931e9768d21872c3b67c1a0e4ae79aa2ed4c7bbb,92bb3386e2b01290c28b1b82b82028d9e9843dd5cb7382dd2fc2c88ac14b43e8,
C,experiment/e1/abcst_arcmean_fs.yaml,resolved,e1/hpt_flow,e1/abc_stationery,e1/fold_tempo,0a7cdab92853cb4161ac601750b213067a7abf8c5034cea47386c6569a3685e8,4e20685a9d735376ae6d172106f6c8c8729cce73d1c496b81d3413f53044c39e,92bb3386e2b01290c28b1b82b82028d9e9843dd5cb7382dd2fc2c88ac14b43e8,
C,experiment/e1/abcst_time.yaml,resolved,e1/hpt_flow,e1/abc_stationery,e1/fold_tempo,0d2deaf3d41b30732b7268b1830983328ac1b81e68e8668320c0e15fbf66eda7,4e4069b19c9f2a2088b3e7f87701cf52090351a1a1f6c7104dc08b7a9730e367,776af127372bda43934b33cda235137a2dab6efcfc24b376bfe689f75a8c4fb5,
C,experiment/e1/fold_arcdur.yaml,resolved,e1/hpt_flow,e1/fold_freeform,e1/fold_tempo,27b5d141025fcc9eeb4352959d428e921028cd2f73c15f896c84837cd0944154,4d189b989586dd2a152dcf4d592b9d3a1bac7421d87e93c92d3653e32c2b098e,b15499f74da5f6196c372b5ce2e1a84a490868d9670ce7b7c02bf465ca039689,
C,experiment/e1/fold_arclogdur.yaml,resolved,e1/hpt_flow,e1/fold_freeform,e1/fold_tempo,27b5d141025fcc9eeb4352959d428e921028cd2f73c15f896c84837cd0944154,3216459d4746de03d16c1816dd3281617034b409b523b171e0108d459f6c6627,20b76bf40c37caf1a2c1cec391ae5080f20cd704ab3ae0be11f26df77350a803,
C,experiment/e1/fold_arclogdur_ps.yaml,resolved,e1/hpt_flow,e1/fold_freeform,e1/fold_tempo,27b5d141025fcc9eeb4352959d428e921028cd2f73c15f896c84837cd0944154,cda160666389b118b2f7e4c936f2c318d2604c09341685448719a301c8d11982,9989d58232fe491322df7935e12c170835cce1677bf5f1f4a9746ccdf49162ad,
C,experiment/e1/fold_arcmean.yaml,resolved,e1/hpt_flow,e1/fold_freeform,e1/fold_tempo,0a7cdab92853cb4161ac601750b213067a7abf8c5034cea47386c6569a3685e8,94f0b3a9a70a699d22427a0ea65080b284c32cd2d8c19d5548037191a9be1ee2,92bb3386e2b01290c28b1b82b82028d9e9843dd5cb7382dd2fc2c88ac14b43e8,
C,experiment/e1/fold_arcmean_D75.yaml,resolved,e1/hpt_flow,e1/fold_freeform,e1/fold_tempo,0a7cdab92853cb4161ac601750b213067a7abf8c5034cea47386c6569a3685e8,96fc54712d56691b60252830e76f24f5b56d78b858922dd82e450f7c2259e660,680700b587d68d921ade60b834c929cae8301fe8a84c5778cfb8aa4c2bac60b3,
C,experiment/e1/fold_arcvel.yaml,resolved,e1/hpt_flow,e1/fold_freeform,e1/fold_tempo,27b5d141025fcc9eeb4352959d428e921028cd2f73c15f896c84837cd0944154,3b6fe0ffff3f34c51da86d157f684cffc4a0e33588322792c995c84b55e16543,9789823cefc5aaf29a7de80fcd942e6f533e669f382bdfef93524e52aeddb659,
C,experiment/e1/fold_base.yaml,resolved,,e1/fold_freeform,e1/fold_tempo,,6059447c3b032237d0fc573aba1c7b52ec1485df114e41deae61a7420e01ef2d,776af127372bda43934b33cda235137a2dab6efcfc24b376bfe689f75a8c4fb5,
C,experiment/e1/fold_time.yaml,resolved,e1/hpt_flow,e1/fold_freeform,e1/fold_tempo,0d2deaf3d41b30732b7268b1830983328ac1b81e68e8668320c0e15fbf66eda7,6059447c3b032237d0fc573aba1c7b52ec1485df114e41deae61a7420e01ef2d,776af127372bda43934b33cda235137a2dab6efcfc24b376bfe689f75a8c4fb5,
C,experiment/pusht/action_flow_bc_usocket_latent_fm_sg_recon1_200m_adamw_lr1e5_s42.yaml,resolved,bf/us_action_flow_bc_latent_fm_sg_200m_adamw,pusht/action_flow_usocket_val01_h16_common4,eval_planar_v2,63bdc7c188714cb3036fb91b6e7bca2b9a7d9655b5f7e043d35d9c97e7a17243,f569d6b86e6158a0cad95a16aa0c2849e4ce9b987619e76e36af95efe27c7e67,3e3523368729a430e9aba87dd0d37baf0bda90b2989e74208f8e20bc9fe398ef,
C,experiment/pusht/action_flow_bc_usocket_latent_fm_sg_recon1_200m_muon_lr1e5_s42.yaml,resolved,bf/us_action_flow_bc_latent_fm_sg_200m_muon,pusht/action_flow_usocket_val01_h16_common4,eval_planar_v2,8ea3202d1720bd5356aa36a0cfa271bdaa6f8a10fd165c9929f01d8244ff2b62,f569d6b86e6158a0cad95a16aa0c2849e4ce9b987619e76e36af95efe27c7e67,250bd59dfb88ce0df4d547182aeff46e6450f23b1bffe22b9055155e1335fee2,
C,experiment/pusht/action_flow_chain_latent_fm_sg_unite_h384_sum14_cfg4_val8_s42.yaml,resolved,bf/us_action_flow_latent_fm_sg_unite_h384,pusht/action_flow_unite_chain_val01_h16,eval_planar_v2,2d601e34ee04ac52e3ac5a3a42ccf5e5060710ca24eeecd5baeeb457091c234a,e7dbfbff9059b0e817efc3a382d845a983c21094b6818c9487d32913afc955ac,b98ffe4f8b70baa26359aef218420352ae7d926b15c9b60401e9e99cbfa93d18,
C,experiment/pusht/action_flow_usocket_candidate_common.yaml,resolved,bf/us_action_flow_latent_fm_sg_unite_h384,pusht/action_flow_usocket_val01_h16_common4,eval_planar_v2,fa2384a86c7a92fa61d7ac2c53f80c89d43877f7f5929aee0a1568920fa0c8b6,f569d6b86e6158a0cad95a16aa0c2849e4ce9b987619e76e36af95efe27c7e67,23be141b7099cf642807b590fa19b3200e202dc8071958f08c380fd6d0ddc7be,
C,experiment/pusht/action_flow_usocket_latent_fm_sg_unite_denoiser90m_sum14_cfg4_finalval1_s42.yaml,resolved,bf/us_action_flow_latent_fm_sg_unite_h384,pusht/action_flow_unite_usocket_val01_h16,eval_planar_v2,5b46d986e125e98284e4121afcfc46104af9a7f5815812a99bce72db852aa501,e2d26d68915d27b09f8f07e4ee9f6d4789a149d04c76ac74d0ce2e52a37774c7,e27d48a6d997266ff81b968330d63c729f6bee514977f7830d2c5cf9c6a582bf,
C,experiment/pusht/action_flow_usocket_latent_fm_sg_unite_h384_s42.yaml,resolved,bf/us_action_flow_latent_fm_sg_unite_h384,pusht/action_flow_unite_usocket_val01_h16,eval_planar_v2,fa2384a86c7a92fa61d7ac2c53f80c89d43877f7f5929aee0a1568920fa0c8b6,c8efffc8e17d172eba8e33a5cf608ff710b1cf9e6e5d69558fe4e46df4289a24,92528faee9823baabcf8a55f7d0486fa8061991de0afd177d3244cf3ac7c0862,
C,experiment/pusht/action_flow_usocket_latent_fm_sg_unite_h384_sum14_cfg4_val8_s42.yaml,resolved,bf/us_action_flow_latent_fm_sg_unite_h384,pusht/action_flow_unite_usocket_val01_h16,eval_planar_v2,b33ff2675a1b5c0d1794ab8ec8b36eff707b95e1fba613201c12d6ee2de73c8b,e2d26d68915d27b09f8f07e4ee9f6d4789a149d04c76ac74d0ce2e52a37774c7,49b0ca76b776809dbddcd954dc8cc4e2193c5d06a5c7755075d451d5f0e923e0,
C,experiment/pusht/action_flow_usocket_latent_fm_sg_unite_h384_sum14_cfg4_val8_scale1_s42.yaml,resolved,bf/us_action_flow_latent_fm_sg_unite_h384,pusht/action_flow_unite_usocket_val01_h16,eval_planar_v2,12381cea41ba09c1bfe5ed81122acad029b005fb8adc6b48a90ececb698a4f45,e2d26d68915d27b09f8f07e4ee9f6d4789a149d04c76ac74d0ce2e52a37774c7,38aaf13708bf5e94d450bc7e7ec317b748e485b8ff9ce7e1d0c210267936c244,
C,experiment/pusht/action_latent_vfm_usocket_val01_h16.yaml,resolved,bf/us_action_latent_vfm_nt16_d8_h512_s42,pusht/unite_usocket_val01_h16_per_emb_proprio,eval_planar_v2,cad935b7df091313460ff05bd6cd4c85a5dcffa5871d041fade7e97f16bc91bf,a7c1893f5f8a480faf397489fc63edcb8b9cf2f7f07b823b33f9ae9e07ae58d1,f3157e5b49297f0f9bbf8f4d42f26cd74848b386d7aaebe45ccde2f6c6dfa26a,
C,experiment/pusht/planar_v2_base.yaml,resolved,,,eval_planar_v2,,,05db0475c8b79dcf1f812522f33e378ae349d3de70d9e1261ec3c06cd1c4fcf1,
C,experiment/pusht/planar_v2_chain_arc_bc.yaml,resolved,bf/bf_planar_v2_flow,pusht/planar_v2_chain_gripper,eval_planar_v2,985f26e533159411284487c212213d70dcbb77a162ce2267645faa6b46b5d9ee,4fe78ca9fc0fd65c1b7953d524fd645f2e1b1b67c2ba9f197e1c58ad68fece33,a5dae4d4196fb7de0679be30cdecf2cc25e266bdb1761b3dff7e6d8bdfb7fab6,
C,experiment/pusht/planar_v2_chain_base.yaml,resolved,,pusht/planar_v2_chain_gripper,eval_planar_v2,,82f7a78eacf32594638861572ca0f7871da195024f5fb84e88bcfaaa08ef7670,05db0475c8b79dcf1f812522f33e378ae349d3de70d9e1261ec3c06cd1c4fcf1,
C,experiment/pusht/planar_v2_chain_direct_bc.yaml,resolved,bf/bf_planar_v2_flow,pusht/planar_v2_chain_gripper,eval_planar_v2,9c53e47bd67162aa68583996af220c9c7fd6a769d76eba83e9d72901ef95f720,82f7a78eacf32594638861572ca0f7871da195024f5fb84e88bcfaaa08ef7670,33824ad194f1e003b058c0a3005dc4478c21c675e2439e91ee8bc8ea153f4337,
C,experiment/pusht/planar_v2_chain_dp_paper.yaml,resolved,bf/bf_planar_v2_dp_paper,pusht/planar_v2_chain_gripper,eval_planar_v2,3da30853b12192b02a8351d2da5b0163e86bfa25780e0b21ac2e720f2c5480cd,71d954b75a638d309eae81b66791dc02f21e8fe1f37bd15ad7a98c3a1a2861e3,33824ad194f1e003b058c0a3005dc4478c21c675e2439e91ee8bc8ea153f4337,
C,experiment/pusht/planar_v2_chain_dp_standard.yaml,resolved,bf/bf_planar_v2_dp_standard,pusht/planar_v2_chain_gripper,eval_planar_v2,3a4b6e004aca971eb36013fc081458f826a8be6595eaf041fe87de70c3f32984,82f7a78eacf32594638861572ca0f7871da195024f5fb84e88bcfaaa08ef7670,33824ad194f1e003b058c0a3005dc4478c21c675e2439e91ee8bc8ea153f4337,
C,experiment/pusht/planar_v2_cotrain_clean_dp_standard.yaml,resolved,bf/bf_planar_v2_dp_standard,pusht/planar_v2_cotrain_clean,eval_planar_v2,3a4b6e004aca971eb36013fc081458f826a8be6595eaf041fe87de70c3f32984,67ef9c023787396ac552fac5d3f7eb8f326a74c81a2eb18f8e88722d9641cbe7,6ffd7117c091047bd56ae47fe35ae4a8941b175385d016283727be027ceac0fa,
C,experiment/pusht/planar_v2_usocket_arc_bc.yaml,resolved,bf/bf_planar_v2_flow,pusht/planar_v2_usocket,eval_planar_v2,229a1d1d93e18f5c5081640742de3980de496197058bfe705a50b08dd7531aa5,0978234567ee17e331211a42548e0869621df155d947982855bdc5bd9037af1a,9900196c870244d46f26a5546ab24fd411f93159e24ef574c6f09f183c07db61,
C,experiment/pusht/planar_v2_usocket_arc_graph_tok.yaml,resolved,bf/bf_planar_v2_arc_graph_tok,pusht/planar_v2_usocket,eval_planar_v2,5696fa8279b0de797a60f1b0b9914bedc8b1b312742aa32fc3b4fbad25f43bd7,83cb677bf97089b7b3d747001d82481d07425ef7faf8caec5233c169d9670450,55698a7412d8c4943d356ccf03df0bcc499258106acb89c3381b8ab39602bd43,
C,experiment/pusht/planar_v2_usocket_arc_hybrid_D40_M16_R24deg_bc.yaml,resolved,bf/bf_planar_v2_flow,pusht/planar_v2_usocket,eval_planar_v2,71df120efd2dd6d9a6022da28dc810e0a7eece76fce8d93469f3d4706ecd0f69,13deda147265a70b10cac322e813bce18ed77d73162cf50f04c533c9f7773e61,9ed9b1979edc27d0276c7a7e2b4c8e1bde56c1d4fafa96508c09e87fbd09ff6c,
C,experiment/pusht/planar_v2_usocket_arc_paper_curvature_D40_M16_R24deg.yaml,resolved,bf/bf_planar_v2_dp_paper,pusht/planar_v2_usocket,eval_planar_v2,a818348b9fb77681119a37ff9767d49feba1fedf06d8feea34b368bd34bedada,1e9e8a4613d026299acd31c731f3d7357b821dcc3856afb977b4a5ff8d9764d5,dfb3114f596d90aecd7a2af7676e01919c679cbcb5d88a92ecaf2e9af2d5ff09,
C,experiment/pusht/planar_v2_usocket_arc_paper_uniform_D40_M16_R24deg.yaml,resolved,bf/bf_planar_v2_dp_paper,pusht/planar_v2_usocket,eval_planar_v2,a818348b9fb77681119a37ff9767d49feba1fedf06d8feea34b368bd34bedada,8ece0763aa049dd9d70d24e96987f71456e8d3a7ffcde2f8239eaa9da72a9031,d65c9a7b3d4db19ebdb9477de00b6ded31dcd22a65d0505e79186b74b4f70580,
C,experiment/pusht/planar_v2_usocket_base.yaml,resolved,,pusht/planar_v2_usocket,eval_planar_v2,,4cf958aae97ad64828f94e5138863be38ee60a5ad61f1bf4a79a7b2be90fb3d8,41965dda83762c5a35c1ea9bf6d00d7f855f3397487b6a65d15c6aa1af64e6fb,
C,experiment/pusht/planar_v2_usocket_direct_bc.yaml,resolved,bf/bf_planar_v2_flow,pusht/planar_v2_usocket,eval_planar_v2,7b9460af44756bd0f7f15016d9782689cef71ca76d5361ca48d57bfda4bc189d,4cf958aae97ad64828f94e5138863be38ee60a5ad61f1bf4a79a7b2be90fb3d8,8cc204b2f37fc92865174d4a7a3f08a4bda5df2b6b7f198f7b40c0048545b460,
C,experiment/pusht/planar_v2_usocket_dp_paper.yaml,resolved,bf/bf_planar_v2_dp_paper,pusht/planar_v2_usocket,eval_planar_v2,3da30853b12192b02a8351d2da5b0163e86bfa25780e0b21ac2e720f2c5480cd,16f68a2ec22eabde47898a3d5451e55b57d486a723244dd86bb4683f8c2e09c5,9b18148562a775294caa3f266a2fbcc510f7f15e63572743aebac7c80cc81349,
C,experiment/pusht/planar_v2_usocket_dp_standard.yaml,resolved,bf/bf_planar_v2_dp_standard,pusht/planar_v2_usocket,eval_planar_v2,3a4b6e004aca971eb36013fc081458f826a8be6595eaf041fe87de70c3f32984,4cf958aae97ad64828f94e5138863be38ee60a5ad61f1bf4a79a7b2be90fb3d8,5983fd646e583c8999e3e2b3d5a89d8df71afa046841047fb65cd9dbeea554a9,
C,experiment/pusht/unite_cotrain_usocket_chain_val01_h16.yaml,resolved,bf/ct_unite_register_separate_nt8_h384_s42,pusht/unite_cotrain_usocket_chain_val01_h16,eval_planar_v2,53cbff5814c99608f7743d958cbe29e94a69ab966ba36e76dc5125d447e4121a,0504a9890948642dcf657f7db0ae6ae0ddbe047b36d1a63df022ae57b488f554,111dc2ac501068c76de3ac93a3204e13fb2c381196a0043510fc5cf21fef8466,
C,experiment/pusht/unite_usocket_register_sweep_val01_h16.yaml,resolved,bf/us_unite_register_shared_nt4_s42,pusht/unite_usocket_val01_h16_per_emb_proprio,eval_planar_v2,91a88275147e74bc7aef53ac01b507b00e155a625acf7ee45f40865dbeb715e9,a7c1893f5f8a480faf397489fc63edcb8b9cf2f7f07b823b33f9ae9e07ae58d1,eb6823aadfcf14dc3d95d000105e62ea06cba63acad92569ead96e82247d5b62,
C,experiment/weighted_cotrain.yaml,resolved,,,,546348225bc97d84b4ef3dd84c5c5c9f2f491d4ab7074f1352cf430307cf5ad4,7ed17a159239ab49f14821227fb0b86aecac57f01959a768cbe9caa3b60f2f2e,,
C,experiment/yam_arc_grid/arcpre_abc_arcdur.yaml,resolved,e1/hpt_flow_wrists_ft_arcdur,abc_arc/arcpre_abc_data,,5b479fec53f65bb044ed7e6cf485c03a735e0916e12d69f1151079e653cc0027,4b126f75de4e39e3869cf312340afddf96107d2748380b8fb8af1fb784975946,74234e98afe7498fb5daf1f36ac2d78acc339464f950703b8c019892f982b90b,
C,experiment/yam_arc_grid/arcpre_abcrl2_arcdur.yaml,resolved,e1/hpt_flow_wrists_ft_arcdur,abc_arc/arcpre_abcrl2_data,,5b479fec53f65bb044ed7e6cf485c03a735e0916e12d69f1151079e653cc0027,28d5b80500695f96bd07f0ff51097ece03f52d060e56689344ad089525952485,74234e98afe7498fb5daf1f36ac2d78acc339464f950703b8c019892f982b90b,
C,experiment/yam_arc_grid/base_abc_towels_arcdur.yaml,resolved,e1/hpt_flow_wrists_ft_arcdur,abc_arc/towels_abc_arcdur,,5b479fec53f65bb044ed7e6cf485c03a735e0916e12d69f1151079e653cc0027,a4d784972d95bdb10a18b25720a037d374549ca33c550f0966242fd521c6b11b,74234e98afe7498fb5daf1f36ac2d78acc339464f950703b8c019892f982b90b,
C,experiment/yam_arc_grid/base_abc_towels_time.yaml,resolved,e1/hpt_flow_wrists_ft,abc_arc/towels_abc_time,,7da31cfb1aa5301fe5bb68636ce314e66f7c9c808aa7099ed032447b9648f624,ef2415ab6407e0a7b9421a71f2a6782ebcc4b86234a37674a078692cb374092e,9e9c3645c83625cde5fbf3c154e9198f18d68be277d4730d2255ad553e6050c8,
C,experiment/yam_arc_grid/mix4060_towels394_arcdur_lambda.yaml,resolved,e1/hpt_flow_wrists_ft_arcdur,abc_arc/towels_mix4060_arcdur_lambda,,5b479fec53f65bb044ed7e6cf485c03a735e0916e12d69f1151079e653cc0027,dcbc111883b7943259c307929f8795108ac14ceea26d862f8226832bb8b7fbaf,b15499f74da5f6196c372b5ce2e1a84a490868d9670ce7b7c02bf465ca039689,
C,experiment/yam_arc_grid/mix4060_towels394_arcvel_lambda.yaml,resolved,e1/hpt_flow_wrists_ft_arcdur,abc_arc/towels_mix4060_arcvel_lambda,,5b479fec53f65bb044ed7e6cf485c03a735e0916e12d69f1151079e653cc0027,6484e4fbb9e6fe1a21cdec736324819e2ea0d7d4da0ef41b12dae94a237b714d,9789823cefc5aaf29a7de80fcd942e6f533e669f382bdfef93524e52aeddb659,
C,experiment/yam_arc_grid/mix4060_towels394_time_lambda.yaml,resolved,e1/hpt_flow_wrists_ft,abc_arc/towels_mix4060_time_lambda,,7da31cfb1aa5301fe5bb68636ce314e66f7c9c808aa7099ed032447b9648f624,0361e44a53195f9cc91b2042daaf7748fc541ded6095e24a20b0e7ca773c2908,776af127372bda43934b33cda235137a2dab6efcfc24b376bfe689f75a8c4fb5,
C,experiment/yam_arc_grid/norm_mix4060_towels394_arcdur_lambda.yaml,resolved,e1/hpt_flow_wrists_ft_arcdur,abc_arc/towels_mix4060_normpool_arcdur_lambda,,5b479fec53f65bb044ed7e6cf485c03a735e0916e12d69f1151079e653cc0027,a8aadf6026753c34a1b9a1303f147cc809d4cbb5777b3cd8ebfa63315d42cc56,b15499f74da5f6196c372b5ce2e1a84a490868d9670ce7b7c02bf465ca039689,
C,experiment/yam_arc_grid/norm_mix4060_towels394_arcvel_lambda.yaml,resolved,e1/hpt_flow_wrists_ft_arcdur,abc_arc/towels_mix4060_normpool_arcvel_lambda,,5b479fec53f65bb044ed7e6cf485c03a735e0916e12d69f1151079e653cc0027,24e4f60ec0d55de6925814e08ab31468d4587b6aa0ca6c02da0475624492015c,9789823cefc5aaf29a7de80fcd942e6f533e669f382bdfef93524e52aeddb659,
C,experiment/yam_arc_grid/norm_mix4060_towels394_time_lambda.yaml,resolved,e1/hpt_flow_wrists_ft,abc_arc/towels_mix4060_normpool_time_lambda,,7da31cfb1aa5301fe5bb68636ce314e66f7c9c808aa7099ed032447b9648f624,925304b32604c4294ef32b2bc75c26309cab28246109acfa44844199e1f2a1dd,776af127372bda43934b33cda235137a2dab6efcfc24b376bfe689f75a8c4fb5,
C,experiment/yam_arc_grid/scratch_mix5050_stationery_arcdur.yaml,resolved,e1/hpt_flow_wrists_ft_arcdur,abc_arc/stationery_mix5050_arcdur,,5b479fec53f65bb044ed7e6cf485c03a735e0916e12d69f1151079e653cc0027,71f391d9da18a7fbff5c69157dd20254e8d7f031063862319d5a7af66ace5b47,b15499f74da5f6196c372b5ce2e1a84a490868d9670ce7b7c02bf465ca039689,
C,experiment/yam_arc_grid/scratch_mix5050_stationery_arcvel.yaml,resolved,e1/hpt_flow_wrists_ft_arcdur,abc_arc/stationery_mix5050_arcvel,,5b479fec53f65bb044ed7e6cf485c03a735e0916e12d69f1151079e653cc0027,0449a2cc0a36bb9e38fbda74f7192ee5b1274f4c2b643beda3033d98cef6a3fd,9789823cefc5aaf29a7de80fcd942e6f533e669f382bdfef93524e52aeddb659,
C,experiment/yam_arc_grid/scratch_mix5050_stationery_time.yaml,resolved,e1/hpt_flow_wrists_ft,abc_arc/stationery_mix5050_time,,7da31cfb1aa5301fe5bb68636ce314e66f7c9c808aa7099ed032447b9648f624,db697d4542b3674691f9ca7bda4dec7c7566bb73adeb9ec04df6ada7701d1740,9e9c3645c83625cde5fbf3c154e9198f18d68be277d4730d2255ad553e6050c8,
C,experiment/yam_arc_grid/scratch_mix5050_towels_arcdur.yaml,resolved,e1/hpt_flow_wrists_ft_arcdur,abc_arc/towels_mix5050_arcdur,,5b479fec53f65bb044ed7e6cf485c03a735e0916e12d69f1151079e653cc0027,1e0ebbd5dbe1cb099c23696af7777abdd7932ccd767a874160cb4246dda93441,b15499f74da5f6196c372b5ce2e1a84a490868d9670ce7b7c02bf465ca039689,
C,experiment/yam_arc_grid/scratch_mix5050_towels_arcvel.yaml,resolved,e1/hpt_flow_wrists_ft_arcdur,abc_arc/towels_mix5050_arcvel,,5b479fec53f65bb044ed7e6cf485c03a735e0916e12d69f1151079e653cc0027,8ec70bd52fa1c04a42fa931f339fd4965c1b8615d7fab6455ae27bb559381d3d,9789823cefc5aaf29a7de80fcd942e6f533e669f382bdfef93524e52aeddb659,
C,experiment/yam_arc_grid/scratch_mix5050_towels_time.yaml,resolved,e1/hpt_flow_wrists_ft,abc_arc/towels_mix5050_time,,7da31cfb1aa5301fe5bb68636ce314e66f7c9c808aa7099ed032447b9648f624,c6644f4222b96c7d12797f07176889b91acf79efa4793e5ec0c8886a39b2f705,9e9c3645c83625cde5fbf3c154e9198f18d68be277d4730d2255ad553e6050c8,
C,experiment/yam_arc_grid/scratch_mix_stationery_arcvel.yaml,resolved,e1/hpt_flow_wrists_ft_arcdur,abc_arc/stationery_mix_arcvel,,5b479fec53f65bb044ed7e6cf485c03a735e0916e12d69f1151079e653cc0027,703191662b42cf2804875030ef5c74c585cde5304cad060c91a564b3ea55adaf,74234e98afe7498fb5daf1f36ac2d78acc339464f950703b8c019892f982b90b,
C,experiment/yam_arc_grid/scratch_mix_stationery_time.yaml,resolved,e1/hpt_flow_wrists_ft,abc_arc/stationery_mix_time,,7da31cfb1aa5301fe5bb68636ce314e66f7c9c808aa7099ed032447b9648f624,126be0394fe03b16212df25e9548f87e7297794d933f731a84f87950dea66eaa,9e9c3645c83625cde5fbf3c154e9198f18d68be277d4730d2255ad553e6050c8,
C,experiment/yam_arc_grid/scratch_mix_towels_arcvel.yaml,resolved,e1/hpt_flow_wrists_ft_arcdur,abc_arc/towels_mix_arcvel,,5b479fec53f65bb044ed7e6cf485c03a735e0916e12d69f1151079e653cc0027,d147127396c226de60dad7ba92082b61b9ac93cffda6f60a7f2d6d494d2d81c2,74234e98afe7498fb5daf1f36ac2d78acc339464f950703b8c019892f982b90b,
C,experiment/yam_arc_grid/scratch_mix_towels_time.yaml,resolved,e1/hpt_flow_wrists_ft,abc_arc/towels_mix_time,,7da31cfb1aa5301fe5bb68636ce314e66f7c9c808aa7099ed032447b9648f624,b00278758c791a7345d1dce26333d635ecaf3b236494e0002b0ae1ffeebc0651,9e9c3645c83625cde5fbf3c154e9198f18d68be277d4730d2255ad553e6050c8,
C,experiment/yam_arc_grid/scratch_rl2_stationery_arcdur.yaml,resolved,e1/hpt_flow_wrists_ft_arcdur,abc_arc/stationery_ft_arcdur,,5b479fec53f65bb044ed7e6cf485c03a735e0916e12d69f1151079e653cc0027,ba559715d0c4ef3961d52e4cdcb3a019a8b8f3d5b3339ea4c0104dd12494d689,74234e98afe7498fb5daf1f36ac2d78acc339464f950703b8c019892f982b90b,
C,experiment/yam_arc_grid/scratch_rl2_stationery_time.yaml,resolved,e1/hpt_flow_wrists_ft,abc_arc/stationery_ft_time,,7da31cfb1aa5301fe5bb68636ce314e66f7c9c808aa7099ed032447b9648f624,b81f05e8ca3c3ed48d91f5ffc675dfdd9013044617830e7523a94ff9c1871330,9e9c3645c83625cde5fbf3c154e9198f18d68be277d4730d2255ad553e6050c8,
C,experiment/yam_arc_grid/scratch_rl2_stattempo_all_arcdur.yaml,resolved,e1/hpt_flow_wrists_ft_arcdur,abc_arc/stationery_tempo_all_arcdur,,5b479fec53f65bb044ed7e6cf485c03a735e0916e12d69f1151079e653cc0027,970c3e43f1b776e189a680247bbf57dc4ba93761be70cf732201bd15abed9d35,b15499f74da5f6196c372b5ce2e1a84a490868d9670ce7b7c02bf465ca039689,
C,experiment/yam_arc_grid/scratch_rl2_stattempo_all_time.yaml,resolved,e1/hpt_flow_wrists_ft,abc_arc/stationery_tempo_all_time,,7da31cfb1aa5301fe5bb68636ce314e66f7c9c808aa7099ed032447b9648f624,0e8ca83a16ad09884140894a2011ddd264820ab35ca524adf68f1e8ce058c389,776af127372bda43934b33cda235137a2dab6efcfc24b376bfe689f75a8c4fb5,
C,experiment/yam_arc_grid/scratch_rl2_stattempo_fast_arcdur.yaml,resolved,e1/hpt_flow_wrists_ft_arcdur,abc_arc/stationery_tempo_fast_arcdur,,5b479fec53f65bb044ed7e6cf485c03a735e0916e12d69f1151079e653cc0027,731c11be30fe7b618f03a100dea9b3c7310b162bebe8755993626bfcf696e2e4,b15499f74da5f6196c372b5ce2e1a84a490868d9670ce7b7c02bf465ca039689,
C,experiment/yam_arc_grid/scratch_rl2_stattempo_fast_arcdur_lambda.yaml,resolved,e1/hpt_flow_wrists_ft_arcdur,abc_arc/stationery_tempo_fast_arcdur_lambda,,5b479fec53f65bb044ed7e6cf485c03a735e0916e12d69f1151079e653cc0027,dac282cb316067f329fa8800289b8c24a1a6c1f4b4eead4966427a7fe69cd50d,b15499f74da5f6196c372b5ce2e1a84a490868d9670ce7b7c02bf465ca039689,
C,experiment/yam_arc_grid/scratch_rl2_stattempo_fast_time.yaml,resolved,e1/hpt_flow_wrists_ft,abc_arc/stationery_tempo_fast_time,,7da31cfb1aa5301fe5bb68636ce314e66f7c9c808aa7099ed032447b9648f624,2fcc6583c4bd472aa6ed3224d970c2b32aed26c361e82cff0b3c66521d719dfb,776af127372bda43934b33cda235137a2dab6efcfc24b376bfe689f75a8c4fb5,
C,experiment/yam_arc_grid/scratch_rl2_stattempo_fast_time_lambda.yaml,resolved,e1/hpt_flow_wrists_ft,abc_arc/stationery_tempo_fast_time_lambda,,7da31cfb1aa5301fe5bb68636ce314e66f7c9c808aa7099ed032447b9648f624,5e121c2327c869e45c612f61d9fcb071b4534663be1201c308723c39e66c3102,776af127372bda43934b33cda235137a2dab6efcfc24b376bfe689f75a8c4fb5,
C,experiment/yam_arc_grid/scratch_rl2_stattempo_medium_arcdur.yaml,resolved,e1/hpt_flow_wrists_ft_arcdur,abc_arc/stationery_tempo_medium_arcdur,,5b479fec53f65bb044ed7e6cf485c03a735e0916e12d69f1151079e653cc0027,07cc2d52183f4e40000db1d9973073bf6025475c5d0da1cc593089488d9423f7,b15499f74da5f6196c372b5ce2e1a84a490868d9670ce7b7c02bf465ca039689,
C,experiment/yam_arc_grid/scratch_rl2_stattempo_medium_arcdur_lambda.yaml,resolved,e1/hpt_flow_wrists_ft_arcdur,abc_arc/stationery_tempo_medium_arcdur_lambda,,5b479fec53f65bb044ed7e6cf485c03a735e0916e12d69f1151079e653cc0027,7ed09dfef814d6f741af7a352bfc9d4d525d31fb4cb9713f2f554dec942bc554,b15499f74da5f6196c372b5ce2e1a84a490868d9670ce7b7c02bf465ca039689,
C,experiment/yam_arc_grid/scratch_rl2_stattempo_medium_time.yaml,resolved,e1/hpt_flow_wrists_ft,abc_arc/stationery_tempo_medium_time,,7da31cfb1aa5301fe5bb68636ce314e66f7c9c808aa7099ed032447b9648f624,c23a7f1994251796c136566d63d1280d528b317c2175d79680ead1a9acc01d77,776af127372bda43934b33cda235137a2dab6efcfc24b376bfe689f75a8c4fb5,
C,experiment/yam_arc_grid/scratch_rl2_stattempo_medium_time_lambda.yaml,resolved,e1/hpt_flow_wrists_ft,abc_arc/stationery_tempo_medium_time_lambda,,7da31cfb1aa5301fe5bb68636ce314e66f7c9c808aa7099ed032447b9648f624,6a8d0d67514a97fd6d223d7ae81f4e82cbcbb5422000051f6b3dc2ec6cc6568d,776af127372bda43934b33cda235137a2dab6efcfc24b376bfe689f75a8c4fb5,
C,experiment/yam_arc_grid/scratch_rl2_stattempo_mixed_arcdur.yaml,resolved,e1/hpt_flow_wrists_ft_arcdur,abc_arc/stationery_tempo_mixed_arcdur,,5b479fec53f65bb044ed7e6cf485c03a735e0916e12d69f1151079e653cc0027,6e9f9082407797f2b82e7c10d7e444d30d009c797cbae6ac393789ffaddccf3a,b15499f74da5f6196c372b5ce2e1a84a490868d9670ce7b7c02bf465ca039689,
C,experiment/yam_arc_grid/scratch_rl2_stattempo_mixed_arcdur_lambda.yaml,resolved,e1/hpt_flow_wrists_ft_arcdur,abc_arc/stationery_tempo_mixed_arcdur_lambda,,5b479fec53f65bb044ed7e6cf485c03a735e0916e12d69f1151079e653cc0027,2977fa9fa83fe294bc1abeb5db1a960d741cd093561996ad37757523ed773ca8,b15499f74da5f6196c372b5ce2e1a84a490868d9670ce7b7c02bf465ca039689,
C,experiment/yam_arc_grid/scratch_rl2_stattempo_mixed_time.yaml,resolved,e1/hpt_flow_wrists_ft,abc_arc/stationery_tempo_mixed_time,,7da31cfb1aa5301fe5bb68636ce314e66f7c9c808aa7099ed032447b9648f624,4372eedb22cd77d08e38050c6f5b278a242f0570503058643d1a32a6a752787e,776af127372bda43934b33cda235137a2dab6efcfc24b376bfe689f75a8c4fb5,
C,experiment/yam_arc_grid/scratch_rl2_stattempo_mixed_time_lambda.yaml,resolved,e1/hpt_flow_wrists_ft,abc_arc/stationery_tempo_mixed_time_lambda,,7da31cfb1aa5301fe5bb68636ce314e66f7c9c808aa7099ed032447b9648f624,16293b3ff60f8af0157f5a5211a4f8bdec0d7ba3cc9843b3875611050f44b0d7,776af127372bda43934b33cda235137a2dab6efcfc24b376bfe689f75a8c4fb5,
C,experiment/yam_arc_grid/scratch_rl2_stattempo_slow_arcdur.yaml,resolved,e1/hpt_flow_wrists_ft_arcdur,abc_arc/stationery_tempo_slow_arcdur,,5b479fec53f65bb044ed7e6cf485c03a735e0916e12d69f1151079e653cc0027,78ece0be85f60ba007f5803ba6a90f16325868d1504c98ca716188c8033c8b7c,b15499f74da5f6196c372b5ce2e1a84a490868d9670ce7b7c02bf465ca039689,
C,experiment/yam_arc_grid/scratch_rl2_stattempo_slow_arcdur_lambda.yaml,resolved,e1/hpt_flow_wrists_ft_arcdur,abc_arc/stationery_tempo_slow_arcdur_lambda,,5b479fec53f65bb044ed7e6cf485c03a735e0916e12d69f1151079e653cc0027,439e25258108fa9035bcc16a0ad02b7e7d2b3fdb40a855408b1e06a3aca5ca3f,b15499f74da5f6196c372b5ce2e1a84a490868d9670ce7b7c02bf465ca039689,
C,experiment/yam_arc_grid/scratch_rl2_stattempo_slow_time.yaml,resolved,e1/hpt_flow_wrists_ft,abc_arc/stationery_tempo_slow_time,,7da31cfb1aa5301fe5bb68636ce314e66f7c9c808aa7099ed032447b9648f624,747f13976654b1914092f1f31e85bc4c9a8c0083349304f28e87a78078089acd,776af127372bda43934b33cda235137a2dab6efcfc24b376bfe689f75a8c4fb5,
C,experiment/yam_arc_grid/scratch_rl2_stattempo_slow_time_lambda.yaml,resolved,e1/hpt_flow_wrists_ft,abc_arc/stationery_tempo_slow_time_lambda,,7da31cfb1aa5301fe5bb68636ce314e66f7c9c808aa7099ed032447b9648f624,44af02ec9f2f4b8358851061d336022b5de5a768abcba28db7af3ddd8e5a0e95,776af127372bda43934b33cda235137a2dab6efcfc24b376bfe689f75a8c4fb5,
C,experiment/yam_arc_grid/scratch_rl2_stattempo_slowpace_arcdur.yaml,resolved,e1/hpt_flow_wrists_ft_arcdur,abc_arc/stationery_tempo_slowpace_arcdur,,5b479fec53f65bb044ed7e6cf485c03a735e0916e12d69f1151079e653cc0027,05b95b2f61c8efb722c20de8b23d28c4686c9eabf1f13b02c615837f798dd68d,b15499f74da5f6196c372b5ce2e1a84a490868d9670ce7b7c02bf465ca039689,
C,experiment/yam_arc_grid/scratch_rl2_stattempo_slowpace_time.yaml,resolved,e1/hpt_flow_wrists_ft,abc_arc/stationery_tempo_slowpace_time,,7da31cfb1aa5301fe5bb68636ce314e66f7c9c808aa7099ed032447b9648f624,6c31a579ab68842f2c1d0859a4ebfa1f54657f84a1c32bc95736c925edc17a8b,776af127372bda43934b33cda235137a2dab6efcfc24b376bfe689f75a8c4fb5,
C,experiment/yam_arc_grid/scratch_rl2_towels298_arcdur.yaml,resolved,e1/hpt_flow_wrists_ft_arcdur,abc_arc/towels_rl2_298_arcdur,,5b479fec53f65bb044ed7e6cf485c03a735e0916e12d69f1151079e653cc0027,0b9954bf161eee1f6da0dbcf4fff20859e42accc96bb1bdf78797ccb50da8d73,b15499f74da5f6196c372b5ce2e1a84a490868d9670ce7b7c02bf465ca039689,
C,experiment/yam_arc_grid/scratch_rl2_towels298_arcvel.yaml,resolved,e1/hpt_flow_wrists_ft_arcdur,abc_arc/towels_rl2_298_arcvel,,5b479fec53f65bb044ed7e6cf485c03a735e0916e12d69f1151079e653cc0027,4c1ff0b7c85992462bf95e7a0f01755f84a0eb5b97ed5ff7ee41b920c829c966,9789823cefc5aaf29a7de80fcd942e6f533e669f382bdfef93524e52aeddb659,
C,experiment/yam_arc_grid/scratch_rl2_towels298_time.yaml,resolved,e1/hpt_flow_wrists_ft,abc_arc/towels_rl2_298_time,,7da31cfb1aa5301fe5bb68636ce314e66f7c9c808aa7099ed032447b9648f624,44cc8c6242dda7c355caaf92592db6f32f2791f47790faf7d11783d0435662da,776af127372bda43934b33cda235137a2dab6efcfc24b376bfe689f75a8c4fb5,
C,experiment/yam_arc_grid/scratch_rl2_towels394_arcdur.yaml,resolved,e1/hpt_flow_wrists_ft_arcdur,abc_arc/towels_rl2_394_arcdur,,5b479fec53f65bb044ed7e6cf485c03a735e0916e12d69f1151079e653cc0027,cd727b81d93a5e3399b329c6722c19b9a8273280169ccf7e7c0a41118dc566d6,b15499f74da5f6196c372b5ce2e1a84a490868d9670ce7b7c02bf465ca039689,
C,experiment/yam_arc_grid/scratch_rl2_towels394_arcdur_dp300_lambda.yaml,resolved,e1/dp300_wrists_arcdur,abc_arc/towels_rl2_394_arcdur_lambda,,f168d73b4c4409f55901ae5c2b84291c60a066cf652d2ad0fa515a77112c67de,a57ab82665a17b65ef4c9ea1393ea4aee6f4f997572ff72f4251a776a078acf1,b15499f74da5f6196c372b5ce2e1a84a490868d9670ce7b7c02bf465ca039689,
C,experiment/yam_arc_grid/scratch_rl2_towels394_arcdur_dp300pt_lambda.yaml,resolved,e1/dp300pt_wrists_arcdur,abc_arc/towels_rl2_394_arcdur_lambda,,f56cac21c0728b8b72e3a0b81dcbcf5844a340d3aefcd410199f5922daf695e7,a57ab82665a17b65ef4c9ea1393ea4aee6f4f997572ff72f4251a776a078acf1,b15499f74da5f6196c372b5ce2e1a84a490868d9670ce7b7c02bf465ca039689,
C,experiment/yam_arc_grid/scratch_rl2_towels394_arcdur_hpt300_lambda.yaml,resolved,e1/hpt300_flow_wrists_arcdur,abc_arc/towels_rl2_394_arcdur_lambda,,53609450b62db1c749081cdff9b0ac5a4e781d8ef77689e01117eac520221cdf,a57ab82665a17b65ef4c9ea1393ea4aee6f4f997572ff72f4251a776a078acf1,b15499f74da5f6196c372b5ce2e1a84a490868d9670ce7b7c02bf465ca039689,
C,experiment/yam_arc_grid/scratch_rl2_towels394_arcdur_lambda.yaml,resolved,e1/hpt_flow_wrists_ft_arcdur,abc_arc/towels_rl2_394_arcdur_lambda,,5b479fec53f65bb044ed7e6cf485c03a735e0916e12d69f1151079e653cc0027,a57ab82665a17b65ef4c9ea1393ea4aee6f4f997572ff72f4251a776a078acf1,b15499f74da5f6196c372b5ce2e1a84a490868d9670ce7b7c02bf465ca039689,
C,experiment/yam_arc_grid/scratch_rl2_towels394_arcdur_w400_lambda.yaml,resolved,e1/hpt_flow_wrists_ft_arcdur,abc_arc/towels_rl2_394_arcdur_w400_lambda,,5b479fec53f65bb044ed7e6cf485c03a735e0916e12d69f1151079e653cc0027,ead2ff409b0f13d7db4426e51d9e526e7d0256f9ee5758cdedebc2aee29dde41,b15499f74da5f6196c372b5ce2e1a84a490868d9670ce7b7c02bf465ca039689,
C,experiment/yam_arc_grid/scratch_rl2_towels394_arcvel.yaml,resolved,e1/hpt_flow_wrists_ft_arcdur,abc_arc/towels_rl2_394_arcvel,,5b479fec53f65bb044ed7e6cf485c03a735e0916e12d69f1151079e653cc0027,447fc1e46bd54b7622ce53e6ba802c089d78bbdafc4f4fc91f328dd659255e8a,9789823cefc5aaf29a7de80fcd942e6f533e669f382bdfef93524e52aeddb659,
C,experiment/yam_arc_grid/scratch_rl2_towels394_arcvel_lambda.yaml,resolved,e1/hpt_flow_wrists_ft_arcdur,abc_arc/towels_rl2_394_arcvel_lambda,,5b479fec53f65bb044ed7e6cf485c03a735e0916e12d69f1151079e653cc0027,bdb59fa33e47e24c7daec47279cc2d26711c61420a038bb9cb6291d97fae6050,9789823cefc5aaf29a7de80fcd942e6f533e669f382bdfef93524e52aeddb659,
C,experiment/yam_arc_grid/scratch_rl2_towels394_time.yaml,resolved,e1/hpt_flow_wrists_ft,abc_arc/towels_rl2_394_time,,7da31cfb1aa5301fe5bb68636ce314e66f7c9c808aa7099ed032447b9648f624,ecf53eddfce83d199b70c2e408efc64b18b7ed278091b58700360d7421e4d139,776af127372bda43934b33cda235137a2dab6efcfc24b376bfe689f75a8c4fb5,
C,experiment/yam_arc_grid/scratch_rl2_towels394_time_lambda.yaml,resolved,e1/hpt_flow_wrists_ft,abc_arc/towels_rl2_394_time_lambda,,7da31cfb1aa5301fe5bb68636ce314e66f7c9c808aa7099ed032447b9648f624,43228299da34b782aa23ce24d031789303d3a40d61992c187908ad3006c6fe5b,776af127372bda43934b33cda235137a2dab6efcfc24b376bfe689f75a8c4fb5,
C,experiment/yam_arc_grid/scratch_rl2_towels_arcdur.yaml,resolved,e1/hpt_flow_wrists_ft_arcdur,abc_arc/towels_rl2_arcdur,,5b479fec53f65bb044ed7e6cf485c03a735e0916e12d69f1151079e653cc0027,77665057bb528a31aa466ef0d1d19d7ff626cd1e920cd538ad5d217178ce1849,74234e98afe7498fb5daf1f36ac2d78acc339464f950703b8c019892f982b90b,
C,experiment/yam_arc_grid/scratch_rl2_towels_time.yaml,resolved,e1/hpt_flow_wrists_ft,abc_arc/towels_rl2_time,,7da31cfb1aa5301fe5bb68636ce314e66f7c9c808aa7099ed032447b9648f624,7667da550cfe7c606e18b3dab258ed02ae3375575301a4eb8a1d75ecac52e0a5,9e9c3645c83625cde5fbf3c154e9198f18d68be277d4730d2255ad553e6050c8,
C,experiment/yam_arc_grid/stationery_ft_arcdur.yaml,resolved,e1/hpt_flow_wrists_ft_arcdur,abc_arc/stationery_ft_arcdur,,572da4fab60d967943cfcb26ba7041b1f7607317729cb75fb27fbf0ba5ab1f96,ba559715d0c4ef3961d52e4cdcb3a019a8b8f3d5b3339ea4c0104dd12494d689,74234e98afe7498fb5daf1f36ac2d78acc339464f950703b8c019892f982b90b,
C,experiment/yam_arc_grid/stationery_ft_time.yaml,resolved,e1/hpt_flow_wrists_ft,abc_arc/stationery_ft_time,,3aeb0166bb6deabea0d04f095fd753df5f7a90df85509cca6e96cc81f2128979,b81f05e8ca3c3ed48d91f5ffc675dfdd9013044617830e7523a94ff9c1871330,9e9c3645c83625cde5fbf3c154e9198f18d68be277d4730d2255ad553e6050c8,
C,experiment/yam_arc_grid/stationery_midtempo_arcdur.yaml,resolved,e1/hpt_flow_wrists,abc_arc/stationery_midtempo_arcdur,eval_open_loop_sim,deb9f462c48c40739b57dea8103a565143c217926594b1def87cc4dc567ff094,a69923ae70f94c30b59b87ccb149395d4b4c0a7c858f4480d808c3437029393c,16236c9608602166acd70b9d96ed75fe7859c65e87704d78d8f5e3c853f4fef5,
C,experiment/yam_arc_grid/stationery_midtempo_time.yaml,resolved,e1/hpt_flow_wrists,abc_arc/stationery_midtempo_time,eval_open_loop_sim,ae44ef5aeea795f2b77b4b9535441d45e22bd92eee995016506b4b97d29b7aab,dc37248c527cc4bc9c1708a283850fffec4e8fd8c15582043bac9c05f0696735,a43ddff2e2a07534153afd0877d33431949753a6e0b26f6c92f31765d6ef932b,
C,experiment/yam_arc_grid/stattempo_eval_arcdur.yaml,resolved,e1/hpt_flow_wrists_ft_arcdur,abc_arc/stationery_tempo_fast_arcdur,eval_open_loop_sim,5b479fec53f65bb044ed7e6cf485c03a735e0916e12d69f1151079e653cc0027,731c11be30fe7b618f03a100dea9b3c7310b162bebe8755993626bfcf696e2e4,8549ff9509aa1eb8c2ced25080a44152cb2887b474bbc1e1a7c82f8d3acdaff5,
C,experiment/yam_arc_grid/stattempo_eval_time.yaml,resolved,e1/hpt_flow_wrists_ft,abc_arc/stationery_tempo_fast_time,eval_open_loop_sim,7da31cfb1aa5301fe5bb68636ce314e66f7c9c808aa7099ed032447b9648f624,2fcc6583c4bd472aa6ed3224d970c2b32aed26c361e82cff0b3c66521d719dfb,aae607562011a0820bb18b63d0015c08bf1faea99a1c328658122d75c139581a,
C,experiment/yam_arc_grid/timepre_abc_time.yaml,resolved,e1/hpt_flow_wrists_ft,abc_arc/timepre_abc_data,,7da31cfb1aa5301fe5bb68636ce314e66f7c9c808aa7099ed032447b9648f624,5218b138beb5f5c203790596228e9ef3b29f53a3c7621879b47dcbfa5011a2b2,9e9c3645c83625cde5fbf3c154e9198f18d68be277d4730d2255ad553e6050c8,
C,model/abc/yam_bimanual_dp.yaml,resolved,abc/yam_bimanual_dp,abc_arc/abc_fstshirt_bc,,aca84f52faa6902952dea94d71ca60698ccfe9cfc2be55cca93a89e28751374c,7d7b91e11aa45a6d1eee94b439c6e18e10aca7eb94a328215313a6e2dae48464,,
C,model/abc/yam_bimanual_hpt.yaml,resolved,abc/yam_bimanual_hpt,abc_arc/abc_fstshirt_bc,,3978c8bf78317cae3858f46f54963586ec7ae6e47aa8fa45f6f3ea0dd0ae7eb6,7d7b91e11aa45a6d1eee94b439c6e18e10aca7eb94a328215313a6e2dae48464,,
C,model/abc_arc/clock_head_abc_cotrain_300M_qwen_pooled_arc_D40_M100.yaml,source_error,abc_arc/clock_head_abc_cotrain_300M_qwen_pooled_arc_D40_M100,,,,,,InterpolationKeyError: Interpolation key 'hpt.embed_dim' not found
C,model/abc_arc/hpt_abc_cotrain_180M_qwen_pooled.yaml,source_error,abc_arc/hpt_abc_cotrain_180M_qwen_pooled,,,,,,InterpolationKeyError: Interpolation key 'hpt.qwen.sampling_mode' not found
C,model/abc_arc/hpt_abc_cotrain_180M_qwen_pooled_arc_D40_M100.yaml,source_error,abc_arc/hpt_abc_cotrain_180M_qwen_pooled_arc_D40_M100,,,,,,InterpolationKeyError: Interpolation key 'hpt.qwen.sampling_mode' not found
C,model/abc_arc/hpt_abc_cotrain_300M_qwen_pooled.yaml,source_error,abc_arc/hpt_abc_cotrain_300M_qwen_pooled,,,,,,InterpolationKeyError: Interpolation key 'hpt.qwen.sampling_mode' not found
C,model/abc_arc/hpt_abc_cotrain_300M_qwen_pooled_arc_D40_M100.yaml,source_error,abc_arc/hpt_abc_cotrain_300M_qwen_pooled_arc_D40_M100,,,,,,InterpolationKeyError: Interpolation key 'hpt.qwen.sampling_mode' not found
C,model/abc_arc/hpt_bimanual_visual.yaml,resolved,abc_arc/hpt_bimanual_visual,abc_arc/mecka_fold_clothes_40h_human_baseline,eval_open_loop_sim,2d809149de462b1a39345f90bfb679a70270fa6faa2bb5e948df36813e30729c,8740ee1480a789fbff4369f80ff8811ace65751a5a7f28de1ae4fde23920baf2,90d945c33137c163090cbc69507d28e4d4f01704186fb408af4ff0fc64a3e6fa,
C,model/abc_arc/hpt_yam_visual.yaml,resolved,abc_arc/hpt_yam_visual,abc_arc/abc_visual,eval_open_loop_sim,92b14251b5a5e9c0b7e53cb13f9577bf41f780ccc653afb846fea64f1423c0e0,5899b311ddce40f59aa16c6322b10053f3f9ea30d8bbf53dc1e397667cf8a760,d21c0bb40158b4fa4e11c12958dfe061b38cb66ef1671e49436515a117cf3feb,
C,model/abc_arc/mixture_hpt_abc_cotrain_300M_qwen_pooled_arc_D40_M100.yaml,source_error,abc_arc/mixture_hpt_abc_cotrain_300M_qwen_pooled_arc_D40_M100,,,,,,InterpolationKeyError: Interpolation key 'hpt.qwen.sampling_mode' not found
C,model/abc_arc/yam_bimanual_dp_arc_D40_M100.yaml,source_error,abc_arc/yam_bimanual_dp_arc_D40_M100,,,,,,InterpolationKeyError: Interpolation key 'abc.encoder' not found
C,model/abc_arc/yam_mecka_cotrain_dp_300M_arc_D40_M100.yaml,source_error,abc_arc/yam_mecka_cotrain_dp_300M_arc_D40_M100,,,,,,InterpolationKeyError: Interpolation key 'abc.arc_token_rows' not found
C,model/abc_arc/yam_mecka_cotrain_dp_300M_baseline.yaml,resolved,abc_arc/yam_mecka_cotrain_dp_300M_baseline,,,0e6c778086b5f39d1f3c1f110b60438a0e8c09edf910853b87265719324aaa8a,,,
C,model/abc_arc/yam_mecka_cotrain_dp_arc_D40_M100.yaml,source_error,abc_arc/yam_mecka_cotrain_dp_arc_D40_M100,,,,,,InterpolationKeyError: Interpolation key 'abc.arc_token_rows' not found
C,model/abc_arc/yam_mecka_cotrain_dp_baseline.yaml,resolved,abc_arc/yam_mecka_cotrain_dp_baseline,,,8e0d63ec18c22714a243fa0b9988dbfce6829e528f17087e11d0795a506b76f5,,,
C,model/bf/bf_planar_v2_arc_graph_tok.yaml,resolved,bf/bf_planar_v2_arc_graph_tok,pusht/planar_v2_usocket,eval_planar_v2,5696fa8279b0de797a60f1b0b9914bedc8b1b312742aa32fc3b4fbad25f43bd7,83cb677bf97089b7b3d747001d82481d07425ef7faf8caec5233c169d9670450,960e8b878b3e826bcbe8372f7fe9771e84f53a8370041f48059c3db07824ec1f,
C,model/bf/bf_planar_v2_dp_paper.yaml,resolved,bf/bf_planar_v2_dp_paper,pusht/planar_v2_usocket,eval_planar_v2,3da30853b12192b02a8351d2da5b0163e86bfa25780e0b21ac2e720f2c5480cd,4cf958aae97ad64828f94e5138863be38ee60a5ad61f1bf4a79a7b2be90fb3d8,1553d74349080d6a4db58bb13412ac6ec41a86b421bfa800a447697f4759e0ab,
C,model/bf/bf_planar_v2_dp_standard.yaml,resolved,bf/bf_planar_v2_dp_standard,pusht/planar_v2_usocket,eval_planar_v2,3a4b6e004aca971eb36013fc081458f826a8be6595eaf041fe87de70c3f32984,4cf958aae97ad64828f94e5138863be38ee60a5ad61f1bf4a79a7b2be90fb3d8,1553d74349080d6a4db58bb13412ac6ec41a86b421bfa800a447697f4759e0ab,
C,model/bf/bf_planar_v2_flow.yaml,resolved,bf/bf_planar_v2_flow,pusht/planar_v2_usocket,eval_planar_v2,7b9460af44756bd0f7f15016d9782689cef71ca76d5361ca48d57bfda4bc189d,4cf958aae97ad64828f94e5138863be38ee60a5ad61f1bf4a79a7b2be90fb3d8,1553d74349080d6a4db58bb13412ac6ec41a86b421bfa800a447697f4759e0ab,
C,model/bf/ct_unite_register_separate_nt8_h384_s42.yaml,resolved,bf/ct_unite_register_separate_nt8_h384_s42,pusht/planar_v2_usocket,eval_planar_v2,53cbff5814c99608f7743d958cbe29e94a69ab966ba36e76dc5125d447e4121a,4cf958aae97ad64828f94e5138863be38ee60a5ad61f1bf4a79a7b2be90fb3d8,1553d74349080d6a4db58bb13412ac6ec41a86b421bfa800a447697f4759e0ab,
C,model/bf/us_action_flow_bc_latent_fm_sg_200m_adamw.yaml,resolved,bf/us_action_flow_bc_latent_fm_sg_200m_adamw,pusht/planar_v2_usocket,eval_planar_v2,63bdc7c188714cb3036fb91b6e7bca2b9a7d9655b5f7e043d35d9c97e7a17243,4cf958aae97ad64828f94e5138863be38ee60a5ad61f1bf4a79a7b2be90fb3d8,1553d74349080d6a4db58bb13412ac6ec41a86b421bfa800a447697f4759e0ab,
C,model/bf/us_action_flow_bc_latent_fm_sg_200m_muon.yaml,resolved,bf/us_action_flow_bc_latent_fm_sg_200m_muon,pusht/planar_v2_usocket,eval_planar_v2,8ea3202d1720bd5356aa36a0cfa271bdaa6f8a10fd165c9929f01d8244ff2b62,4cf958aae97ad64828f94e5138863be38ee60a5ad61f1bf4a79a7b2be90fb3d8,1553d74349080d6a4db58bb13412ac6ec41a86b421bfa800a447697f4759e0ab,
C,model/bf/us_action_flow_latent_fm_sg_unite_h384.yaml,resolved,bf/us_action_flow_latent_fm_sg_unite_h384,pusht/action_flow_unite_usocket_val01_h16,eval_planar_v2,fa2384a86c7a92fa61d7ac2c53f80c89d43877f7f5929aee0a1568920fa0c8b6,c8efffc8e17d172eba8e33a5cf608ff710b1cf9e6e5d69558fe4e46df4289a24,f992509af10bf4f17ee982826b516d3fc1c9a50e622f3ed03d16ff7cefe20408,
C,model/bf/us_action_latent_vfm_nt16_d8_h512_s42.yaml,resolved,bf/us_action_latent_vfm_nt16_d8_h512_s42,pusht/planar_v2_usocket,eval_planar_v2,cad935b7df091313460ff05bd6cd4c85a5dcffa5871d041fade7e97f16bc91bf,4cf958aae97ad64828f94e5138863be38ee60a5ad61f1bf4a79a7b2be90fb3d8,1553d74349080d6a4db58bb13412ac6ec41a86b421bfa800a447697f4759e0ab,
C,model/bf/us_unite_register_separate_nt4_s42.yaml,resolved,bf/us_unite_register_separate_nt4_s42,pusht/planar_v2_usocket,eval_planar_v2,d18639ce5636a04a1c70f35b407f17dd2eb1fafb6c07653262c0d87016884680,4cf958aae97ad64828f94e5138863be38ee60a5ad61f1bf4a79a7b2be90fb3d8,83bb42f23a08474b895ff6713eef6f33305798decd0b443286c25bca651702f6,
C,model/bf/us_unite_register_separate_nt8_s42.yaml,resolved,bf/us_unite_register_separate_nt8_s42,pusht/planar_v2_usocket,eval_planar_v2,cf3694be90fa5d8fb74a5e2fd34023329f41bd0a2add7ac5072f7e5b104b5850,4cf958aae97ad64828f94e5138863be38ee60a5ad61f1bf4a79a7b2be90fb3d8,83bb42f23a08474b895ff6713eef6f33305798decd0b443286c25bca651702f6,
C,model/bf/us_unite_register_shared_nt16_s42.yaml,resolved,bf/us_unite_register_shared_nt16_s42,pusht/planar_v2_usocket,eval_planar_v2,37552200046810ebfaa36ab483c2639192897405b04f108159a8e1cd1d7ee2fc,4cf958aae97ad64828f94e5138863be38ee60a5ad61f1bf4a79a7b2be90fb3d8,83bb42f23a08474b895ff6713eef6f33305798decd0b443286c25bca651702f6,
C,model/bf/us_unite_register_shared_nt4_s42.yaml,resolved,bf/us_unite_register_shared_nt4_s42,pusht/planar_v2_usocket,eval_planar_v2,91a88275147e74bc7aef53ac01b507b00e155a625acf7ee45f40865dbeb715e9,4cf958aae97ad64828f94e5138863be38ee60a5ad61f1bf4a79a7b2be90fb3d8,83bb42f23a08474b895ff6713eef6f33305798decd0b443286c25bca651702f6,
C,model/bf/us_unite_register_shared_nt8_flow42_s42.yaml,resolved,bf/us_unite_register_shared_nt8_flow42_s42,pusht/planar_v2_usocket,eval_planar_v2,6be5bf5b0545eefea032ab42220452099a16313403493c2154406d5ad8329672,4cf958aae97ad64828f94e5138863be38ee60a5ad61f1bf4a79a7b2be90fb3d8,83bb42f23a08474b895ff6713eef6f33305798decd0b443286c25bca651702f6,
C,model/bf/us_unite_register_shared_nt8_s42.yaml,resolved,bf/us_unite_register_shared_nt8_s42,pusht/planar_v2_usocket,eval_planar_v2,6e4d89ded391aa465b0cbf4f50b5096183dab59bd2248e0efb991d39986f1794,4cf958aae97ad64828f94e5138863be38ee60a5ad61f1bf4a79a7b2be90fb3d8,83bb42f23a08474b895ff6713eef6f33305798decd0b443286c25bca651702f6,
C,model/e1/dp300_wrists_arcdur.yaml,resolved,e1/dp300_wrists_arcdur,abc_arc/towels_rl2_394_arcdur_lambda,,f168d73b4c4409f55901ae5c2b84291c60a066cf652d2ad0fa515a77112c67de,a57ab82665a17b65ef4c9ea1393ea4aee6f4f997572ff72f4251a776a078acf1,b15499f74da5f6196c372b5ce2e1a84a490868d9670ce7b7c02bf465ca039689,
C,model/e1/dp300pt_wrists_arcdur.yaml,resolved,e1/dp300pt_wrists_arcdur,abc_arc/towels_rl2_394_arcdur_lambda,,f56cac21c0728b8b72e3a0b81dcbcf5844a340d3aefcd410199f5922daf695e7,a57ab82665a17b65ef4c9ea1393ea4aee6f4f997572ff72f4251a776a078acf1,b15499f74da5f6196c372b5ce2e1a84a490868d9670ce7b7c02bf465ca039689,
C,model/e1/hpt300_flow_wrists_arcdur.yaml,resolved,e1/hpt300_flow_wrists_arcdur,abc_arc/towels_rl2_394_arcdur_lambda,,53609450b62db1c749081cdff9b0ac5a4e781d8ef77689e01117eac520221cdf,a57ab82665a17b65ef4c9ea1393ea4aee6f4f997572ff72f4251a776a078acf1,b15499f74da5f6196c372b5ce2e1a84a490868d9670ce7b7c02bf465ca039689,
C,model/e1/hpt_flow.yaml,resolved,e1/hpt_flow,e1/fold_freeform,e1/fold_tempo,0d2deaf3d41b30732b7268b1830983328ac1b81e68e8668320c0e15fbf66eda7,6059447c3b032237d0fc573aba1c7b52ec1485df114e41deae61a7420e01ef2d,776af127372bda43934b33cda235137a2dab6efcfc24b376bfe689f75a8c4fb5,
C,model/e1/hpt_flow_wrists.yaml,resolved,e1/hpt_flow_wrists,e1/abc_stationery,e1/fold_tempo,ae44ef5aeea795f2b77b4b9535441d45e22bd92eee995016506b4b97d29b7aab,175671657fa736ba2cb68286cbcebcff3f489607057f752b2cd35b2186368e0b,776af127372bda43934b33cda235137a2dab6efcfc24b376bfe689f75a8c4fb5,
C,model/e1/hpt_flow_wrists_ft.yaml,resolved,e1/hpt_flow_wrists_ft,abc_arc/stationery_ft_time,,3aeb0166bb6deabea0d04f095fd753df5f7a90df85509cca6e96cc81f2128979,b81f05e8ca3c3ed48d91f5ffc675dfdd9013044617830e7523a94ff9c1871330,9e9c3645c83625cde5fbf3c154e9198f18d68be277d4730d2255ad553e6050c8,
C,model/e1/hpt_flow_wrists_ft_arcdur.yaml,resolved,e1/hpt_flow_wrists_ft_arcdur,abc_arc/stationery_ft_arcdur,,572da4fab60d967943cfcb26ba7041b1f7607317729cb75fb27fbf0ba5ab1f96,ba559715d0c4ef3961d52e4cdcb3a019a8b8f3d5b3339ea4c0104dd12494d689,74234e98afe7498fb5daf1f36ac2d78acc339464f950703b8c019892f982b90b,
C,model/pi05/pi0.5_bc_abc_eva_6d.yaml,resolved,pi05/pi0.5_bc_abc_eva_6d,pi05/abc_stationery_pi_6d,pi05/eval_pi_wristframe_6d,00515eb094693884c69a7543770caef1775c6d6f2d4ac4b54f02da9e757624d3,8e1d025590b9d18f91febb72f09463c332958d28e9dbd49fc575464cfeea8db8,42ddb00d5f5cc69d00a108df6d6e512db59d1d814f0d29d8e8bf524da8569aab,
C,model/pi05/pi0.5_bc_eva.yaml,resolved,pi05/pi0.5_bc_eva,pi05/abc_stationery_pi_6d,pi05/eval_pi_wristframe_6d,ad7997aff3e55e4588339dabd55d618f569b2f47f8af301732a153e6606c4066,8e1d025590b9d18f91febb72f09463c332958d28e9dbd49fc575464cfeea8db8,9d7df6d60ad58442c3bc00cd73da07d3d0965fa550232478b31a4bfb5e9bf8e2,
C,model/pi05/pi0.5_bc_mecka_6d.yaml,resolved,pi05/pi0.5_bc_mecka_6d,pi05/abc_stationery_pi_6d,pi05/eval_pi_wristframe_6d,f20f9dd1568f31a94d2661ad1e31b5241e904ae6a5973c94ae86ddfa659b71b7,8e1d025590b9d18f91febb72f09463c332958d28e9dbd49fc575464cfeea8db8,42ddb00d5f5cc69d00a108df6d6e512db59d1d814f0d29d8e8bf524da8569aab,
C,model/pi05/pi0.5_bc_mecka_abc_6d.yaml,resolved,pi05/pi0.5_bc_mecka_abc_6d,pi05/abc_stationery_pi_6d,pi05/eval_pi_wristframe_6d,e3062cf193f840e16da2447114571d6d2e6857f48353b37d49a15cb15f59b916,8e1d025590b9d18f91febb72f09463c332958d28e9dbd49fc575464cfeea8db8,42ddb00d5f5cc69d00a108df6d6e512db59d1d814f0d29d8e8bf524da8569aab,
C,model/pi05/pi0.5_cotrain_eva_aria_6d.yaml,resolved,pi05/pi0.5_cotrain_eva_aria_6d,pi05/abc_stationery_pi_6d,pi05/eval_pi_wristframe_6d,8ae8e336f3f492f59cad33ea5f007c64db27e63330e2b44d74c57bca32e7f613,8e1d025590b9d18f91febb72f09463c332958d28e9dbd49fc575464cfeea8db8,9d7df6d60ad58442c3bc00cd73da07d3d0965fa550232478b31a4bfb5e9bf8e2,
C,model/pi05/pi0.5_ft_abc_eva_6d.yaml,resolved,pi05/pi0.5_ft_abc_eva_6d,pi05/abc_stationery_pi_6d,pi05/eval_pi_wristframe_6d,00515eb094693884c69a7543770caef1775c6d6f2d4ac4b54f02da9e757624d3,8e1d025590b9d18f91febb72f09463c332958d28e9dbd49fc575464cfeea8db8,42ddb00d5f5cc69d00a108df6d6e512db59d1d814f0d29d8e8bf524da8569aab,
C,model/pi05/pi0.5_ft_aria_fold_grip.yaml,resolved,pi05/pi0.5_ft_aria_fold_grip,pi05/abc_stationery_pi_6d,pi05/eval_pi_wristframe_6d,8ae2aad79b2a59a81d39750b41b417b3f1787a426a2033a8f420f6521e24fbba,8e1d025590b9d18f91febb72f09463c332958d28e9dbd49fc575464cfeea8db8,42ddb00d5f5cc69d00a108df6d6e512db59d1d814f0d29d8e8bf524da8569aab,
integrated,data/abc_arc/abc_fslongshirt_micro_foldclothes_cotrain_arcD40M100.yaml,resolved,abc_arc/hpt_abc_cotrain_300M_qwen_pooled_arc_D40_M100,abc_arc/abc_fslongshirt_micro_foldclothes_cotrain_arcD40M100,eval_arc_bimanual_cartesian_D40_M100,681b99da6e854427e7da120879232a53f6b2fe2966bbffb8d52c03f0b33dc5f5,4c41c6a2442744bf108abdb57a8862f960e313cd2ae543d1a2a6c43f0dd521d9,0ded3b624e4d01269cb8dadfd1b6ed2c3311e17537ae9dd225c4290191b8a1b7,
integrated,data/abc_arc/abc_fslongshirt_micro_foldclothes_cotrain_baseline.yaml,resolved,abc_arc/hpt_abc_cotrain_300M_qwen_pooled,abc_arc/abc_fslongshirt_micro_foldclothes_cotrain_baseline,eval_arc_bimanual_cartesian_D40_M100,f6516643c59a92ede8860f548168f162e4d12e10e247f193a6460a02f651c40e,9063a4a752d707d212186615d4a2b5fa8df6cc296495847a8a6ee5aed337a086,0ded3b624e4d01269cb8dadfd1b6ed2c3311e17537ae9dd225c4290191b8a1b7,
integrated,data/abc_arc/abc_fstshirt_arc_bc_D40_M100.yaml,resolved,abc_arc/yam_bimanual_dp_arc_D40_M100,abc_arc/abc_fstshirt_arc_bc_D40_M100,eval_arc_bimanual_cartesian_D40_M100,770d72fe17361d7a897218fab451b22fffff75d9d241979cd9855cdf0e3a9465,694953f8b7e5389c17823ad23929c30bc9f769b8fdb6ad784e95183bcf036a17,5ebf1d04679769dc96ab1c89e1198a0fcb2474d8fb35cfbd846b8e45ba5308b7,
integrated,data/abc_arc/abc_fstshirt_bc.yaml,resolved,abc_arc/hpt_abc_cotrain_300M_qwen_pooled,abc_arc/abc_fstshirt_bc,eval_arc_bimanual_cartesian_D40_M100,f6516643c59a92ede8860f548168f162e4d12e10e247f193a6460a02f651c40e,9cffa0952523d7b1c51e8aff6e7e6c0befe2fc12342fc7a97bb9e2f2398645d2,0ded3b624e4d01269cb8dadfd1b6ed2c3311e17537ae9dd225c4290191b8a1b7,
integrated,data/abc_arc/abc_fstshirt_mecka_freefold_arc_cotrain_D40_M100.yaml,resolved,abc_arc/hpt_abc_cotrain_300M_qwen_pooled_arc_D40_M100,abc_arc/abc_fstshirt_mecka_freefold_arc_cotrain_D40_M100,eval_arc_bimanual_cartesian_D40_M100,681b99da6e854427e7da120879232a53f6b2fe2966bbffb8d52c03f0b33dc5f5,4c41c6a2442744bf108abdb57a8862f960e313cd2ae543d1a2a6c43f0dd521d9,0ded3b624e4d01269cb8dadfd1b6ed2c3311e17537ae9dd225c4290191b8a1b7,
integrated,data/abc_arc/abc_fstshirt_mecka_freefold_baseline_cotrain.yaml,resolved,abc_arc/hpt_abc_cotrain_300M_qwen_pooled,abc_arc/abc_fstshirt_mecka_freefold_baseline_cotrain,eval_arc_bimanual_cartesian_D40_M100,f6516643c59a92ede8860f548168f162e4d12e10e247f193a6460a02f651c40e,524d88bbacf89b9c4f7df22bd5942ae58f8195f93d258ca959bfd9bcccfc611f,0ded3b624e4d01269cb8dadfd1b6ed2c3311e17537ae9dd225c4290191b8a1b7,
integrated,data/abc_arc/abc_mecka_fold_multitask_arc_cotrain_D40_M100.yaml,resolved,abc_arc/hpt_abc_cotrain_300M_qwen_pooled_arc_D40_M100,abc_arc/abc_mecka_fold_multitask_arc_cotrain_D40_M100,eval_arc_bimanual_cartesian_D40_M100,681b99da6e854427e7da120879232a53f6b2fe2966bbffb8d52c03f0b33dc5f5,ec77d6e35276a713248dcb8a185718d83417940d020a0823035445987431cbdf,0ded3b624e4d01269cb8dadfd1b6ed2c3311e17537ae9dd225c4290191b8a1b7,
integrated,data/abc_arc/abc_mecka_fold_multitask_baseline_cotrain.yaml,resolved,abc_arc/hpt_abc_cotrain_300M_qwen_pooled,abc_arc/abc_mecka_fold_multitask_baseline_cotrain,eval_arc_bimanual_cartesian_D40_M100,f6516643c59a92ede8860f548168f162e4d12e10e247f193a6460a02f651c40e,404454157ec79d746e7dcc90d0da876b3e26fb79270aea1dfa5cee21c444d007,0ded3b624e4d01269cb8dadfd1b6ed2c3311e17537ae9dd225c4290191b8a1b7,
integrated,data/abc_arc/abc_stationery_arc_bc_D40_M100.yaml,resolved,abc_arc/hpt_abc_cotrain_300M_qwen_pooled,abc_arc/abc_stationery_arc_bc_D40_M100,eval_arc_bimanual_cartesian_D40_M100,f6516643c59a92ede8860f548168f162e4d12e10e247f193a6460a02f651c40e,b117816a18e935b0660bd1e2960acb4442748ea5df019e2b96c63f3a31b85e63,0ded3b624e4d01269cb8dadfd1b6ed2c3311e17537ae9dd225c4290191b8a1b7,
integrated,data/abc_arc/abc_stationery_bc.yaml,resolved,abc_arc/hpt_abc_cotrain_300M_qwen_pooled,abc_arc/abc_stationery_bc,eval_arc_bimanual_cartesian_D40_M100,f6516643c59a92ede8860f548168f162e4d12e10e247f193a6460a02f651c40e,aa6ba79d83bb031b2a68741a7518948452ccb5a23287509757410777beff940a,0ded3b624e4d01269cb8dadfd1b6ed2c3311e17537ae9dd225c4290191b8a1b7,
integrated,data/abc_arc/abc_towels_hpt180_arc_D40_M100.yaml,resolved,abc_arc/hpt_abc_cotrain_300M_qwen_pooled_arc_D40_M100,abc_arc/abc_towels_hpt180_arc_D40_M100,eval_arc_bimanual_cartesian_D40_M100,681b99da6e854427e7da120879232a53f6b2fe2966bbffb8d52c03f0b33dc5f5,35edc05bfed6d053bfe39e6d23fd4aedca2386537d28b8d9d24dc3699f077ed7,0ded3b624e4d01269cb8dadfd1b6ed2c3311e17537ae9dd225c4290191b8a1b7,
integrated,data/abc_arc/abc_towels_hpt180_baseline.yaml,resolved,abc_arc/hpt_abc_cotrain_300M_qwen_pooled,abc_arc/abc_towels_hpt180_baseline,eval_arc_bimanual_cartesian_D40_M100,f6516643c59a92ede8860f548168f162e4d12e10e247f193a6460a02f651c40e,63b64b46bafbd47f8a69c57c8e2e26c9fe3a415fbc46fe30fabce2f86767075a,0ded3b624e4d01269cb8dadfd1b6ed2c3311e17537ae9dd225c4290191b8a1b7,
integrated,data/abc_arc/abc_visual.yaml,resolved,abc_arc/hpt_yam_visual,abc_arc/abc_visual,eval_open_loop_sim,cdca1f25c143ca3de05cee45787870237b882d64dbc32363882f047e736e7a7c,4286d9abf33f76bd691b06e72fcb5c92b8d90ed3547acd5bb6dd1e55f51a7e09,4e0ab2c1acf3828d0dc4eecb5b482ad140adc9859d706fe14d4733febbeca61a,
integrated,data/abc_arc/arcpre_abc_data.yaml,resolved,abc_arc/hpt_abc_cotrain_300M_qwen_pooled,abc_arc/arcpre_abc_data,eval_arc_bimanual_cartesian_D40_M100,f6516643c59a92ede8860f548168f162e4d12e10e247f193a6460a02f651c40e,6d0c6fdf695d471955ff8db56c809618449485d3419b29931fd2e76cda7dafe2,0ded3b624e4d01269cb8dadfd1b6ed2c3311e17537ae9dd225c4290191b8a1b7,
integrated,data/abc_arc/arcpre_abc_data_pinned2089.yaml,resolved,abc_arc/hpt_abc_cotrain_300M_qwen_pooled,abc_arc/arcpre_abc_data_pinned2089,eval_arc_bimanual_cartesian_D40_M100,f6516643c59a92ede8860f548168f162e4d12e10e247f193a6460a02f651c40e,4f1b37522b4c1032241e8635b1a6f037bcf1025dbe5783f0d4384c954946fa1c,0ded3b624e4d01269cb8dadfd1b6ed2c3311e17537ae9dd225c4290191b8a1b7,
integrated,data/abc_arc/arcpre_abcrl2_data.yaml,resolved,abc_arc/hpt_abc_cotrain_300M_qwen_pooled,abc_arc/arcpre_abcrl2_data,eval_arc_bimanual_cartesian_D40_M100,f6516643c59a92ede8860f548168f162e4d12e10e247f193a6460a02f651c40e,0c58443dec9a480ca29fdd88c623ec6fee845cf5cf2535d0aec72dde675e181e,0ded3b624e4d01269cb8dadfd1b6ed2c3311e17537ae9dd225c4290191b8a1b7,
integrated,data/abc_arc/mecka_fold_clothes_40h_human_baseline.yaml,resolved,abc_arc/hpt_bimanual_visual,abc_arc/mecka_fold_clothes_40h_human_baseline,eval_open_loop_sim,65d79785b01004f25ec571be3e9bf9471defb6c46295efe1a57458313059d23f,e878938f10f5fc07f8c3e033b6df5779534be0f48c81c4b1ddcbbe980d70a5fb,700a65e09264e66e2038db5d68e5e0e3bbc7bb92da9a097413daa439ba0bf280,
integrated,data/abc_arc/mecka_fold_clothes_40h_human_hybrid_D40_M100_R24deg.yaml,resolved,abc_arc/hpt_bimanual_visual,abc_arc/mecka_fold_clothes_40h_human_hybrid_D40_M100_R24deg,eval_open_loop_sim,450c41a0da9f6a8d05d00713507bb023d61f5e6df1b7a1703f32c6a7aaf149c7,8b2058862440762676e28d595fa7f8ca0f930886c11185214424014f4c065e00,8b150ca8a59a069ccc5d5e271c85f370502daefee8c531c6508356a2ebcedffe,
integrated,data/abc_arc/shorts_extreme_arc_bc_D40_M100.yaml,resolved,abc_arc/hpt_abc_cotrain_300M_qwen_pooled,abc_arc/shorts_extreme_arc_bc_D40_M100,eval_arc_bimanual_cartesian_D40_M100,f6516643c59a92ede8860f548168f162e4d12e10e247f193a6460a02f651c40e,513ee99e190779bea45e642e592e3cf97845fe72b1743ee6b275ffe2be6765b3,0ded3b624e4d01269cb8dadfd1b6ed2c3311e17537ae9dd225c4290191b8a1b7,
integrated,data/abc_arc/shorts_extreme_arcdur_D40_M100.yaml,resolved,abc_arc/hpt_abc_cotrain_300M_qwen_pooled,abc_arc/shorts_extreme_arcdur_D40_M100,eval_arc_bimanual_cartesian_D40_M100,f6516643c59a92ede8860f548168f162e4d12e10e247f193a6460a02f651c40e,61672b37a25e3cb00d37ead389e42401d78373b4ad8f59f42c2bcc566747e0d9,0ded3b624e4d01269cb8dadfd1b6ed2c3311e17537ae9dd225c4290191b8a1b7,
integrated,data/abc_arc/shorts_extreme_bc.yaml,resolved,abc_arc/hpt_abc_cotrain_300M_qwen_pooled,abc_arc/shorts_extreme_bc,eval_arc_bimanual_cartesian_D40_M100,f6516643c59a92ede8860f548168f162e4d12e10e247f193a6460a02f651c40e,37b2b4da87190215459d8c3dd6395602dc6012ebc6ac9570bac31a6e0b13e1e7,0ded3b624e4d01269cb8dadfd1b6ed2c3311e17537ae9dd225c4290191b8a1b7,
integrated,data/abc_arc/stationery_ft_arcdur.yaml,resolved,abc_arc/hpt_abc_cotrain_300M_qwen_pooled,abc_arc/stationery_ft_arcdur,eval_arc_bimanual_cartesian_D40_M100,f6516643c59a92ede8860f548168f162e4d12e10e247f193a6460a02f651c40e,8e736e9c26bacd0665329f771d4e2fa2fb4ea13ebf6682e92191e6c506c96a44,0ded3b624e4d01269cb8dadfd1b6ed2c3311e17537ae9dd225c4290191b8a1b7,
integrated,data/abc_arc/stationery_ft_time.yaml,resolved,abc_arc/hpt_abc_cotrain_300M_qwen_pooled,abc_arc/stationery_ft_time,eval_arc_bimanual_cartesian_D40_M100,f6516643c59a92ede8860f548168f162e4d12e10e247f193a6460a02f651c40e,bddb746da3bad3f493e189bf6f1081dd1d4afc14d449e9df4691e5b6a6a2cadf,0ded3b624e4d01269cb8dadfd1b6ed2c3311e17537ae9dd225c4290191b8a1b7,
integrated,data/abc_arc/stationery_midtempo_arcdur.yaml,resolved,abc_arc/hpt_abc_cotrain_300M_qwen_pooled,abc_arc/stationery_midtempo_arcdur,eval_arc_bimanual_cartesian_D40_M100,f6516643c59a92ede8860f548168f162e4d12e10e247f193a6460a02f651c40e,1b14e8f3d6762b32a3e0a003666a9ee1daac96abb9f57a8db53f87c56de650bb,0ded3b624e4d01269cb8dadfd1b6ed2c3311e17537ae9dd225c4290191b8a1b7,
integrated,data/abc_arc/stationery_midtempo_eval_arcdur_test_in.yaml,resolved,abc_arc/hpt_abc_cotrain_300M_qwen_pooled,abc_arc/stationery_midtempo_eval_arcdur_test_in,eval_arc_bimanual_cartesian_D40_M100,f6516643c59a92ede8860f548168f162e4d12e10e247f193a6460a02f651c40e,463fcb0be900f58577e5a65b459aa5f92dc9c1b8fcb37184078ac2bf3299e043,0ded3b624e4d01269cb8dadfd1b6ed2c3311e17537ae9dd225c4290191b8a1b7,
integrated,data/abc_arc/stationery_midtempo_eval_arcdur_test_mid.yaml,resolved,abc_arc/hpt_abc_cotrain_300M_qwen_pooled,abc_arc/stationery_midtempo_eval_arcdur_test_mid,eval_arc_bimanual_cartesian_D40_M100,f6516643c59a92ede8860f548168f162e4d12e10e247f193a6460a02f651c40e,605b9a9f072f51ef56126e4601908fe97b50955b80251723dbd6016d4754a74e,0ded3b624e4d01269cb8dadfd1b6ed2c3311e17537ae9dd225c4290191b8a1b7,
integrated,data/abc_arc/stationery_midtempo_eval_arcdur_val.yaml,resolved,abc_arc/hpt_abc_cotrain_300M_qwen_pooled,abc_arc/stationery_midtempo_eval_arcdur_val,eval_arc_bimanual_cartesian_D40_M100,f6516643c59a92ede8860f548168f162e4d12e10e247f193a6460a02f651c40e,696af5f6b6937b7faee08ca7cfaa9f018e216fbc00a3038b76801fde9ff70739,0ded3b624e4d01269cb8dadfd1b6ed2c3311e17537ae9dd225c4290191b8a1b7,
integrated,data/abc_arc/stationery_midtempo_eval_time_test_in.yaml,resolved,abc_arc/hpt_abc_cotrain_300M_qwen_pooled,abc_arc/stationery_midtempo_eval_time_test_in,eval_arc_bimanual_cartesian_D40_M100,f6516643c59a92ede8860f548168f162e4d12e10e247f193a6460a02f651c40e,eb3ea8e86bd9c84dee76bce98ee0ea85f3ed4d5fd7ed7bafad1a926d9fb80d27,0ded3b624e4d01269cb8dadfd1b6ed2c3311e17537ae9dd225c4290191b8a1b7,
integrated,data/abc_arc/stationery_midtempo_eval_time_test_mid.yaml,resolved,abc_arc/hpt_abc_cotrain_300M_qwen_pooled,abc_arc/stationery_midtempo_eval_time_test_mid,eval_arc_bimanual_cartesian_D40_M100,f6516643c59a92ede8860f548168f162e4d12e10e247f193a6460a02f651c40e,bcb7ee64544dc74c0dc45fe8378fb566132a5ff9ad74a079f138b9b512138025,0ded3b624e4d01269cb8dadfd1b6ed2c3311e17537ae9dd225c4290191b8a1b7,
integrated,data/abc_arc/stationery_midtempo_eval_time_val.yaml,resolved,abc_arc/hpt_abc_cotrain_300M_qwen_pooled,abc_arc/stationery_midtempo_eval_time_val,eval_arc_bimanual_cartesian_D40_M100,f6516643c59a92ede8860f548168f162e4d12e10e247f193a6460a02f651c40e,5844bcad169954bffbee18dc0efb0a0be814ae6f3f0abeef960fd69a64a045b4,0ded3b624e4d01269cb8dadfd1b6ed2c3311e17537ae9dd225c4290191b8a1b7,
integrated,data/abc_arc/stationery_midtempo_smoke_arcdur.yaml,resolved,abc_arc/hpt_abc_cotrain_300M_qwen_pooled,abc_arc/stationery_midtempo_smoke_arcdur,eval_arc_bimanual_cartesian_D40_M100,f6516643c59a92ede8860f548168f162e4d12e10e247f193a6460a02f651c40e,8417e2539c277139729fa225900bd9d38a0ac36717bbbde7da4dabcca797d5a8,0ded3b624e4d01269cb8dadfd1b6ed2c3311e17537ae9dd225c4290191b8a1b7,
integrated,data/abc_arc/stationery_midtempo_smoke_eval_arcdur_test_in.yaml,resolved,abc_arc/hpt_abc_cotrain_300M_qwen_pooled,abc_arc/stationery_midtempo_smoke_eval_arcdur_test_in,eval_arc_bimanual_cartesian_D40_M100,f6516643c59a92ede8860f548168f162e4d12e10e247f193a6460a02f651c40e,b20705330a801642d4928b565b0af3ec91c585b2b944eaaf6cdf45dee622deaf,0ded3b624e4d01269cb8dadfd1b6ed2c3311e17537ae9dd225c4290191b8a1b7,
integrated,data/abc_arc/stationery_midtempo_smoke_eval_arcdur_test_mid.yaml,resolved,abc_arc/hpt_abc_cotrain_300M_qwen_pooled,abc_arc/stationery_midtempo_smoke_eval_arcdur_test_mid,eval_arc_bimanual_cartesian_D40_M100,f6516643c59a92ede8860f548168f162e4d12e10e247f193a6460a02f651c40e,909ad46e6e4e2df0b7be63bcf67c39a3a507606382790a8b42da10b33d7bfe8d,0ded3b624e4d01269cb8dadfd1b6ed2c3311e17537ae9dd225c4290191b8a1b7,
integrated,data/abc_arc/stationery_midtempo_smoke_eval_arcdur_val.yaml,resolved,abc_arc/hpt_abc_cotrain_300M_qwen_pooled,abc_arc/stationery_midtempo_smoke_eval_arcdur_val,eval_arc_bimanual_cartesian_D40_M100,f6516643c59a92ede8860f548168f162e4d12e10e247f193a6460a02f651c40e,896cc7fa77c1ce8bd09ed47cd7f35b6c904ce83fdc5cee61c4796e84db0fee5a,0ded3b624e4d01269cb8dadfd1b6ed2c3311e17537ae9dd225c4290191b8a1b7,
integrated,data/abc_arc/stationery_midtempo_smoke_eval_time_test_in.yaml,resolved,abc_arc/hpt_abc_cotrain_300M_qwen_pooled,abc_arc/stationery_midtempo_smoke_eval_time_test_in,eval_arc_bimanual_cartesian_D40_M100,f6516643c59a92ede8860f548168f162e4d12e10e247f193a6460a02f651c40e,d40f6ef1d734af03676a58b5ffde1c07872ee6ae4f78fbf70c84171711639a87,0ded3b624e4d01269cb8dadfd1b6ed2c3311e17537ae9dd225c4290191b8a1b7,
integrated,data/abc_arc/stationery_midtempo_smoke_eval_time_test_mid.yaml,resolved,abc_arc/hpt_abc_cotrain_300M_qwen_pooled,abc_arc/stationery_midtempo_smoke_eval_time_test_mid,eval_arc_bimanual_cartesian_D40_M100,f6516643c59a92ede8860f548168f162e4d12e10e247f193a6460a02f651c40e,4168b9cf0b1299e62c2669fcd8e6839e6db17b0330d5f830d67b1fbfef3cb5d5,0ded3b624e4d01269cb8dadfd1b6ed2c3311e17537ae9dd225c4290191b8a1b7,
integrated,data/abc_arc/stationery_midtempo_smoke_eval_time_val.yaml,resolved,abc_arc/hpt_abc_cotrain_300M_qwen_pooled,abc_arc/stationery_midtempo_smoke_eval_time_val,eval_arc_bimanual_cartesian_D40_M100,f6516643c59a92ede8860f548168f162e4d12e10e247f193a6460a02f651c40e,2b658cac8c7455d8f34bed5c4d0e09fec7c912ab06e27082920b843e81ba6006,0ded3b624e4d01269cb8dadfd1b6ed2c3311e17537ae9dd225c4290191b8a1b7,
integrated,data/abc_arc/stationery_midtempo_smoke_time.yaml,resolved,abc_arc/hpt_abc_cotrain_300M_qwen_pooled,abc_arc/stationery_midtempo_smoke_time,eval_arc_bimanual_cartesian_D40_M100,f6516643c59a92ede8860f548168f162e4d12e10e247f193a6460a02f651c40e,a86875d737ba4af55c03967e1508023779df61a382207650b77d0fd6d54c1184,0ded3b624e4d01269cb8dadfd1b6ed2c3311e17537ae9dd225c4290191b8a1b7,
integrated,data/abc_arc/stationery_midtempo_time.yaml,resolved,abc_arc/hpt_abc_cotrain_300M_qwen_pooled,abc_arc/stationery_midtempo_time,eval_arc_bimanual_cartesian_D40_M100,f6516643c59a92ede8860f548168f162e4d12e10e247f193a6460a02f651c40e,2a8ae44ce4f1f4dac64720a8780dcc0e6ca7c45b2c4f2be3d7313af15ae0d899,0ded3b624e4d01269cb8dadfd1b6ed2c3311e17537ae9dd225c4290191b8a1b7,
integrated,data/abc_arc/stationery_mix5050_arcdur.yaml,resolved,abc_arc/hpt_abc_cotrain_300M_qwen_pooled,abc_arc/stationery_mix5050_arcdur,eval_arc_bimanual_cartesian_D40_M100,f6516643c59a92ede8860f548168f162e4d12e10e247f193a6460a02f651c40e,098845ff0d6c39298cd22db46d18fa144759a4550ed96750435ab58572529c09,0ded3b624e4d01269cb8dadfd1b6ed2c3311e17537ae9dd225c4290191b8a1b7,
integrated,data/abc_arc/stationery_mix5050_arcvel.yaml,resolved,abc_arc/hpt_abc_cotrain_300M_qwen_pooled,abc_arc/stationery_mix5050_arcvel,eval_arc_bimanual_cartesian_D40_M100,f6516643c59a92ede8860f548168f162e4d12e10e247f193a6460a02f651c40e,fdd298f934757cdb9e59b30e833207906787b8af086912c77980960337d7ee20,0ded3b624e4d01269cb8dadfd1b6ed2c3311e17537ae9dd225c4290191b8a1b7,
integrated,data/abc_arc/stationery_mix5050_time.yaml,resolved,abc_arc/hpt_abc_cotrain_300M_qwen_pooled,abc_arc/stationery_mix5050_time,eval_arc_bimanual_cartesian_D40_M100,f6516643c59a92ede8860f548168f162e4d12e10e247f193a6460a02f651c40e,05386e85e1dcffe56242208682e5af53a4eb0205cde91fb9495e9f369d3cab6e,0ded3b624e4d01269cb8dadfd1b6ed2c3311e17537ae9dd225c4290191b8a1b7,
integrated,data/abc_arc/stationery_mix_arcvel.yaml,resolved,abc_arc/hpt_abc_cotrain_300M_qwen_pooled,abc_arc/stationery_mix_arcvel,eval_arc_bimanual_cartesian_D40_M100,f6516643c59a92ede8860f548168f162e4d12e10e247f193a6460a02f651c40e,0189d972005762c3e96bf1881ede9de23c1f8f56b86e59ab7dbf109dfe7b9999,0ded3b624e4d01269cb8dadfd1b6ed2c3311e17537ae9dd225c4290191b8a1b7,
integrated,data/abc_arc/stationery_mix_time.yaml,resolved,abc_arc/hpt_abc_cotrain_300M_qwen_pooled,abc_arc/stationery_mix_time,eval_arc_bimanual_cartesian_D40_M100,f6516643c59a92ede8860f548168f162e4d12e10e247f193a6460a02f651c40e,29a5c3efe57908b4812f009dd7c053a2573d6f5d4974bf9dcd1451f7c63f46fe,0ded3b624e4d01269cb8dadfd1b6ed2c3311e17537ae9dd225c4290191b8a1b7,
integrated,data/abc_arc/stationery_rl2_hpt180_arc_D40_M100.yaml,resolved,abc_arc/hpt_abc_cotrain_300M_qwen_pooled_arc_D40_M100,abc_arc/stationery_rl2_hpt180_arc_D40_M100,eval_arc_bimanual_cartesian_D40_M100,681b99da6e854427e7da120879232a53f6b2fe2966bbffb8d52c03f0b33dc5f5,40d68d87ae2d3a809001344ae2548ddd17f49894958ad72d6d092e9bf4e11bbc,0ded3b624e4d01269cb8dadfd1b6ed2c3311e17537ae9dd225c4290191b8a1b7,
integrated,data/abc_arc/stationery_rl2_hpt180_baseline.yaml,resolved,abc_arc/hpt_abc_cotrain_300M_qwen_pooled,abc_arc/stationery_rl2_hpt180_baseline,eval_arc_bimanual_cartesian_D40_M100,f6516643c59a92ede8860f548168f162e4d12e10e247f193a6460a02f651c40e,6153f265908d355f1cc71829c6724f20a26e6018bfd5847881658be9deb1b5b6,0ded3b624e4d01269cb8dadfd1b6ed2c3311e17537ae9dd225c4290191b8a1b7,
integrated,data/abc_arc/stationery_rl2_hpt_arc_D40_M100.yaml,resolved,abc_arc/hpt_abc_cotrain_300M_qwen_pooled_arc_D40_M100,abc_arc/stationery_rl2_hpt_arc_D40_M100,eval_arc_bimanual_cartesian_D40_M100,681b99da6e854427e7da120879232a53f6b2fe2966bbffb8d52c03f0b33dc5f5,40d68d87ae2d3a809001344ae2548ddd17f49894958ad72d6d092e9bf4e11bbc,0ded3b624e4d01269cb8dadfd1b6ed2c3311e17537ae9dd225c4290191b8a1b7,
integrated,data/abc_arc/stationery_rl2_hpt_arc_hybrid_D40_M100_R24deg.yaml,resolved,abc_arc/hpt_yam_visual,abc_arc/stationery_rl2_hpt_arc_hybrid_D40_M100_R24deg,eval_open_loop_sim,0434a2491e85071a4ae0596d24cdece66540039ebe8bc63e8c45c381517ead3c,dfa622da74f6e1669ecf01ba4e66b8ace43bd29f8afc1726477821801d586e86,8b150ca8a59a069ccc5d5e271c85f370502daefee8c531c6508356a2ebcedffe,
integrated,data/abc_arc/stationery_rl2_hpt_baseline.yaml,resolved,abc_arc/hpt_yam_visual,abc_arc/stationery_rl2_hpt_baseline,eval_open_loop_sim,b25c9029032e5e1d9181d56e7839835184cbbcf4ae939089a32f06883163e39e,3e13ba6e55d1bbb176ad4763dd68d437596e125b8eee07230bc65b8fe86740c4,700a65e09264e66e2038db5d68e5e0e3bbc7bb92da9a097413daa439ba0bf280,
integrated,data/abc_arc/stationery_tempo_all_arcdur.yaml,resolved,abc_arc/hpt_abc_cotrain_300M_qwen_pooled,abc_arc/stationery_tempo_all_arcdur,eval_arc_bimanual_cartesian_D40_M100,f6516643c59a92ede8860f548168f162e4d12e10e247f193a6460a02f651c40e,76368494d191cb3b5254f5966cd9e7782aa1abfccb92b1cb7584aff461b90b94,0ded3b624e4d01269cb8dadfd1b6ed2c3311e17537ae9dd225c4290191b8a1b7,
integrated,data/abc_arc/stationery_tempo_all_time.yaml,resolved,abc_arc/hpt_abc_cotrain_300M_qwen_pooled,abc_arc/stationery_tempo_all_time,eval_arc_bimanual_cartesian_D40_M100,f6516643c59a92ede8860f548168f162e4d12e10e247f193a6460a02f651c40e,bf6cc30d2e40d2e43509643449e748a96f71cf5760b00d353ee1edca2d70a466,0ded3b624e4d01269cb8dadfd1b6ed2c3311e17537ae9dd225c4290191b8a1b7,
integrated,data/abc_arc/stationery_tempo_eval_arcdur_val.yaml,resolved,abc_arc/hpt_abc_cotrain_300M_qwen_pooled,abc_arc/stationery_tempo_eval_arcdur_val,eval_arc_bimanual_cartesian_D40_M100,f6516643c59a92ede8860f548168f162e4d12e10e247f193a6460a02f651c40e,74e0973c70b9a620820f2e8438fcf6a91f879a4dba60af8778e1d5c8db6663a0,0ded3b624e4d01269cb8dadfd1b6ed2c3311e17537ae9dd225c4290191b8a1b7,
integrated,data/abc_arc/stationery_tempo_eval_arcdur_val_fast.yaml,resolved,abc_arc/hpt_abc_cotrain_300M_qwen_pooled,abc_arc/stationery_tempo_eval_arcdur_val_fast,eval_arc_bimanual_cartesian_D40_M100,f6516643c59a92ede8860f548168f162e4d12e10e247f193a6460a02f651c40e,30aaead28b83b0efcf097fe6ecd8f95b51f32a6a6e833c770d5a2fcdf96d9c0a,0ded3b624e4d01269cb8dadfd1b6ed2c3311e17537ae9dd225c4290191b8a1b7,
integrated,data/abc_arc/stationery_tempo_eval_arcdur_val_medium.yaml,resolved,abc_arc/hpt_abc_cotrain_300M_qwen_pooled,abc_arc/stationery_tempo_eval_arcdur_val_medium,eval_arc_bimanual_cartesian_D40_M100,f6516643c59a92ede8860f548168f162e4d12e10e247f193a6460a02f651c40e,73b48d82ad2361d6f277c3c46e3a2d456dc90920d1e1c3fc07309e08c3a10fff,0ded3b624e4d01269cb8dadfd1b6ed2c3311e17537ae9dd225c4290191b8a1b7,
integrated,data/abc_arc/stationery_tempo_eval_arcdur_val_slow.yaml,resolved,abc_arc/hpt_abc_cotrain_300M_qwen_pooled,abc_arc/stationery_tempo_eval_arcdur_val_slow,eval_arc_bimanual_cartesian_D40_M100,f6516643c59a92ede8860f548168f162e4d12e10e247f193a6460a02f651c40e,173a4a0a1a0f76646c8e38d3424cc3e2c3c905af9851c02cd7913fc5cbd4d0a1,0ded3b624e4d01269cb8dadfd1b6ed2c3311e17537ae9dd225c4290191b8a1b7,
integrated,data/abc_arc/stationery_tempo_eval_time_val.yaml,resolved,abc_arc/hpt_abc_cotrain_300M_qwen_pooled,abc_arc/stationery_tempo_eval_time_val,eval_arc_bimanual_cartesian_D40_M100,f6516643c59a92ede8860f548168f162e4d12e10e247f193a6460a02f651c40e,daa5bcd51f77f54045e38e14c611ece82f179bb6711db0e4a5763aaa15668f2c,0ded3b624e4d01269cb8dadfd1b6ed2c3311e17537ae9dd225c4290191b8a1b7,
integrated,data/abc_arc/stationery_tempo_eval_time_val_fast.yaml,resolved,abc_arc/hpt_abc_cotrain_300M_qwen_pooled,abc_arc/stationery_tempo_eval_time_val_fast,eval_arc_bimanual_cartesian_D40_M100,f6516643c59a92ede8860f548168f162e4d12e10e247f193a6460a02f651c40e,282f305fabcf347eb66bb492f62d2f2ba00a37d7694038552f13f6eded4d2a10,0ded3b624e4d01269cb8dadfd1b6ed2c3311e17537ae9dd225c4290191b8a1b7,
integrated,data/abc_arc/stationery_tempo_eval_time_val_medium.yaml,resolved,abc_arc/hpt_abc_cotrain_300M_qwen_pooled,abc_arc/stationery_tempo_eval_time_val_medium,eval_arc_bimanual_cartesian_D40_M100,f6516643c59a92ede8860f548168f162e4d12e10e247f193a6460a02f651c40e,0318a1b7dd6120c29f759f4345c4641be27ba5879a5e2f07a5692f224ed08f77,0ded3b624e4d01269cb8dadfd1b6ed2c3311e17537ae9dd225c4290191b8a1b7,
integrated,data/abc_arc/stationery_tempo_eval_time_val_slow.yaml,resolved,abc_arc/hpt_abc_cotrain_300M_qwen_pooled,abc_arc/stationery_tempo_eval_time_val_slow,eval_arc_bimanual_cartesian_D40_M100,f6516643c59a92ede8860f548168f162e4d12e10e247f193a6460a02f651c40e,3da793b64c958385444dd5e24034725083e13476a3c500d6ca3360673a29a961,0ded3b624e4d01269cb8dadfd1b6ed2c3311e17537ae9dd225c4290191b8a1b7,
integrated,data/abc_arc/stationery_tempo_fast_arcdur.yaml,resolved,abc_arc/hpt_abc_cotrain_300M_qwen_pooled,abc_arc/stationery_tempo_fast_arcdur,eval_arc_bimanual_cartesian_D40_M100,f6516643c59a92ede8860f548168f162e4d12e10e247f193a6460a02f651c40e,d87051009ccd97eceefdf205de9b1057e753415cf0d448c0f17b58fdc423dd35,0ded3b624e4d01269cb8dadfd1b6ed2c3311e17537ae9dd225c4290191b8a1b7,
integrated,data/abc_arc/stationery_tempo_fast_arcdur_lambda.yaml,resolved,abc_arc/hpt_abc_cotrain_300M_qwen_pooled,abc_arc/stationery_tempo_fast_arcdur_lambda,eval_arc_bimanual_cartesian_D40_M100,f6516643c59a92ede8860f548168f162e4d12e10e247f193a6460a02f651c40e,a47133930a351810e998ac3baa1ec99cc5ffcf585a35f1c43909f780956ba6de,0ded3b624e4d01269cb8dadfd1b6ed2c3311e17537ae9dd225c4290191b8a1b7,
integrated,data/abc_arc/stationery_tempo_fast_time.yaml,resolved,abc_arc/hpt_abc_cotrain_300M_qwen_pooled,abc_arc/stationery_tempo_fast_time,eval_arc_bimanual_cartesian_D40_M100,f6516643c59a92ede8860f548168f162e4d12e10e247f193a6460a02f651c40e,867cb5277d30250e521d50552f48875606e8053d7e0a090a25f26ad7a10e164e,0ded3b624e4d01269cb8dadfd1b6ed2c3311e17537ae9dd225c4290191b8a1b7,
integrated,data/abc_arc/stationery_tempo_fast_time_lambda.yaml,resolved,abc_arc/hpt_abc_cotrain_300M_qwen_pooled,abc_arc/stationery_tempo_fast_time_lambda,eval_arc_bimanual_cartesian_D40_M100,f6516643c59a92ede8860f548168f162e4d12e10e247f193a6460a02f651c40e,92911854f6c1aa458e7d7d2fd8b16c565ab06437040fdda0ae2c4f1d1234556a,0ded3b624e4d01269cb8dadfd1b6ed2c3311e17537ae9dd225c4290191b8a1b7,
integrated,data/abc_arc/stationery_tempo_medium_arcdur.yaml,resolved,abc_arc/hpt_abc_cotrain_300M_qwen_pooled,abc_arc/stationery_tempo_medium_arcdur,eval_arc_bimanual_cartesian_D40_M100,f6516643c59a92ede8860f548168f162e4d12e10e247f193a6460a02f651c40e,dbdc5b69690a14f4424071909e14a9c824245d123ac7fb3f3bf1345125b09f0c,0ded3b624e4d01269cb8dadfd1b6ed2c3311e17537ae9dd225c4290191b8a1b7,
integrated,data/abc_arc/stationery_tempo_medium_arcdur_lambda.yaml,resolved,abc_arc/hpt_abc_cotrain_300M_qwen_pooled,abc_arc/stationery_tempo_medium_arcdur_lambda,eval_arc_bimanual_cartesian_D40_M100,f6516643c59a92ede8860f548168f162e4d12e10e247f193a6460a02f651c40e,d5784b14743b69c2a4405279462e43ed1f518f422e9d76d81565b9286df576b9,0ded3b624e4d01269cb8dadfd1b6ed2c3311e17537ae9dd225c4290191b8a1b7,
integrated,data/abc_arc/stationery_tempo_medium_time.yaml,resolved,abc_arc/hpt_abc_cotrain_300M_qwen_pooled,abc_arc/stationery_tempo_medium_time,eval_arc_bimanual_cartesian_D40_M100,f6516643c59a92ede8860f548168f162e4d12e10e247f193a6460a02f651c40e,98cba8b6730bd68e3216a5a704a7e592bf090592894064e95367ba1cefb96f74,0ded3b624e4d01269cb8dadfd1b6ed2c3311e17537ae9dd225c4290191b8a1b7,
integrated,data/abc_arc/stationery_tempo_medium_time_lambda.yaml,resolved,abc_arc/hpt_abc_cotrain_300M_qwen_pooled,abc_arc/stationery_tempo_medium_time_lambda,eval_arc_bimanual_cartesian_D40_M100,f6516643c59a92ede8860f548168f162e4d12e10e247f193a6460a02f651c40e,c9e52e665db2ec31e2b83b8d9b80e1c78761b7b056dad02ba52640054f1f4a72,0ded3b624e4d01269cb8dadfd1b6ed2c3311e17537ae9dd225c4290191b8a1b7,
integrated,data/abc_arc/stationery_tempo_mixed_arcdur.yaml,resolved,abc_arc/hpt_abc_cotrain_300M_qwen_pooled,abc_arc/stationery_tempo_mixed_arcdur,eval_arc_bimanual_cartesian_D40_M100,f6516643c59a92ede8860f548168f162e4d12e10e247f193a6460a02f651c40e,d1de3d68b6c957d598a017403ad2e1abc120f7442204adafdc017ae69e822842,0ded3b624e4d01269cb8dadfd1b6ed2c3311e17537ae9dd225c4290191b8a1b7,
integrated,data/abc_arc/stationery_tempo_mixed_arcdur_lambda.yaml,resolved,abc_arc/hpt_abc_cotrain_300M_qwen_pooled,abc_arc/stationery_tempo_mixed_arcdur_lambda,eval_arc_bimanual_cartesian_D40_M100,f6516643c59a92ede8860f548168f162e4d12e10e247f193a6460a02f651c40e,da81d73458459925de1aec92492fed09279a8d647bc50398797f64f4e56e6f93,0ded3b624e4d01269cb8dadfd1b6ed2c3311e17537ae9dd225c4290191b8a1b7,
integrated,data/abc_arc/stationery_tempo_mixed_time.yaml,resolved,abc_arc/hpt_abc_cotrain_300M_qwen_pooled,abc_arc/stationery_tempo_mixed_time,eval_arc_bimanual_cartesian_D40_M100,f6516643c59a92ede8860f548168f162e4d12e10e247f193a6460a02f651c40e,d7606c6f02fb6e2be50bab3588492d7a30d03a94d169604058c799f475e6e1c8,0ded3b624e4d01269cb8dadfd1b6ed2c3311e17537ae9dd225c4290191b8a1b7,
integrated,data/abc_arc/stationery_tempo_mixed_time_lambda.yaml,resolved,abc_arc/hpt_abc_cotrain_300M_qwen_pooled,abc_arc/stationery_tempo_mixed_time_lambda,eval_arc_bimanual_cartesian_D40_M100,f6516643c59a92ede8860f548168f162e4d12e10e247f193a6460a02f651c40e,a2a3421fc2061c59ebfc83f0386885876d617a4995eb922267cd32cb0f670d4b,0ded3b624e4d01269cb8dadfd1b6ed2c3311e17537ae9dd225c4290191b8a1b7,
integrated,data/abc_arc/stationery_tempo_slow_arcdur.yaml,resolved,abc_arc/hpt_abc_cotrain_300M_qwen_pooled,abc_arc/stationery_tempo_slow_arcdur,eval_arc_bimanual_cartesian_D40_M100,f6516643c59a92ede8860f548168f162e4d12e10e247f193a6460a02f651c40e,306c7bf07fd831ad0adbd52b80f4028555ecd25f09343e436ea6fa1e2f8a00d0,0ded3b624e4d01269cb8dadfd1b6ed2c3311e17537ae9dd225c4290191b8a1b7,
integrated,data/abc_arc/stationery_tempo_slow_arcdur_lambda.yaml,resolved,abc_arc/hpt_abc_cotrain_300M_qwen_pooled,abc_arc/stationery_tempo_slow_arcdur_lambda,eval_arc_bimanual_cartesian_D40_M100,f6516643c59a92ede8860f548168f162e4d12e10e247f193a6460a02f651c40e,757fb3164b85cb1d5cc629fe213cdbe392c332aba933136e54a4d74fed66822c,0ded3b624e4d01269cb8dadfd1b6ed2c3311e17537ae9dd225c4290191b8a1b7,
integrated,data/abc_arc/stationery_tempo_slow_time.yaml,resolved,abc_arc/hpt_abc_cotrain_300M_qwen_pooled,abc_arc/stationery_tempo_slow_time,eval_arc_bimanual_cartesian_D40_M100,f6516643c59a92ede8860f548168f162e4d12e10e247f193a6460a02f651c40e,61abd05bd37bb57304b6ba22bb0fd8df712abc0123741f37cb7c98f192d4366b,0ded3b624e4d01269cb8dadfd1b6ed2c3311e17537ae9dd225c4290191b8a1b7,
integrated,data/abc_arc/stationery_tempo_slow_time_lambda.yaml,resolved,abc_arc/hpt_abc_cotrain_300M_qwen_pooled,abc_arc/stationery_tempo_slow_time_lambda,eval_arc_bimanual_cartesian_D40_M100,f6516643c59a92ede8860f548168f162e4d12e10e247f193a6460a02f651c40e,4b0c6ca44808332b4cf91495323f2f86f60224123da4f555f2de30e9e279981e,0ded3b624e4d01269cb8dadfd1b6ed2c3311e17537ae9dd225c4290191b8a1b7,
integrated,data/abc_arc/stationery_tempo_slowpace_arcdur.yaml,resolved,abc_arc/hpt_abc_cotrain_300M_qwen_pooled,abc_arc/stationery_tempo_slowpace_arcdur,eval_arc_bimanual_cartesian_D40_M100,f6516643c59a92ede8860f548168f162e4d12e10e247f193a6460a02f651c40e,5fb7026055c09d57372ba12920da7f1ccb87202706981938e2af36bb1cd6cae1,0ded3b624e4d01269cb8dadfd1b6ed2c3311e17537ae9dd225c4290191b8a1b7,
integrated,data/abc_arc/stationery_tempo_slowpace_time.yaml,resolved,abc_arc/hpt_abc_cotrain_300M_qwen_pooled,abc_arc/stationery_tempo_slowpace_time,eval_arc_bimanual_cartesian_D40_M100,f6516643c59a92ede8860f548168f162e4d12e10e247f193a6460a02f651c40e,3dc4346dc3fffe8ac7fdde0224a0f475a3441e655b67155579a0b09d67c23632,0ded3b624e4d01269cb8dadfd1b6ed2c3311e17537ae9dd225c4290191b8a1b7,
integrated,data/abc_arc/timepre_abc_data.yaml,resolved,abc_arc/hpt_abc_cotrain_300M_qwen_pooled,abc_arc/timepre_abc_data,eval_arc_bimanual_cartesian_D40_M100,f6516643c59a92ede8860f548168f162e4d12e10e247f193a6460a02f651c40e,ac568d7dd71bdd4f50a5d99ebaa879c5236517f2c259a580c5407d4ecb8c5886,0ded3b624e4d01269cb8dadfd1b6ed2c3311e17537ae9dd225c4290191b8a1b7,
integrated,data/abc_arc/towels_abc_arcdur.yaml,resolved,abc_arc/hpt_abc_cotrain_300M_qwen_pooled,abc_arc/towels_abc_arcdur,eval_arc_bimanual_cartesian_D40_M100,f6516643c59a92ede8860f548168f162e4d12e10e247f193a6460a02f651c40e,dc1035ce6d653dccfe2f3ed5f8c1072dcf9f0e7cb54817f3dc360f17e8874903,0ded3b624e4d01269cb8dadfd1b6ed2c3311e17537ae9dd225c4290191b8a1b7,
integrated,data/abc_arc/towels_abc_time.yaml,resolved,abc_arc/hpt_abc_cotrain_300M_qwen_pooled,abc_arc/towels_abc_time,eval_arc_bimanual_cartesian_D40_M100,f6516643c59a92ede8860f548168f162e4d12e10e247f193a6460a02f651c40e,a64c49823fb9ef55dc886ef59b8ef46169df7c11807edb5ea7b2e54100e1f930,0ded3b624e4d01269cb8dadfd1b6ed2c3311e17537ae9dd225c4290191b8a1b7,
integrated,data/abc_arc/towels_mix4060_arcdur_lambda.yaml,resolved,abc_arc/hpt_abc_cotrain_300M_qwen_pooled,abc_arc/towels_mix4060_arcdur_lambda,eval_arc_bimanual_cartesian_D40_M100,f6516643c59a92ede8860f548168f162e4d12e10e247f193a6460a02f651c40e,7ec06b4fbce5d23ece727e988bc2f5a2a9fe7cce13db3fde8efa49c1dfe658f0,0ded3b624e4d01269cb8dadfd1b6ed2c3311e17537ae9dd225c4290191b8a1b7,
integrated,data/abc_arc/towels_mix4060_arcvel_lambda.yaml,resolved,abc_arc/hpt_abc_cotrain_300M_qwen_pooled,abc_arc/towels_mix4060_arcvel_lambda,eval_arc_bimanual_cartesian_D40_M100,f6516643c59a92ede8860f548168f162e4d12e10e247f193a6460a02f651c40e,25a4023db5087b90d38da40995a37d91e0b38da641c0d5caf32489902d64e241,0ded3b624e4d01269cb8dadfd1b6ed2c3311e17537ae9dd225c4290191b8a1b7,
integrated,data/abc_arc/towels_mix4060_normpool_arcdur_lambda.yaml,resolved,abc_arc/hpt_abc_cotrain_300M_qwen_pooled,abc_arc/towels_mix4060_normpool_arcdur_lambda,eval_arc_bimanual_cartesian_D40_M100,f6516643c59a92ede8860f548168f162e4d12e10e247f193a6460a02f651c40e,ae5f56bceefca19bb3f7893079dfa64274d3e863587d1800b2338da3206af1d0,0ded3b624e4d01269cb8dadfd1b6ed2c3311e17537ae9dd225c4290191b8a1b7,
integrated,data/abc_arc/towels_mix4060_normpool_arcvel_lambda.yaml,resolved,abc_arc/hpt_abc_cotrain_300M_qwen_pooled,abc_arc/towels_mix4060_normpool_arcvel_lambda,eval_arc_bimanual_cartesian_D40_M100,f6516643c59a92ede8860f548168f162e4d12e10e247f193a6460a02f651c40e,68b3f586e9a6c15c6cabfe867fdf384398037dcd1c03f0d7ca613bdea61bcc86,0ded3b624e4d01269cb8dadfd1b6ed2c3311e17537ae9dd225c4290191b8a1b7,
integrated,data/abc_arc/towels_mix4060_normpool_time_lambda.yaml,resolved,abc_arc/hpt_abc_cotrain_300M_qwen_pooled,abc_arc/towels_mix4060_normpool_time_lambda,eval_arc_bimanual_cartesian_D40_M100,f6516643c59a92ede8860f548168f162e4d12e10e247f193a6460a02f651c40e,d863a797474f0b0cc1d84c05a8b5e4cb0032b55f44fea673975992e8e699275a,0ded3b624e4d01269cb8dadfd1b6ed2c3311e17537ae9dd225c4290191b8a1b7,
integrated,data/abc_arc/towels_mix4060_time_lambda.yaml,resolved,abc_arc/hpt_abc_cotrain_300M_qwen_pooled,abc_arc/towels_mix4060_time_lambda,eval_arc_bimanual_cartesian_D40_M100,f6516643c59a92ede8860f548168f162e4d12e10e247f193a6460a02f651c40e,85b1a4021853c46dc9f464cbcb982a2ca15374d3636ecaa8ebbec99cf17bf9e9,0ded3b624e4d01269cb8dadfd1b6ed2c3311e17537ae9dd225c4290191b8a1b7,
integrated,data/abc_arc/towels_mix5050_arcdur.yaml,resolved,abc_arc/hpt_abc_cotrain_300M_qwen_pooled,abc_arc/towels_mix5050_arcdur,eval_arc_bimanual_cartesian_D40_M100,f6516643c59a92ede8860f548168f162e4d12e10e247f193a6460a02f651c40e,579b2e6579e6e873b56e70bbbac208757494cccd814201063d881548e640dc4a,0ded3b624e4d01269cb8dadfd1b6ed2c3311e17537ae9dd225c4290191b8a1b7,
integrated,data/abc_arc/towels_mix5050_arcvel.yaml,resolved,abc_arc/hpt_abc_cotrain_300M_qwen_pooled,abc_arc/towels_mix5050_arcvel,eval_arc_bimanual_cartesian_D40_M100,f6516643c59a92ede8860f548168f162e4d12e10e247f193a6460a02f651c40e,99e04cf5d604be910d762cf511d4d2877899305e4818314866d0c1c482c20e33,0ded3b624e4d01269cb8dadfd1b6ed2c3311e17537ae9dd225c4290191b8a1b7,
integrated,data/abc_arc/towels_mix5050_time.yaml,resolved,abc_arc/hpt_abc_cotrain_300M_qwen_pooled,abc_arc/towels_mix5050_time,eval_arc_bimanual_cartesian_D40_M100,f6516643c59a92ede8860f548168f162e4d12e10e247f193a6460a02f651c40e,b67223d27ec9cef9987918c1eb47fdde6a782b1b38721a75b53d64044f61f723,0ded3b624e4d01269cb8dadfd1b6ed2c3311e17537ae9dd225c4290191b8a1b7,
integrated,data/abc_arc/towels_mix_arcvel.yaml,resolved,abc_arc/hpt_abc_cotrain_300M_qwen_pooled,abc_arc/towels_mix_arcvel,eval_arc_bimanual_cartesian_D40_M100,f6516643c59a92ede8860f548168f162e4d12e10e247f193a6460a02f651c40e,92cff8003ee9674203ae2a7d5a8aab555a3cb9a66cab7679be1fd14d703b7529,0ded3b624e4d01269cb8dadfd1b6ed2c3311e17537ae9dd225c4290191b8a1b7,
integrated,data/abc_arc/towels_mix_time.yaml,resolved,abc_arc/hpt_abc_cotrain_300M_qwen_pooled,abc_arc/towels_mix_time,eval_arc_bimanual_cartesian_D40_M100,f6516643c59a92ede8860f548168f162e4d12e10e247f193a6460a02f651c40e,bd0a50920022a7716393bf45ed9715bf6eb4da57b36195cb13d79f3d8815aba2,0ded3b624e4d01269cb8dadfd1b6ed2c3311e17537ae9dd225c4290191b8a1b7,
integrated,data/abc_arc/towels_rl2_298_arcdur.yaml,resolved,abc_arc/hpt_abc_cotrain_300M_qwen_pooled,abc_arc/towels_rl2_298_arcdur,eval_arc_bimanual_cartesian_D40_M100,f6516643c59a92ede8860f548168f162e4d12e10e247f193a6460a02f651c40e,72f790f91f40720681c009bce0d2959d6c2c57f94973c01c1a3c6ca8c1b295d8,0ded3b624e4d01269cb8dadfd1b6ed2c3311e17537ae9dd225c4290191b8a1b7,
integrated,data/abc_arc/towels_rl2_298_arcvel.yaml,resolved,abc_arc/hpt_abc_cotrain_300M_qwen_pooled,abc_arc/towels_rl2_298_arcvel,eval_arc_bimanual_cartesian_D40_M100,f6516643c59a92ede8860f548168f162e4d12e10e247f193a6460a02f651c40e,56dbcb51fb696ebb16a60a0089a13c7eb77d287481c43ca8211a711adaab2938,0ded3b624e4d01269cb8dadfd1b6ed2c3311e17537ae9dd225c4290191b8a1b7,
integrated,data/abc_arc/towels_rl2_298_time.yaml,resolved,abc_arc/hpt_abc_cotrain_300M_qwen_pooled,abc_arc/towels_rl2_298_time,eval_arc_bimanual_cartesian_D40_M100,f6516643c59a92ede8860f548168f162e4d12e10e247f193a6460a02f651c40e,386d47e52bc3fc3add4bd4a98176bac900e43dd4ec967236776a42705423e07f,0ded3b624e4d01269cb8dadfd1b6ed2c3311e17537ae9dd225c4290191b8a1b7,
integrated,data/abc_arc/towels_rl2_394_arcdur.yaml,resolved,abc_arc/hpt_abc_cotrain_300M_qwen_pooled,abc_arc/towels_rl2_394_arcdur,eval_arc_bimanual_cartesian_D40_M100,f6516643c59a92ede8860f548168f162e4d12e10e247f193a6460a02f651c40e,ebfca0a6ea18d9ce12e890f83c9661281c89d62c6ed697ad39cea12d15bc63ce,0ded3b624e4d01269cb8dadfd1b6ed2c3311e17537ae9dd225c4290191b8a1b7,
integrated,data/abc_arc/towels_rl2_394_arcdur_lambda.yaml,resolved,abc_arc/hpt_abc_cotrain_300M_qwen_pooled,abc_arc/towels_rl2_394_arcdur_lambda,eval_arc_bimanual_cartesian_D40_M100,f6516643c59a92ede8860f548168f162e4d12e10e247f193a6460a02f651c40e,46a5f39d13d5b5aa37349ee208d3b056a7211a445c523e70fbb8b78bb90273bd,0ded3b624e4d01269cb8dadfd1b6ed2c3311e17537ae9dd225c4290191b8a1b7,
integrated,data/abc_arc/towels_rl2_394_arcdur_w400_lambda.yaml,resolved,abc_arc/hpt_abc_cotrain_300M_qwen_pooled,abc_arc/towels_rl2_394_arcdur_w400_lambda,eval_arc_bimanual_cartesian_D40_M100,f6516643c59a92ede8860f548168f162e4d12e10e247f193a6460a02f651c40e,ab3fe3067a3c028ce6efdfa24f2d77e948012620119d394659e74a979f1e07b8,0ded3b624e4d01269cb8dadfd1b6ed2c3311e17537ae9dd225c4290191b8a1b7,
integrated,data/abc_arc/towels_rl2_394_arcvel.yaml,resolved,abc_arc/hpt_abc_cotrain_300M_qwen_pooled,abc_arc/towels_rl2_394_arcvel,eval_arc_bimanual_cartesian_D40_M100,f6516643c59a92ede8860f548168f162e4d12e10e247f193a6460a02f651c40e,5f02e2dc94df54006b1016a3379f46c1c22fe187d5314755905cfb1a1b27fa97,0ded3b624e4d01269cb8dadfd1b6ed2c3311e17537ae9dd225c4290191b8a1b7,
integrated,data/abc_arc/towels_rl2_394_arcvel_lambda.yaml,resolved,abc_arc/hpt_abc_cotrain_300M_qwen_pooled,abc_arc/towels_rl2_394_arcvel_lambda,eval_arc_bimanual_cartesian_D40_M100,f6516643c59a92ede8860f548168f162e4d12e10e247f193a6460a02f651c40e,8a08d2875ffac8e72dd16b316b0bcda843bc37bc636c59441a40f5eadbb400d5,0ded3b624e4d01269cb8dadfd1b6ed2c3311e17537ae9dd225c4290191b8a1b7,
integrated,data/abc_arc/towels_rl2_394_time.yaml,resolved,abc_arc/hpt_abc_cotrain_300M_qwen_pooled,abc_arc/towels_rl2_394_time,eval_arc_bimanual_cartesian_D40_M100,f6516643c59a92ede8860f548168f162e4d12e10e247f193a6460a02f651c40e,25055020fdf24e99b5fe092df9a532b077f18363aea0ed0c2edc50e2d405f05a,0ded3b624e4d01269cb8dadfd1b6ed2c3311e17537ae9dd225c4290191b8a1b7,
integrated,data/abc_arc/towels_rl2_394_time_lambda.yaml,resolved,abc_arc/hpt_abc_cotrain_300M_qwen_pooled,abc_arc/towels_rl2_394_time_lambda,eval_arc_bimanual_cartesian_D40_M100,f6516643c59a92ede8860f548168f162e4d12e10e247f193a6460a02f651c40e,1f8d3764c0379ab4a47d78204ec5fae337c0bc2cfc5c257441d21951acba0f39,0ded3b624e4d01269cb8dadfd1b6ed2c3311e17537ae9dd225c4290191b8a1b7,
integrated,data/abc_arc/towels_rl2_arcdur.yaml,resolved,abc_arc/hpt_abc_cotrain_300M_qwen_pooled,abc_arc/towels_rl2_arcdur,eval_arc_bimanual_cartesian_D40_M100,f6516643c59a92ede8860f548168f162e4d12e10e247f193a6460a02f651c40e,fbe5b3b07b46990f98c996babbf7cbb958b97f251446f581fdde8e4ba17ac277,0ded3b624e4d01269cb8dadfd1b6ed2c3311e17537ae9dd225c4290191b8a1b7,
integrated,data/abc_arc/towels_rl2_time.yaml,resolved,abc_arc/hpt_abc_cotrain_300M_qwen_pooled,abc_arc/towels_rl2_time,eval_arc_bimanual_cartesian_D40_M100,f6516643c59a92ede8860f548168f162e4d12e10e247f193a6460a02f651c40e,cb2aaa1d15b6c7f6182a718ba6d96180eee983f5c8af5da70e1490e3bea9be72,0ded3b624e4d01269cb8dadfd1b6ed2c3311e17537ae9dd225c4290191b8a1b7,
integrated,data/aria.yaml,resolved,,aria,,,1736f4eb81cb8d28ef01999269e3ebeaad3731a7bf000e3ddc2dead7bf2069b6,,
integrated,data/aria_keypoints.yaml,resolved,,aria_keypoints,,,9e463d7cf30f0fb34e451e770ee13ceca2f4cedbaeb9b7d5ea98d2df9faea6fd,,
integrated,data/aria_keypoints_wrist.yaml,resolved,,aria_keypoints_wrist,,,540750b3f01b5ed772b001b783919bf1b11f8f7a9c005d6a2e53eb5e8b36daec,,
integrated,data/aria_qwen.yaml,resolved,,aria_qwen,,,7cea62f4c189a34f181f803df4647a1368d7aae0c72c07803986b584988bbe87,,
integrated,data/bc_pickplace_eva_qwen.yaml,resolved,,bc_pickplace_eva_qwen,,,24837e8e04e55498c713b4166061c9eb8f330ec6ab327b3fd6895370afdd4006,,
integrated,data/cotrain_dense_language.yaml,resolved,,cotrain_dense_language,,,9624d886d069556202034369833d3086d738abb94d147dba294f69011c49c051,,
integrated,data/cotrain_dense_language_base.yaml,resolved,,cotrain_dense_language_base,,,a214e622250698ef1ce4f29881fb986aa50b515ced81b5577bf80458bcbb1582,,
integrated,data/cotrain_pi_base.yaml,resolved,,cotrain_pi_base,,,a214e622250698ef1ce4f29881fb986aa50b515ced81b5577bf80458bcbb1582,,
integrated,data/cotrain_pi_lang.yaml,resolved,,cotrain_pi_lang,,,9624d886d069556202034369833d3086d738abb94d147dba294f69011c49c051,,
integrated,data/cotrain_pi_lang_wrist.yaml,resolved,,cotrain_pi_lang_wrist,,,e82ee41ca5bb3fcdf365ce600eb7115a8743baa83f035b32cfdd04edaa93d699,,
integrated,data/cotrain_pi_latent.yaml,resolved,,cotrain_pi_latent,,,6c744c82e677f55a51e3b75e4833751a02119e5217c363f1b056d5bc3d7abf45,,
integrated,data/cotrain_pi_no_lang.yaml,resolved,,cotrain_pi_no_lang,,,1dae5a63dd928d72723f5a37677236713f9bc8a72053c9e6457bdb3d990e03e7,,
integrated,data/cotrain_pi_pickplace_qwen.yaml,resolved,,cotrain_pi_pickplace_qwen,,,d339cdb9072af3a3e94098c07aa1e31a5b1753562cdd1e9f3086d84202a83963,,
integrated,data/cotrain_pickplace_qwen.yaml,resolved,,cotrain_pickplace_qwen,,,d339cdb9072af3a3e94098c07aa1e31a5b1753562cdd1e9f3086d84202a83963,,
integrated,data/cotrain_pickplace_qwen_objgen.yaml,resolved,,cotrain_pickplace_qwen_objgen,,,b0154983802ed85798c70b93f7557d368414230a5f5436bc9441fcd19c2cc034,,
integrated,data/cotrain_pickplace_qwen_wrist.yaml,resolved,,cotrain_pickplace_qwen_wrist,,,20085edc555057c955501e00f6c5bb74b5709e2a0fd2072f7d8199e089cc5ef9,,
integrated,data/e1/abc_skirts.yaml,resolved,e1/hpt_flow,e1/abc_skirts,e1/fold_tempo,2dc887c2171601a18300a84a8a7f66d9f9753eaaae9746460317daa12a34216c,2ac9ed3ab0d48907f90491044e934284a80ebf6624d8b20ea8f843be06b7fdc1,776af127372bda43934b33cda235137a2dab6efcfc24b376bfe689f75a8c4fb5,
integrated,data/e1/abc_stationery.yaml,resolved,e1/hpt_flow,e1/abc_stationery,e1/fold_tempo,2dc887c2171601a18300a84a8a7f66d9f9753eaaae9746460317daa12a34216c,2ac9ed3ab0d48907f90491044e934284a80ebf6624d8b20ea8f843be06b7fdc1,776af127372bda43934b33cda235137a2dab6efcfc24b376bfe689f75a8c4fb5,
integrated,data/e1/fold_freeform.yaml,resolved,e1/hpt_flow,e1/fold_freeform,e1/fold_tempo,2dc887c2171601a18300a84a8a7f66d9f9753eaaae9746460317daa12a34216c,bcaa8d426eaca4a223b157af5d0f971dbbc3e92167203bd4e1b5bc5799621113,776af127372bda43934b33cda235137a2dab6efcfc24b376bfe689f75a8c4fb5,
integrated,data/eva.yaml,resolved,,eva,,,8214b45379c7a37735b0e8fb42162f8167ee6fbd6e0eddf6ee78d81e6a2d89ae,,
integrated,data/eva_dense_language.yaml,resolved,,eva_dense_language,,,2f0e3befd588cb7eed343396c27ad3aed4d7632f13f4851e755b5229f6cda6e1,,
integrated,data/eva_pi.yaml,resolved,,eva_pi,,,864ca31ecf63a11c624c62d5b086ddb58ecae8e6a71e89dde90858c05e01aaa8,,
integrated,data/eva_pi_lang.yaml,resolved,,eva_pi_lang,,,2f0e3befd588cb7eed343396c27ad3aed4d7632f13f4851e755b5229f6cda6e1,,
integrated,data/human.yaml,resolved,,human,,,9b8ccb64c1f3c38430d8bcd0527218a6d78b85bf2729e444d69c7af2847db746,,
integrated,data/industry_eva_pi.yaml,resolved,,industry_eva_pi,,,886b26baaa376079dbf33baf460b81edc2b97b1dde357484a61919be141b3e9a,,
integrated,data/mecka.yaml,resolved,,mecka,,,e9f0f7a4be9dbb9d3ccfeb9a39d6acbcafbb663671a0b87f212dd8a9419a3c09,,
integrated,data/mecka_scale_cotrain_pi.yaml,resolved,,mecka_scale_cotrain_pi,,,804ff642683db89ce0a37b29784b1297f7cdac62c42649160ac851a2277e23ec,,
integrated,data/pi05/abc_eva_pi_6d.yaml,resolved,,pi05/abc_eva_pi_6d,,,3b3b3fc50d897c44977579f606aca897a280e623e22afbfd819e26929f6a2c40,,
integrated,data/pi05/abc_eva_pi_6d_foldviz.yaml,resolved,,pi05/abc_eva_pi_6d_foldviz,,,02d51d95eaac1b6cec3c15e19a0d64bdf8df2bbb3a639d759acfe5f83fdec56f,,
integrated,data/pi05/abc_stationery_pi_6d.yaml,resolved,,pi05/abc_stationery_pi_6d,,,7c37d74498030e611d272a624d17cb4c7cf431d47ca5af634e8c441956846a87,,
integrated,data/pi05/aria_fold_pi_6d_grip.yaml,resolved,,pi05/aria_fold_pi_6d_grip,,,672ace10b289c31ab8ac25db5641caa0531c179c5d3dae1cb9f51c9fd80eeba9,,
integrated,data/pi05/cotrain_pi_base.yaml,resolved,,pi05/cotrain_pi_base,,,99fea98f8bd10d00f7cfec23677302d8cba84087f2be21f13e39429494143a2c,,
integrated,data/pi05/cotrain_pi_lang.yaml,resolved,,pi05/cotrain_pi_lang,,,a549ca0be01fc422d5e7bd3e3deaee80660a328fe9d1019b1cba3379d39a00fc,,
integrated,data/pi05/cotrain_pi_lang_6d.yaml,resolved,,pi05/cotrain_pi_lang_6d,,,4b0b2d5a201bfa8eebf061b47fc445a1e2268cb5042e07ea6e8cf3b37df85074,,
integrated,data/pi05/mecka_abc_pi_6d.yaml,resolved,,pi05/mecka_abc_pi_6d,,,366821fbd4f6e2a0b1c03dd151e511e46d8f3ab5cf311cb19d6b90b4bc5b8dfe,,
integrated,data/pi05/mecka_all_pi_6d.yaml,resolved,,pi05/mecka_all_pi_6d,,,e0004c9104dd9a742b604290527960c99200cb60aa713aefca81dddfb1a10537,,
integrated,data/pi05/mecka_fold_flagship_pi_6d.yaml,resolved,,pi05/mecka_fold_flagship_pi_6d,,,b67ac50d98254b3f435f48d6c0873604c1611da2ffc9eb2210b25c71e4a5096a,,
integrated,data/pi05/obj_gen_pi_lang.yaml,resolved,,pi05/obj_gen_pi_lang,,,35eb3919d9924afbcbc7cbfe49490baf27f77320ff0e1b59bd1af08592cc5580,,
integrated,data/pi05/obj_gen_pi_lang_6d.yaml,resolved,,pi05/obj_gen_pi_lang_6d,,,d453c12865261ea8040353fbd87d12f13d38791944d18e30f49f0761651cf77e,,
integrated,data/pi05/obj_gen_pi_lang_wristframe.yaml,resolved,,pi05/obj_gen_pi_lang_wristframe,,,ea7cd8909166e6f9a1ce79eaf22adfd797e94380d040436523ed59e301170e99,,
integrated,data/pi05/obj_gen_pi_lang_wristframe_6d.yaml,resolved,,pi05/obj_gen_pi_lang_wristframe_6d,,,4489b3119e9af15af0f7e662011278bf1a9714297437fef85b760cbeb200ea9f,,
integrated,data/pusht/action_flow_unite_chain_val01_h16.yaml,resolved,bf/bf_planar_v2_dp_standard,pusht/action_flow_unite_chain_val01_h16,eval_planar_v2,80575122241cbef17d4b88dcc03db929203ee1be0488c99d1c9218c3b4fa0e33,cb45a6b11a822f5cbdfa6788794cc358f9552ab2419adc14476da61d2a7d3e57,4e1b687034c00963ee8843fa0ce0c65e3d3d3a3ead23485806006aca479639b4,
integrated,data/pusht/action_flow_unite_usocket_val01_h16.yaml,resolved,bf/bf_planar_v2_dp_standard,pusht/action_flow_unite_usocket_val01_h16,eval_planar_v2,80575122241cbef17d4b88dcc03db929203ee1be0488c99d1c9218c3b4fa0e33,eed777b96d998213957990ee1a86975889b80df917df273c1fead8a5af302266,4e1b687034c00963ee8843fa0ce0c65e3d3d3a3ead23485806006aca479639b4,
integrated,data/pusht/action_flow_usocket_val01_h16_common4.yaml,resolved,bf/bf_planar_v2_dp_standard,pusht/action_flow_usocket_val01_h16_common4,eval_planar_v2,80575122241cbef17d4b88dcc03db929203ee1be0488c99d1c9218c3b4fa0e33,bd8a3af09071d90d7823d89a70251bc54bb9511dbca3b70982a3963cd130b9b0,4e1b687034c00963ee8843fa0ce0c65e3d3d3a3ead23485806006aca479639b4,
integrated,data/pusht/planar_v2_chain_gripper.yaml,resolved,bf/bf_planar_v2_dp_standard,pusht/planar_v2_chain_gripper,eval_planar_v2,80575122241cbef17d4b88dcc03db929203ee1be0488c99d1c9218c3b4fa0e33,a5c5f31aabe6eabfc68f68b69067019f01e51cbfa80845e4775f34c7dd9fd9f6,4e1b687034c00963ee8843fa0ce0c65e3d3d3a3ead23485806006aca479639b4,
integrated,data/pusht/planar_v2_cotrain_clean.yaml,resolved,bf/bf_planar_v2_dp_standard,pusht/planar_v2_cotrain_clean,eval_planar_v2,80575122241cbef17d4b88dcc03db929203ee1be0488c99d1c9218c3b4fa0e33,47aa82f842d547fbc08899bf525ad18e89c946657d36e7d38b0f624b00e5e25d,4e1b687034c00963ee8843fa0ce0c65e3d3d3a3ead23485806006aca479639b4,
integrated,data/pusht/planar_v2_usocket.yaml,resolved,bf/bf_planar_v2_dp_standard,pusht/planar_v2_usocket,eval_planar_v2,80575122241cbef17d4b88dcc03db929203ee1be0488c99d1c9218c3b4fa0e33,9a49c2e8378caffdbacab0dff1a0f2f13763e040836365f25541ff21ab9efb8c,4e1b687034c00963ee8843fa0ce0c65e3d3d3a3ead23485806006aca479639b4,
integrated,data/pusht/unite_cotrain_usocket_chain_val01_h16.yaml,resolved,bf/bf_planar_v2_dp_standard,pusht/unite_cotrain_usocket_chain_val01_h16,eval_planar_v2,80575122241cbef17d4b88dcc03db929203ee1be0488c99d1c9218c3b4fa0e33,abb6305035d7d096e2c9f711dbe64d47cb677fed837bdadb412d639cd042c415,4e1b687034c00963ee8843fa0ce0c65e3d3d3a3ead23485806006aca479639b4,
integrated,data/pusht/unite_usocket_val01_h16_per_emb_proprio.yaml,resolved,bf/bf_planar_v2_dp_standard,pusht/unite_usocket_val01_h16_per_emb_proprio,eval_planar_v2,80575122241cbef17d4b88dcc03db929203ee1be0488c99d1c9218c3b4fa0e33,6e6eca51d1949ce11f87231ddfb5bca1ffbbef62fea724d6a04285d366e0a9a7,4e1b687034c00963ee8843fa0ce0c65e3d3d3a3ead23485806006aca479639b4,
integrated,data/scale.yaml,resolved,,scale,,,10f6799c58777e2eb119aa8e728a04d3f1c1890e471c92b486d87d80198daab1,,
integrated,evaluator/data_fields.yaml,resolved,,,data_fields,,,1971d09ead00fd9a0fb7557e12f58db9c75cf4755271a9ba11dd342f29ef78f7,
integrated,evaluator/dataset_video.yaml,resolved,,cotrain_pi_lang,dataset_video,,9624d886d069556202034369833d3086d738abb94d147dba294f69011c49c051,9bf2565b2044af421eb4e315c70dc9d1ba9b869c8e4f6755a732dac9b470156e,
integrated,evaluator/e1/fold_tempo.yaml,resolved,e1/hpt_flow,e1/fold_freeform,e1/fold_tempo,2dc887c2171601a18300a84a8a7f66d9f9753eaaae9746460317daa12a34216c,bcaa8d426eaca4a223b157af5d0f971dbbc3e92167203bd4e1b5bc5799621113,776af127372bda43934b33cda235137a2dab6efcfc24b376bfe689f75a8c4fb5,
integrated,evaluator/eval_arc_bimanual_cartesian_D40_M100.yaml,resolved,abc_arc/yam_bimanual_dp_arc_D40_M100,abc_arc/abc_fstshirt_arc_bc_D40_M100,eval_arc_bimanual_cartesian_D40_M100,770d72fe17361d7a897218fab451b22fffff75d9d241979cd9855cdf0e3a9465,694953f8b7e5389c17823ad23929c30bc9f769b8fdb6ad784e95183bcf036a17,5ebf1d04679769dc96ab1c89e1198a0fcb2474d8fb35cfbd846b8e45ba5308b7,
integrated,evaluator/eval_bimanual_cartesian.yaml,resolved,,,eval_bimanual_cartesian,,,80edb17228ad738f22ff9d07470673a2cfda8da2098963d3b6b671de6c95c084,
integrated,evaluator/eval_hpt.yaml,resolved,,,eval_hpt,,,e8a74acb1c33c144d565f0838cfac28ad89214cda96fe63e93946ae933b3067c,
integrated,evaluator/eval_hpt_wrist.yaml,resolved,,,eval_hpt_wrist,,,02b699834bb19d78cb6fd72e7ed03a1068cf106bd95cb314e33675198dc8ef8c,
integrated,evaluator/eval_keypoints.yaml,resolved,,,eval_keypoints,,,e71292ecbdf32f1db6d11dad5d03461dd032cc6ad6301687c767277d0f565673,
integrated,evaluator/eval_keypoints_wrist.yaml,resolved,,,eval_keypoints_wrist,,,fd5e2a100dc89ca4200992f62864aee0205b322b72eddb5828f1f35d0890244c,
integrated,evaluator/eval_latent.yaml,resolved,,,eval_latent,,,c10dc95da7886f63e3e9ee6bced81627406a26880df775c0dc6b83405ec86c57,
integrated,evaluator/eval_open_loop_sim.yaml,resolved,,,eval_open_loop_sim,,,c97d0c8908ef8d8e836a2a5b368ca9fb6c73ba884702f58ebf67ab03a231b8c4,
integrated,evaluator/eval_pi.yaml,resolved,,,eval_pi,,,0bcb6972bcff255d91f74fbf58a864faf8022e4eadc8b83907bd5a2fc5a8ee7b,
integrated,evaluator/eval_planar_v2.yaml,resolved,,,eval_planar_v2,,,05db0475c8b79dcf1f812522f33e378ae349d3de70d9e1261ec3c06cd1c4fcf1,
integrated,evaluator/pi05/eval_pi.yaml,resolved,pi05/pi0.5_bc_abc_eva_6d,pi05/abc_stationery_pi_6d,pi05/eval_pi,0063bf23dd2cd99e3a25149aae0305c8b389425a626911b7a08c46e194710b84,7c37d74498030e611d272a624d17cb4c7cf431d47ca5af634e8c441956846a87,840b5df6c91423665181a661b2f3a77c1d112b0d43a240979bafdc319692f49a,
integrated,evaluator/pi05/eval_pi_camframe_6d.yaml,resolved,pi05/pi0.5_bc_abc_eva_6d,pi05/abc_stationery_pi_6d,pi05/eval_pi_camframe_6d,0063bf23dd2cd99e3a25149aae0305c8b389425a626911b7a08c46e194710b84,7c37d74498030e611d272a624d17cb4c7cf431d47ca5af634e8c441956846a87,e16d1f9253df72932576074a1ce83b3d9b078c563cbc5335d50fc845f3a8c0f3,
integrated,evaluator/pi05/eval_pi_wristframe_6d.yaml,resolved,pi05/pi0.5_bc_abc_eva_6d,pi05/abc_stationery_pi_6d,pi05/eval_pi_wristframe_6d,0063bf23dd2cd99e3a25149aae0305c8b389425a626911b7a08c46e194710b84,7c37d74498030e611d272a624d17cb4c7cf431d47ca5af634e8c441956846a87,0564c5df02522250fefe87193b5bcb9263fc961015efb5997167a3f166ecb07d,
integrated,evaluator/pi05/eval_pi_wristframe_6d_grip.yaml,resolved,pi05/pi0.5_bc_abc_eva_6d,pi05/abc_stationery_pi_6d,pi05/eval_pi_wristframe_6d_grip,0063bf23dd2cd99e3a25149aae0305c8b389425a626911b7a08c46e194710b84,7c37d74498030e611d272a624d17cb4c7cf431d47ca5af634e8c441956846a87,caf007e727f7d045ad65a3fd8f1c6ae4e766c2b308462d4e16ee2a8b9c7c28cd,
integrated,evaluator/viz/cartesian/base.yaml,resolved,,,eval_bimanual_cartesian,,,80edb17228ad738f22ff9d07470673a2cfda8da2098963d3b6b671de6c95c084,
integrated,evaluator/viz/cartesian.yaml,resolved,,,eval_bimanual_cartesian,,,44bc39fe775f027d4f312a23ed45f6449ba99840b4ef25c11013840612e62783,
integrated,evaluator/viz/cartesian_wrist.yaml,resolved,,,eval_bimanual_cartesian,,,44bc39fe775f027d4f312a23ed45f6449ba99840b4ef25c11013840612e62783,
integrated,evaluator/viz/cartesian_wrist_lang.yaml,resolved,,,eval_bimanual_cartesian,,,974ac927aa1c3415092a6a6e59df4e7d01011f632beba9ac6b8d815f008f946c,
integrated,evaluator/viz/cotrain_lang.yaml,resolved,,,eval_bimanual_cartesian,,,974ac927aa1c3415092a6a6e59df4e7d01011f632beba9ac6b8d815f008f946c,
integrated,evaluator/viz/keypoints.yaml,resolved,,,eval_bimanual_cartesian,,,b90776c6ddca1001746228d92868073c3e4aadc6fa48022e2e5b24edc9cf2ae0,
integrated,evaluator/viz/keypoints_wrist.yaml,resolved,,,eval_bimanual_cartesian,,,b90776c6ddca1001746228d92868073c3e4aadc6fa48022e2e5b24edc9cf2ae0,
integrated,evaluator/viz/pi_cartesian.yaml,resolved,,,eval_bimanual_cartesian,,,44bc39fe775f027d4f312a23ed45f6449ba99840b4ef25c11013840612e62783,
integrated,evaluator/viz/pi_cartesian_lang.yaml,resolved,,,eval_bimanual_cartesian,,,ca0189841a1642909e9a91d7fcb6337123406dea16560125d1f1e60464ad4e57,
integrated,evaluator/viz/pi_cartesian_lang_wrist.yaml,resolved,,,eval_bimanual_cartesian,,,ca0189841a1642909e9a91d7fcb6337123406dea16560125d1f1e60464ad4e57,
integrated,experiment/abc/yam_fstshirt_dp.yaml,resolved,abc/yam_bimanual_dp,abc_arc/abc_fstshirt_bc,,c911f20351c9d67c5048db4d57f7f84dc30df80595ce9e183db5ad8b74a4cecf,9cffa0952523d7b1c51e8aff6e7e6c0befe2fc12342fc7a97bb9e2f2398645d2,,
integrated,experiment/abc/yam_fstshirt_hpt.yaml,resolved,abc/yam_bimanual_hpt,abc_arc/abc_fstshirt_bc,,26213b106cfe0693f206d1a87a96f04b3698071057642a361512259ca41ee289,9cffa0952523d7b1c51e8aff6e7e6c0befe2fc12342fc7a97bb9e2f2398645d2,,
integrated,experiment/abc_arc/abc_fstshirt_arc_bc.yaml,resolved,abc_arc/yam_bimanual_dp_arc_D40_M100,abc_arc/abc_fstshirt_arc_bc_D40_M100,eval_arc_bimanual_cartesian_D40_M100,770d72fe17361d7a897218fab451b22fffff75d9d241979cd9855cdf0e3a9465,694953f8b7e5389c17823ad23929c30bc9f769b8fdb6ad784e95183bcf036a17,5ebf1d04679769dc96ab1c89e1198a0fcb2474d8fb35cfbd846b8e45ba5308b7,
integrated,experiment/abc_arc/abc_fstshirt_bc.yaml,resolved,abc/yam_bimanual_dp,abc_arc/abc_fstshirt_bc,eval_arc_bimanual_cartesian_D40_M100,c911f20351c9d67c5048db4d57f7f84dc30df80595ce9e183db5ad8b74a4cecf,9cffa0952523d7b1c51e8aff6e7e6c0befe2fc12342fc7a97bb9e2f2398645d2,5ebf1d04679769dc96ab1c89e1198a0fcb2474d8fb35cfbd846b8e45ba5308b7,
integrated,experiment/abc_arc/abc_fstshirt_mecka_freefold_cotrain_arcD40M100.yaml,resolved,abc_arc/yam_mecka_cotrain_dp_arc_D40_M100,abc_arc/abc_fstshirt_mecka_freefold_arc_cotrain_D40_M100,eval_arc_bimanual_cartesian_D40_M100,46ea2652197e07837136f46d242ee405eb77ded982c72b5558376c5b21bb38c8,4c41c6a2442744bf108abdb57a8862f960e313cd2ae543d1a2a6c43f0dd521d9,5ebf1d04679769dc96ab1c89e1198a0fcb2474d8fb35cfbd846b8e45ba5308b7,
integrated,experiment/abc_arc/abc_fstshirt_mecka_freefold_cotrain_baseline.yaml,resolved,abc_arc/yam_mecka_cotrain_dp_baseline,abc_arc/abc_fstshirt_mecka_freefold_baseline_cotrain,eval_arc_bimanual_cartesian_D40_M100,e0c2b4537b4cdfbd36227d3aff3390a858bce0020e7d86bb178452110bf7d743,524d88bbacf89b9c4f7df22bd5942ae58f8195f93d258ca959bfd9bcccfc611f,5ebf1d04679769dc96ab1c89e1198a0fcb2474d8fb35cfbd846b8e45ba5308b7,
integrated,experiment/abc_arc/abc_lang_fstshirt_mecka_freefold_cotrain_arcD40M100.yaml,resolved,abc_arc/hpt_abc_cotrain_300M_qwen_pooled_arc_D40_M100,abc_arc/abc_fslongshirt_micro_foldclothes_cotrain_arcD40M100,eval_arc_bimanual_cartesian_D40_M100,681b99da6e854427e7da120879232a53f6b2fe2966bbffb8d52c03f0b33dc5f5,4c41c6a2442744bf108abdb57a8862f960e313cd2ae543d1a2a6c43f0dd521d9,0ded3b624e4d01269cb8dadfd1b6ed2c3311e17537ae9dd225c4290191b8a1b7,
integrated,experiment/abc_arc/abc_lang_fstshirt_mecka_freefold_cotrain_baseline.yaml,resolved,abc_arc/hpt_abc_cotrain_300M_qwen_pooled,abc_arc/abc_fslongshirt_micro_foldclothes_cotrain_baseline,eval_arc_bimanual_cartesian_D40_M100,f6516643c59a92ede8860f548168f162e4d12e10e247f193a6460a02f651c40e,9063a4a752d707d212186615d4a2b5fa8df6cc296495847a8a6ee5aed337a086,0ded3b624e4d01269cb8dadfd1b6ed2c3311e17537ae9dd225c4290191b8a1b7,
integrated,experiment/abc_arc/abc_lang_mecka_fold_multitask_cotrain_arcD40M100.yaml,resolved,abc_arc/hpt_abc_cotrain_300M_qwen_pooled_arc_D40_M100,abc_arc/abc_mecka_fold_multitask_arc_cotrain_D40_M100,eval_arc_bimanual_cartesian_D40_M100,681b99da6e854427e7da120879232a53f6b2fe2966bbffb8d52c03f0b33dc5f5,bf3d6ad48827da1c81f25fc52c8103c065b4b3a6801dc4cf3ab821fa61d77abd,0ded3b624e4d01269cb8dadfd1b6ed2c3311e17537ae9dd225c4290191b8a1b7,
integrated,experiment/abc_arc/abc_lang_mecka_fold_multitask_cotrain_baseline.yaml,resolved,abc_arc/hpt_abc_cotrain_300M_qwen_pooled,abc_arc/abc_mecka_fold_multitask_baseline_cotrain,eval_arc_bimanual_cartesian_D40_M100,f6516643c59a92ede8860f548168f162e4d12e10e247f193a6460a02f651c40e,17809e00a6244825badfa5bb42d5f9577281e39ea8094e8ba442ba68a714da73,0ded3b624e4d01269cb8dadfd1b6ed2c3311e17537ae9dd225c4290191b8a1b7,
integrated,experiment/abc_arc/abc_mecka_fold_multitask_cotrain_arcD40M100.yaml,resolved,abc_arc/yam_mecka_cotrain_dp_300M_arc_D40_M100,abc_arc/abc_mecka_fold_multitask_arc_cotrain_D40_M100,eval_arc_bimanual_cartesian_D40_M100,c33fe936618637cef85ec4a81913fdeca4c49260b5e8a3f7a638c353c49050a6,ec77d6e35276a713248dcb8a185718d83417940d020a0823035445987431cbdf,5ebf1d04679769dc96ab1c89e1198a0fcb2474d8fb35cfbd846b8e45ba5308b7,
integrated,experiment/abc_arc/abc_mecka_fold_multitask_cotrain_baseline.yaml,resolved,abc_arc/yam_mecka_cotrain_dp_300M_baseline,abc_arc/abc_mecka_fold_multitask_baseline_cotrain,eval_arc_bimanual_cartesian_D40_M100,e6e7c674ad15a5f354f7d4dc283fc30ac023e5b5dc924b2eff1cf04c11347dbb,404454157ec79d746e7dcc90d0da876b3e26fb79270aea1dfa5cee21c444d007,5ebf1d04679769dc96ab1c89e1198a0fcb2474d8fb35cfbd846b8e45ba5308b7,
integrated,experiment/abc_arc/abc_stationery_arc_bc.yaml,resolved,e1/hpt_flow_wrists,abc_arc/abc_stationery_arc_bc_D40_M100,eval_arc_bimanual_cartesian_D40_M100,20135037db832a6c0e333aaeb7050ded1342ab6eaeef4341ba23387fde55de79,b117816a18e935b0660bd1e2960acb4442748ea5df019e2b96c63f3a31b85e63,486289ca32ea02bb6b81032bf754c57ced91e11d2801d200d5cd3d8ae03568e3,
integrated,experiment/abc_arc/abc_stationery_bc.yaml,resolved,e1/hpt_flow_wrists,abc_arc/abc_stationery_bc,eval_arc_bimanual_cartesian_D40_M100,66490c439ab8df25fa01287748a3e201570d1356dc772cdffd2ea7b225b49fc2,aa6ba79d83bb031b2a68741a7518948452ccb5a23287509757410777beff940a,486289ca32ea02bb6b81032bf754c57ced91e11d2801d200d5cd3d8ae03568e3,
integrated,experiment/abc_arc/hpt_qwen_300M_knobs.yaml,resolved,,,,,,,
integrated,experiment/abc_arc/human_bc/mecka_fold_clothes_40h_human_visual_baseline_openloop.yaml,resolved,abc_arc/hpt_bimanual_visual,abc_arc/mecka_fold_clothes_40h_human_baseline,eval_open_loop_sim,65d79785b01004f25ec571be3e9bf9471defb6c46295efe1a57458313059d23f,e878938f10f5fc07f8c3e033b6df5779534be0f48c81c4b1ddcbbe980d70a5fb,700a65e09264e66e2038db5d68e5e0e3bbc7bb92da9a097413daa439ba0bf280,
integrated,experiment/abc_arc/human_bc/mecka_fold_clothes_40h_human_visual_hybrid_openloop.yaml,resolved,abc_arc/hpt_bimanual_visual,abc_arc/mecka_fold_clothes_40h_human_hybrid_D40_M100_R24deg,eval_open_loop_sim,450c41a0da9f6a8d05d00713507bb023d61f5e6df1b7a1703f32c6a7aaf149c7,8b2058862440762676e28d595fa7f8ca0f930886c11185214424014f4c065e00,8b150ca8a59a069ccc5d5e271c85f370502daefee8c531c6508356a2ebcedffe,
integrated,experiment/abc_arc/robot_bc/abc_multitask4_hpt300_baseline_visual_openloop.yaml,resolved,abc_arc/hpt_yam_visual,abc_arc/abc_visual,eval_open_loop_sim,cdca1f25c143ca3de05cee45787870237b882d64dbc32363882f047e736e7a7c,4286d9abf33f76bd691b06e72fcb5c92b8d90ed3547acd5bb6dd1e55f51a7e09,4e0ab2c1acf3828d0dc4eecb5b482ad140adc9859d706fe14d4733febbeca61a,
integrated,experiment/abc_arc/robot_bc/abc_multitask4_hpt300_hybrid_visual_openloop.yaml,resolved,abc_arc/hpt_yam_visual,abc_arc/abc_visual,eval_open_loop_sim,32592e3693d3cc87dd4200f38d2b257916b07c1683899e69a7538048f40fa019,646e568722c5a35134d358c9122340255d1e1cdad39578fca08c9832a45b4c08,e0a28fb2525ba969bd75c0cc791d82f8b93a8dbe66b88efdf1eeac1bc97f5c54,
integrated,experiment/abc_arc/robot_bc/abc_towels_hpt180_baseline_param_matched_visual_openloop.yaml,resolved,abc_arc/hpt_yam_visual,abc_arc/abc_visual,eval_open_loop_sim,ecd810ee64677771725a268cd9fb3de15faa1f5bc5aca8a8604f02fcb44d52ff,a1bbcd68eb063ea61bfa1d14c225faaff5d3737a7ef74469d66a5395e4b86dde,4209d08f8fbf405d07b01ca8626ba033236a753adaa0addf12108d30d1e26c6f,
integrated,experiment/abc_arc/robot_bc/abc_towels_hpt180_baseline_visual_openloop.yaml,resolved,abc_arc/hpt_yam_visual,abc_arc/abc_visual,eval_open_loop_sim,ecd810ee64677771725a268cd9fb3de15faa1f5bc5aca8a8604f02fcb44d52ff,a1bbcd68eb063ea61bfa1d14c225faaff5d3737a7ef74469d66a5395e4b86dde,4209d08f8fbf405d07b01ca8626ba033236a753adaa0addf12108d30d1e26c6f,
integrated,experiment/abc_arc/robot_bc/abc_towels_hpt180_hybrid_mot_directional_visual_openloop.yaml,resolved,abc_arc/hpt_yam_visual_arc_stream,abc_arc/abc_visual,eval_open_loop_sim,4186413776fb22d800fae920051be1573075d8a57aee19d093666d9c41ba45e7,b2f13f72a9eb0ed750f26402525214e104c1428498fde7dd6c056aa97b14cea1,26a0773461d82a37732c36dea6ea1bc832d466e46cf3b02f9c88bd78722ca228,
integrated,experiment/abc_arc/robot_bc/abc_towels_hpt180_hybrid_mot_parallel_visual_openloop.yaml,resolved,abc_arc/hpt_yam_visual_arc_stream,abc_arc/abc_visual,eval_open_loop_sim,77894785b728ccc5f8bc820fddcf53f13a9f6de716b092324c8b0905419a364b,b2f13f72a9eb0ed750f26402525214e104c1428498fde7dd6c056aa97b14cea1,26a0773461d82a37732c36dea6ea1bc832d466e46cf3b02f9c88bd78722ca228,
integrated,experiment/abc_arc/robot_bc/abc_towels_hpt180_hybrid_shared_directional_visual_openloop.yaml,resolved,abc_arc/hpt_yam_visual_arc_stream,abc_arc/abc_visual,eval_open_loop_sim,7d891898dce424db9d60805d015c297b6f71def3e123415ff4996caabeb36c0c,b2f13f72a9eb0ed750f26402525214e104c1428498fde7dd6c056aa97b14cea1,26a0773461d82a37732c36dea6ea1bc832d466e46cf3b02f9c88bd78722ca228,
integrated,experiment/abc_arc/robot_bc/abc_towels_hpt180_hybrid_velocity_decoder_visual_openloop.yaml,resolved,abc_arc/hpt_yam_visual_arc_stream,abc_arc/abc_visual,eval_open_loop_sim,ee6de886f32d98dc753f046770fe9447a6b7ecb0b331b1a3c164d66f8f46fc64,b2f13f72a9eb0ed750f26402525214e104c1428498fde7dd6c056aa97b14cea1,26a0773461d82a37732c36dea6ea1bc832d466e46cf3b02f9c88bd78722ca228,
integrated,experiment/abc_arc/robot_bc/abc_towels_hpt180_hybrid_visual_openloop.yaml,resolved,abc_arc/hpt_yam_visual,abc_arc/abc_visual,eval_open_loop_sim,b8cc6ea909e0d82fec909e7d0328b5cfea09931ea3ce267d3821c156c113bad9,b2f13f72a9eb0ed750f26402525214e104c1428498fde7dd6c056aa97b14cea1,26a0773461d82a37732c36dea6ea1bc832d466e46cf3b02f9c88bd78722ca228,
integrated,experiment/abc_arc/robot_bc/abc_visual_hpt300_base.yaml,resolved,abc_arc/hpt_yam_visual,abc_arc/abc_visual,eval_open_loop_sim,b25c9029032e5e1d9181d56e7839835184cbbcf4ae939089a32f06883163e39e,1a4e11cac7e6b01eab1aa9fc55d4097d99dec43751dbed6efd2a1dfe31d7d569,edd5f12b084d6ec21de19d688d66fb0d98716419789357324db6cc50eb6549bf,
integrated,experiment/abc_arc/robot_bc/stationery_rl2_hpt300_visual_baseline_openloop.yaml,resolved,abc_arc/hpt_yam_visual,abc_arc/stationery_rl2_hpt_baseline,eval_open_loop_sim,b25c9029032e5e1d9181d56e7839835184cbbcf4ae939089a32f06883163e39e,3e13ba6e55d1bbb176ad4763dd68d437596e125b8eee07230bc65b8fe86740c4,700a65e09264e66e2038db5d68e5e0e3bbc7bb92da9a097413daa439ba0bf280,
integrated,experiment/abc_arc/robot_bc/stationery_rl2_hpt300_visual_hybrid_openloop.yaml,resolved,abc_arc/hpt_yam_visual,abc_arc/stationery_rl2_hpt_arc_hybrid_D40_M100_R24deg,eval_open_loop_sim,0434a2491e85071a4ae0596d24cdece66540039ebe8bc63e8c45c381517ead3c,dfa622da74f6e1669ecf01ba4e66b8ace43bd29f8afc1726477821801d586e86,8b150ca8a59a069ccc5d5e271c85f370502daefee8c531c6508356a2ebcedffe,
integrated,experiment/abc_arc/shorts_extreme_arc_bc.yaml,resolved,e1/hpt_flow_wrists,abc_arc/shorts_extreme_arc_bc_D40_M100,eval_arc_bimanual_cartesian_D40_M100,20135037db832a6c0e333aaeb7050ded1342ab6eaeef4341ba23387fde55de79,513ee99e190779bea45e642e592e3cf97845fe72b1743ee6b275ffe2be6765b3,486289ca32ea02bb6b81032bf754c57ced91e11d2801d200d5cd3d8ae03568e3,
integrated,experiment/abc_arc/shorts_extreme_arcdur.yaml,resolved,e1/hpt_flow_wrists,abc_arc/shorts_extreme_arcdur_D40_M100,e1/fold_tempo,8309c14b5c0ad437e59692a149702e47f8858ad3bb4c970efe7275c6635413a9,61672b37a25e3cb00d37ead389e42401d78373b4ad8f59f42c2bcc566747e0d9,b15499f74da5f6196c372b5ce2e1a84a490868d9670ce7b7c02bf465ca039689,
integrated,experiment/abc_arc/shorts_extreme_bc.yaml,resolved,e1/hpt_flow_wrists,abc_arc/shorts_extreme_bc,eval_arc_bimanual_cartesian_D40_M100,66490c439ab8df25fa01287748a3e201570d1356dc772cdffd2ea7b225b49fc2,37b2b4da87190215459d8c3dd6395602dc6012ebc6ac9570bac31a6e0b13e1e7,486289ca32ea02bb6b81032bf754c57ced91e11d2801d200d5cd3d8ae03568e3,
integrated,experiment/e1/abc_arcdur.yaml,resolved,e1/hpt_flow,e1/abc_skirts,e1/fold_tempo,469fa0925c9f62c363f0694b774ef04cf9759a9b6271eff1715710ca3a732cb9,6e45185383918801fabbc4956daa3c606ae24f8ef12d29146b9f89ac54188d4a,b15499f74da5f6196c372b5ce2e1a84a490868d9670ce7b7c02bf465ca039689,
integrated,experiment/e1/abc_arclogdur.yaml,resolved,e1/hpt_flow,e1/abc_skirts,e1/fold_tempo,95c1cca78edcb458145bd354f7d61f95aaf324f77dae54755c6a6e18648984c4,87f898cdad8715452824b4ab244c13138e606812ed1a7c0d4fbcab70662fc6b4,20b76bf40c37caf1a2c1cec391ae5080f20cd704ab3ae0be11f26df77350a803,
integrated,experiment/e1/abc_arclogdur_D75.yaml,resolved,e1/hpt_flow,e1/abc_skirts,e1/fold_tempo,be0891d9ea99b68eff24ffe1cb49f089c06d183eb8fc62da3de26fa75ec80d8b,a5075ab008a426f7286fa5b1da5b85f94b5ee4c9fee3a73d9b43d1178105b5f8,ac21ba7cbef1b86215b1ff19ddebdbc975e60f8d88329447e1014aff0dca2c9d,
integrated,experiment/e1/abc_arclogdur_fs.yaml,resolved,e1/hpt_flow,e1/abc_skirts,e1/fold_tempo,1d0132f9d660d8cb900ce228f3dec93e11f6c8df48dad998c5044fe2c37f81f2,7da2824338cb72dda5faca8af3b54a5a0403a56943a0e79bc40c8078e4f03f48,20b76bf40c37caf1a2c1cec391ae5080f20cd704ab3ae0be11f26df77350a803,
integrated,experiment/e1/abc_arcmean.yaml,resolved,e1/hpt_flow,e1/abc_skirts,e1/fold_tempo,7f35b7a659498a6d2a5e59da7b6b6e9a3fbbce37df40fd8d5995248dd90cf597,dd1bb05b66cac88f76198c0cb604f6e3b056ffb5ad5a8393c2ac4c938c828fb8,92bb3386e2b01290c28b1b82b82028d9e9843dd5cb7382dd2fc2c88ac14b43e8,
integrated,experiment/e1/abc_arcmean_D75.yaml,resolved,e1/hpt_flow,e1/abc_skirts,e1/fold_tempo,78f88cffd354d637dcfe646d2a3bd394ea7061dfae5d8701b5e35884d5860f65,650d2893f9fd9b595316b85805e544c52fa300ee708c9435a61adf2a2a1b1626,680700b587d68d921ade60b834c929cae8301fe8a84c5778cfb8aa4c2bac60b3,
integrated,experiment/e1/abc_arcmean_fs.yaml,resolved,e1/hpt_flow,e1/abc_skirts,e1/fold_tempo,9f52cb2a3420ba5ca77950ab4be0a37977a2a70522b49f7fd9a9e19b378eb428,9a885450b4796c7b57a7e0bac5f3da25e0fdca7d4bddeb3a0419f612f46c4feb,92bb3386e2b01290c28b1b82b82028d9e9843dd5cb7382dd2fc2c88ac14b43e8,
integrated,experiment/e1/abc_arcvel.yaml,resolved,e1/hpt_flow,e1/abc_skirts,e1/fold_tempo,e052a667a837f8fd7d8b69a0d4195cdcea424bd69e4658a16fb43082c4562d3b,59e5e703dbbbd115bf619f2f03a0ea77bf54b79f1bfc0694a790287ba600b253,9789823cefc5aaf29a7de80fcd942e6f533e669f382bdfef93524e52aeddb659,
integrated,experiment/e1/abc_base.yaml,resolved,,e1/abc_skirts,e1/fold_tempo,,2ac9ed3ab0d48907f90491044e934284a80ebf6624d8b20ea8f843be06b7fdc1,776af127372bda43934b33cda235137a2dab6efcfc24b376bfe689f75a8c4fb5,
integrated,experiment/e1/abc_time.yaml,resolved,e1/hpt_flow,e1/abc_skirts,e1/fold_tempo,5029d8702afd1b74babe02cf506d056006bdf622698b48e83a8f6add64127ff8,2ac9ed3ab0d48907f90491044e934284a80ebf6624d8b20ea8f843be06b7fdc1,776af127372bda43934b33cda235137a2dab6efcfc24b376bfe689f75a8c4fb5,
integrated,experiment/e1/abcs_arclogdur.yaml,resolved,e1/hpt_flow_wrists,e1/abc_stationery,e1/fold_tempo,d51fb50e8a8529dece6cb01e94ee86edabffa6c8e02483f7648924a30bde6e56,2a3106814cf8742b94c674ff8651e3e2a48dcfd43f228a96393a4e808a7ee1ff,20b76bf40c37caf1a2c1cec391ae5080f20cd704ab3ae0be11f26df77350a803,
integrated,experiment/e1/abcs_arcmean.yaml,resolved,e1/hpt_flow_wrists,e1/abc_stationery,e1/fold_tempo,8e075cb5a6c4f3a8fe2adb64d30dee0188d4b797e8236c9e8f0acb4675e71b64,b57b6085751e3ec2f193ed3cc880c6856c6a4e3c46a45ccb996c53ab568d6a4d,9ba51878d81dda2287de375a67170463e9a24fd9c1d3c6ed16b6785dadc5610f,
integrated,experiment/e1/abcs_base.yaml,resolved,,e1/abc_stationery,e1/fold_tempo,,bed53c5c534c53ff8821fb802c6147ccd6ca2a05fbb6f9c67fad90188ce5a988,776af127372bda43934b33cda235137a2dab6efcfc24b376bfe689f75a8c4fb5,
integrated,experiment/e1/abcs_time.yaml,resolved,e1/hpt_flow_wrists,e1/abc_stationery,e1/fold_tempo,57868ee798fcb03d866f735d6e6f61b71f550b203f5f49c14944ffba073c8f58,bed53c5c534c53ff8821fb802c6147ccd6ca2a05fbb6f9c67fad90188ce5a988,776af127372bda43934b33cda235137a2dab6efcfc24b376bfe689f75a8c4fb5,
integrated,experiment/e1/abcst_arclogdur.yaml,resolved,e1/hpt_flow,e1/abc_stationery,e1/fold_tempo,95c1cca78edcb458145bd354f7d61f95aaf324f77dae54755c6a6e18648984c4,87f898cdad8715452824b4ab244c13138e606812ed1a7c0d4fbcab70662fc6b4,20b76bf40c37caf1a2c1cec391ae5080f20cd704ab3ae0be11f26df77350a803,
integrated,experiment/e1/abcst_arclogdur_fs.yaml,resolved,e1/hpt_flow,e1/abc_stationery,e1/fold_tempo,1d0132f9d660d8cb900ce228f3dec93e11f6c8df48dad998c5044fe2c37f81f2,7da2824338cb72dda5faca8af3b54a5a0403a56943a0e79bc40c8078e4f03f48,20b76bf40c37caf1a2c1cec391ae5080f20cd704ab3ae0be11f26df77350a803,
integrated,experiment/e1/abcst_arcmean.yaml,resolved,e1/hpt_flow,e1/abc_stationery,e1/fold_tempo,7f35b7a659498a6d2a5e59da7b6b6e9a3fbbce37df40fd8d5995248dd90cf597,dd1bb05b66cac88f76198c0cb604f6e3b056ffb5ad5a8393c2ac4c938c828fb8,92bb3386e2b01290c28b1b82b82028d9e9843dd5cb7382dd2fc2c88ac14b43e8,
integrated,experiment/e1/abcst_arcmean_fs.yaml,resolved,e1/hpt_flow,e1/abc_stationery,e1/fold_tempo,9f52cb2a3420ba5ca77950ab4be0a37977a2a70522b49f7fd9a9e19b378eb428,9a885450b4796c7b57a7e0bac5f3da25e0fdca7d4bddeb3a0419f612f46c4feb,92bb3386e2b01290c28b1b82b82028d9e9843dd5cb7382dd2fc2c88ac14b43e8,
integrated,experiment/e1/abcst_time.yaml,resolved,e1/hpt_flow,e1/abc_stationery,e1/fold_tempo,5029d8702afd1b74babe02cf506d056006bdf622698b48e83a8f6add64127ff8,2ac9ed3ab0d48907f90491044e934284a80ebf6624d8b20ea8f843be06b7fdc1,776af127372bda43934b33cda235137a2dab6efcfc24b376bfe689f75a8c4fb5,
integrated,experiment/e1/fold_arcdur.yaml,resolved,e1/hpt_flow,e1/fold_freeform,e1/fold_tempo,8e2d383391cf452c68d6a26a6af4ea17abc8d2b01ac5b1912d463884f12fdf00,a9b4127fb7a2c649e32f721d373f1ff61a100e344d86b0fc37479c7299097b6e,b15499f74da5f6196c372b5ce2e1a84a490868d9670ce7b7c02bf465ca039689,
integrated,experiment/e1/fold_arclogdur.yaml,resolved,e1/hpt_flow,e1/fold_freeform,e1/fold_tempo,cbb70d29f18360292e3798cd3dbf87e4a46a74e36a6fdba19f5eedcf033da54b,28aa66a5277180cfe3541c8f8ce122f58f47ab1ab7200f78008e2d434c0c6d45,20b76bf40c37caf1a2c1cec391ae5080f20cd704ab3ae0be11f26df77350a803,
integrated,experiment/e1/fold_arclogdur_ps.yaml,resolved,e1/hpt_flow,e1/fold_freeform,e1/fold_tempo,56758228d87e349b03db6491c76713f7f18f23066d41278fb2306b7a7f916fd1,ddea1e19f7f17fc861919e410fbf7dc1971859a15fec8029b8b565716aef9e57,9989d58232fe491322df7935e12c170835cce1677bf5f1f4a9746ccdf49162ad,
integrated,experiment/e1/fold_arcmean.yaml,resolved,e1/hpt_flow,e1/fold_freeform,e1/fold_tempo,7e9b3697609fae0e94b47c4a3a818fde0007624a467ca3c5da6fa38cbf87b294,c35353ce976d391c622cd280917a3935ff8e6317c204ace8309e08b60c730816,92bb3386e2b01290c28b1b82b82028d9e9843dd5cb7382dd2fc2c88ac14b43e8,
integrated,experiment/e1/fold_arcmean_D75.yaml,resolved,e1/hpt_flow,e1/fold_freeform,e1/fold_tempo,512c5d301edcb73735a6e241a7ac16725b6e87a22cd7e19366ce370abf7619dd,9fe3679b281efb468f5fe013fe0df1ffa8b15700c0ea9c480c3a661b9d36ce88,680700b587d68d921ade60b834c929cae8301fe8a84c5778cfb8aa4c2bac60b3,
integrated,experiment/e1/fold_arcvel.yaml,resolved,e1/hpt_flow,e1/fold_freeform,e1/fold_tempo,a511fd1aa9d13a1a56e8602353de195663ac36e22356c67cd18513379f9548f0,70b8670df9e0d9cda2480f378d47de032d66b407a532ae1a0858eb059e3d897f,9789823cefc5aaf29a7de80fcd942e6f533e669f382bdfef93524e52aeddb659,
integrated,experiment/e1/fold_base.yaml,resolved,,e1/fold_freeform,e1/fold_tempo,,bcaa8d426eaca4a223b157af5d0f971dbbc3e92167203bd4e1b5bc5799621113,776af127372bda43934b33cda235137a2dab6efcfc24b376bfe689f75a8c4fb5,
integrated,experiment/e1/fold_time.yaml,resolved,e1/hpt_flow,e1/fold_freeform,e1/fold_tempo,2dc887c2171601a18300a84a8a7f66d9f9753eaaae9746460317daa12a34216c,bcaa8d426eaca4a223b157af5d0f971dbbc3e92167203bd4e1b5bc5799621113,776af127372bda43934b33cda235137a2dab6efcfc24b376bfe689f75a8c4fb5,
integrated,experiment/pusht/action_flow_bc_usocket_latent_fm_sg_recon1_200m_adamw_lr1e5_s42.yaml,resolved,bf/us_action_flow_bc_latent_fm_sg_200m_adamw,pusht/action_flow_usocket_val01_h16_common4,eval_planar_v2,463d5282811224cbe29f6b5eb299b69d73f62127997a5a6cd27d01bee91d6a4d,bd8a3af09071d90d7823d89a70251bc54bb9511dbca3b70982a3963cd130b9b0,49a0403d0ef06ac317410833b8f7df36ffeb48cd12c6645f2a0c03ec6726f4da,
integrated,experiment/pusht/action_flow_bc_usocket_latent_fm_sg_recon1_200m_muon_lr1e5_s42.yaml,resolved,bf/us_action_flow_bc_latent_fm_sg_200m_muon,pusht/action_flow_usocket_val01_h16_common4,eval_planar_v2,1ecc9b14d8973091d7e2d1ebfb9d8e21b4c344bcdf954c5f4a26251bcfd5055a,bd8a3af09071d90d7823d89a70251bc54bb9511dbca3b70982a3963cd130b9b0,3efea21ffc0e82cc74435bad728bfc24a880917f32a6e481ddcd7cf8269fd0cd,
integrated,experiment/pusht/action_flow_chain_latent_fm_sg_unite_h384_sum14_cfg4_val8_s42.yaml,resolved,bf/us_action_flow_latent_fm_sg_unite_h384,pusht/action_flow_unite_chain_val01_h16,eval_planar_v2,261917d0bd4ecacb37ceb112c05f7d2e04581968b4c97ddda0cb0da77c10e9d5,ce0da3f788c3e6248bbef3e2939a43015512ef87d5889b92828ba0804888e31b,1c7d40116c15596fc1d4a4d6c95c8953ceafe68d7d07ade823bb58089a300df2,
integrated,experiment/pusht/action_flow_usocket_candidate_common.yaml,resolved,bf/us_action_flow_latent_fm_sg_unite_h384,pusht/action_flow_usocket_val01_h16_common4,eval_planar_v2,81464b213936fd942c773a7d848f9f5fcac6d81f55c393deb8be1d5e44380af1,bd8a3af09071d90d7823d89a70251bc54bb9511dbca3b70982a3963cd130b9b0,4762b72f722d348120948c5b2cc9a9b7d0820946f2f317c452f9b999930193b9,
integrated,experiment/pusht/action_flow_usocket_latent_fm_sg_unite_denoiser90m_sum14_cfg4_finalval1_s42.yaml,resolved,bf/us_action_flow_latent_fm_sg_unite_h384,pusht/action_flow_unite_usocket_val01_h16,eval_planar_v2,46915aa7aabe22350c5fb0fd49c26fd749376cd3ab961111869f15b83febc6ed,40b3b7564b71f45106774e90b41ee35c495923c2197ee460ad4a3dcf60555ea8,c52ad517098d4581b837ade15359852506f698dba4c9b0c871d5c34ba8eeba69,
integrated,experiment/pusht/action_flow_usocket_latent_fm_sg_unite_h384_s42.yaml,resolved,bf/us_action_flow_latent_fm_sg_unite_h384,pusht/action_flow_unite_usocket_val01_h16,eval_planar_v2,81464b213936fd942c773a7d848f9f5fcac6d81f55c393deb8be1d5e44380af1,eed777b96d998213957990ee1a86975889b80df917df273c1fead8a5af302266,5387df464dfe60a52044e52cf8e49a22eb3f22fbf7f43465290cf10929464447,
integrated,experiment/pusht/action_flow_usocket_latent_fm_sg_unite_h384_sum14_cfg4_val8_s42.yaml,resolved,bf/us_action_flow_latent_fm_sg_unite_h384,pusht/action_flow_unite_usocket_val01_h16,eval_planar_v2,df9ae7ee61489d5c63384f7a6b217f3ccc72e679650c5788e6c5e4accf489d44,40b3b7564b71f45106774e90b41ee35c495923c2197ee460ad4a3dcf60555ea8,64335b8e25342e556ee3fe04365eda45101243b1a74c003b6a6f30ac63cff3e7,
integrated,experiment/pusht/action_flow_usocket_latent_fm_sg_unite_h384_sum14_cfg4_val8_scale1_s42.yaml,resolved,bf/us_action_flow_latent_fm_sg_unite_h384,pusht/action_flow_unite_usocket_val01_h16,eval_planar_v2,851d5e4f5721d0f257e72bb938e3ddfde23e959cba147d0b466ec33431b87b54,40b3b7564b71f45106774e90b41ee35c495923c2197ee460ad4a3dcf60555ea8,2ec27bb376393a4b38bd0d3c2bf9775875a9094837095c3c142566fb4c39bce2,
integrated,experiment/pusht/action_latent_vfm_usocket_val01_h16.yaml,resolved,bf/us_action_latent_vfm_nt16_d8_h512_s42,pusht/unite_usocket_val01_h16_per_emb_proprio,eval_planar_v2,42f415d6db34b9fe17810aba71520749c7a50783de6c0a4a068d7a7c8195f2d8,6e6eca51d1949ce11f87231ddfb5bca1ffbbef62fea724d6a04285d366e0a9a7,f3157e5b49297f0f9bbf8f4d42f26cd74848b386d7aaebe45ccde2f6c6dfa26a,
integrated,experiment/pusht/planar_v2_base.yaml,resolved,,,eval_planar_v2,,,05db0475c8b79dcf1f812522f33e378ae349d3de70d9e1261ec3c06cd1c4fcf1,
integrated,experiment/pusht/planar_v2_chain_arc_bc.yaml,resolved,bf/bf_planar_v2_flow,pusht/planar_v2_chain_gripper,eval_planar_v2,41f102336e1210fe13e543b37f28f1e392de7a10f5355d4bafc10f4596f70dc0,bf7c22d017937c99b38d9b847b6dac92a06477e145f35228d64ab755ed31c291,a5dae4d4196fb7de0679be30cdecf2cc25e266bdb1761b3dff7e6d8bdfb7fab6,
integrated,experiment/pusht/planar_v2_chain_base.yaml,resolved,,pusht/planar_v2_chain_gripper,eval_planar_v2,,a5c5f31aabe6eabfc68f68b69067019f01e51cbfa80845e4775f34c7dd9fd9f6,05db0475c8b79dcf1f812522f33e378ae349d3de70d9e1261ec3c06cd1c4fcf1,
integrated,experiment/pusht/planar_v2_chain_direct_bc.yaml,resolved,bf/bf_planar_v2_flow,pusht/planar_v2_chain_gripper,eval_planar_v2,f832a950d2d96eaf0ca79cf0cb51ac0b62ebd5ac6bceda9972842b0b29984db5,a5c5f31aabe6eabfc68f68b69067019f01e51cbfa80845e4775f34c7dd9fd9f6,33824ad194f1e003b058c0a3005dc4478c21c675e2439e91ee8bc8ea153f4337,
integrated,experiment/pusht/planar_v2_chain_dp_paper.yaml,resolved,bf/bf_planar_v2_dp_paper,pusht/planar_v2_chain_gripper,eval_planar_v2,9dde05fe2007253ad8246ffb54d3f2ee381a0d479d804ada3fe7684187fa8523,737fde85a9bef317abe3e7dd0280b2cdb77d04865d5384cc0d6887940aa25e08,33824ad194f1e003b058c0a3005dc4478c21c675e2439e91ee8bc8ea153f4337,
integrated,experiment/pusht/planar_v2_chain_dp_standard.yaml,resolved,bf/bf_planar_v2_dp_standard,pusht/planar_v2_chain_gripper,eval_planar_v2,80575122241cbef17d4b88dcc03db929203ee1be0488c99d1c9218c3b4fa0e33,a5c5f31aabe6eabfc68f68b69067019f01e51cbfa80845e4775f34c7dd9fd9f6,33824ad194f1e003b058c0a3005dc4478c21c675e2439e91ee8bc8ea153f4337,
integrated,experiment/pusht/planar_v2_cotrain_clean_dp_standard.yaml,resolved,bf/bf_planar_v2_dp_standard,pusht/planar_v2_cotrain_clean,eval_planar_v2,80575122241cbef17d4b88dcc03db929203ee1be0488c99d1c9218c3b4fa0e33,47aa82f842d547fbc08899bf525ad18e89c946657d36e7d38b0f624b00e5e25d,6ffd7117c091047bd56ae47fe35ae4a8941b175385d016283727be027ceac0fa,
integrated,experiment/pusht/planar_v2_usocket_arc_bc.yaml,resolved,bf/bf_planar_v2_flow,pusht/planar_v2_usocket,eval_planar_v2,ab131811d702a096e7b61b73b24d87df405aa88c762b8b3ad36836adf33ddfb7,f3b00a29766cce1bdefa506b19c13acfb8200aa9017fd7d4e7dc6a7c69a90fa1,b1c24d0986b2e637da7a09fb714864d4e7f0279ffbf1e4fb87cb316f0b31ebc1,
integrated,experiment/pusht/planar_v2_usocket_arc_graph_tok.yaml,resolved,bf/bf_planar_v2_arc_graph_tok,pusht/planar_v2_usocket,eval_planar_v2,206ad0770180a2010b422dc768ec20814e10c50376e6c26a25e8cacd1d6cb0a4,76657d1e0eb1c8a966a08a77ef78fcadaa5fb3127fd36970a52b509d2d5ef4a3,d4959a3d76e1fa5bce02040027deb02c21660636bbc52fc96c0bfbfb25f89abc,
integrated,experiment/pusht/planar_v2_usocket_arc_hybrid_D40_M16_R24deg_bc.yaml,resolved,bf/bf_planar_v2_flow,pusht/planar_v2_usocket,eval_planar_v2,f831eb4142499e753ef9f322fc495562b60f4525490f43b619f560dc923277b5,757f60985c844761ddec123c400e6e4a1da836538d2adf73f386858e485960cd,e25683ae84692a1981598f93aea9a5cb4ecb6ec4fbe1badb909943fc4f913a43,
integrated,experiment/pusht/planar_v2_usocket_arc_paper_curvature_D40_M16_R24deg.yaml,resolved,bf/bf_planar_v2_dp_paper,pusht/planar_v2_usocket,eval_planar_v2,0634f806c216a2b8bcc8621fd4be774cc68d6352d135c85af4e030d94caedc5a,ffd97d1fba1d2b34813c2058a63841aa992dca5ec6945f3100e0d2c9fbf50b51,460c7a1e218339ce9649edb379d898ce491c3d93559c3293b4403ba11ab60b92,
integrated,experiment/pusht/planar_v2_usocket_arc_paper_uniform_D40_M16_R24deg.yaml,resolved,bf/bf_planar_v2_dp_paper,pusht/planar_v2_usocket,eval_planar_v2,0634f806c216a2b8bcc8621fd4be774cc68d6352d135c85af4e030d94caedc5a,aa37b1459873e83c8a77e779e89bb32fdb14f23e9a6068f7a8a78991c0b96ec1,22c8aff8a8f92799b4cf851888c2dfa298058ed745b22b62987fd7031e288683,
integrated,experiment/pusht/planar_v2_usocket_base.yaml,resolved,,pusht/planar_v2_usocket,eval_planar_v2,,9a49c2e8378caffdbacab0dff1a0f2f13763e040836365f25541ff21ab9efb8c,2290c5ea775b8c492fdf479548721895cf907b2f21048862ac70912c229cb626,
integrated,experiment/pusht/planar_v2_usocket_direct_bc.yaml,resolved,bf/bf_planar_v2_flow,pusht/planar_v2_usocket,eval_planar_v2,5b8cd87436b6e0ec10b8babba4da4508d023b79dc426ce7f1268e5ca1295c47d,9a49c2e8378caffdbacab0dff1a0f2f13763e040836365f25541ff21ab9efb8c,71527bb5578700395d3e0c3c57538525ade7484b120a087c302f7dc757d0348d,
integrated,experiment/pusht/planar_v2_usocket_dp_paper.yaml,resolved,bf/bf_planar_v2_dp_paper,pusht/planar_v2_usocket,eval_planar_v2,9dde05fe2007253ad8246ffb54d3f2ee381a0d479d804ada3fe7684187fa8523,57c6af9c11d6e243e57942634230a3c652eaa5cd4bfae4058a49bfeffab524e1,8df4f3b91f14527d5702e5a433740b776c32cd2796ae27bd3d5b781a4c74f81b,
integrated,experiment/pusht/planar_v2_usocket_dp_standard.yaml,resolved,bf/bf_planar_v2_dp_standard,pusht/planar_v2_usocket,eval_planar_v2,80575122241cbef17d4b88dcc03db929203ee1be0488c99d1c9218c3b4fa0e33,9a49c2e8378caffdbacab0dff1a0f2f13763e040836365f25541ff21ab9efb8c,3abc345735b42cb98f10020489dffcc511cfed047929cfd2d20f472749f13570,
integrated,experiment/pusht/unite_cotrain_usocket_chain_val01_h16.yaml,resolved,bf/ct_unite_register_separate_nt8_h384_s42,pusht/unite_cotrain_usocket_chain_val01_h16,eval_planar_v2,a7edc5e44eb0c5327237774ae4662994c235a8cebc8e087b790a02ed97dd15b8,abb6305035d7d096e2c9f711dbe64d47cb677fed837bdadb412d639cd042c415,111dc2ac501068c76de3ac93a3204e13fb2c381196a0043510fc5cf21fef8466,
integrated,experiment/pusht/unite_usocket_register_sweep_val01_h16.yaml,resolved,bf/us_unite_register_shared_nt4_s42,pusht/unite_usocket_val01_h16_per_emb_proprio,eval_planar_v2,ae0246d98d60410c835c25da698b89e2d0f526b6fd61eea4ac843b312b4174bc,6e6eca51d1949ce11f87231ddfb5bca1ffbbef62fea724d6a04285d366e0a9a7,eb6823aadfcf14dc3d95d000105e62ea06cba63acad92569ead96e82247d5b62,
integrated,experiment/weighted_cotrain.yaml,resolved,,,,662a74a1feb9e64fad24408cee6047f425c226b007ff44f596fa14118623b423,7ed17a159239ab49f14821227fb0b86aecac57f01959a768cbe9caa3b60f2f2e,,
integrated,experiment/yam_arc_grid/arcpre_abc_arcdur.yaml,resolved,e1/hpt_flow_wrists_ft_arcdur,abc_arc/arcpre_abc_data,,d42c69c4b590eca85b14886c2bf33db2da0d1b26104122b49a3b4c4a31ca68d4,6d0c6fdf695d471955ff8db56c809618449485d3419b29931fd2e76cda7dafe2,74234e98afe7498fb5daf1f36ac2d78acc339464f950703b8c019892f982b90b,
integrated,experiment/yam_arc_grid/arcpre_abcrl2_arcdur.yaml,resolved,e1/hpt_flow_wrists_ft_arcdur,abc_arc/arcpre_abcrl2_data,,d42c69c4b590eca85b14886c2bf33db2da0d1b26104122b49a3b4c4a31ca68d4,0c58443dec9a480ca29fdd88c623ec6fee845cf5cf2535d0aec72dde675e181e,74234e98afe7498fb5daf1f36ac2d78acc339464f950703b8c019892f982b90b,
integrated,experiment/yam_arc_grid/base_abc_towels_arcdur.yaml,resolved,e1/hpt_flow_wrists_ft_arcdur,abc_arc/towels_abc_arcdur,,d42c69c4b590eca85b14886c2bf33db2da0d1b26104122b49a3b4c4a31ca68d4,dc1035ce6d653dccfe2f3ed5f8c1072dcf9f0e7cb54817f3dc360f17e8874903,74234e98afe7498fb5daf1f36ac2d78acc339464f950703b8c019892f982b90b,
integrated,experiment/yam_arc_grid/base_abc_towels_time.yaml,resolved,e1/hpt_flow_wrists_ft,abc_arc/towels_abc_time,,2ea260ae3a7d632e377eff3941ca64ea05c153c7972672470d3b91a698e8729f,a64c49823fb9ef55dc886ef59b8ef46169df7c11807edb5ea7b2e54100e1f930,9e9c3645c83625cde5fbf3c154e9198f18d68be277d4730d2255ad553e6050c8,
integrated,experiment/yam_arc_grid/mix4060_towels394_arcdur_lambda.yaml,resolved,e1/hpt_flow_wrists_ft_arcdur,abc_arc/towels_mix4060_arcdur_lambda,,d42c69c4b590eca85b14886c2bf33db2da0d1b26104122b49a3b4c4a31ca68d4,7ec06b4fbce5d23ece727e988bc2f5a2a9fe7cce13db3fde8efa49c1dfe658f0,b15499f74da5f6196c372b5ce2e1a84a490868d9670ce7b7c02bf465ca039689,
integrated,experiment/yam_arc_grid/mix4060_towels394_arcvel_lambda.yaml,resolved,e1/hpt_flow_wrists_ft_arcdur,abc_arc/towels_mix4060_arcvel_lambda,,0734fa7060e988c15b888317075f915030173b0b7604efb8ac3755aaded79800,25a4023db5087b90d38da40995a37d91e0b38da641c0d5caf32489902d64e241,9789823cefc5aaf29a7de80fcd942e6f533e669f382bdfef93524e52aeddb659,
integrated,experiment/yam_arc_grid/mix4060_towels394_time_lambda.yaml,resolved,e1/hpt_flow_wrists_ft,abc_arc/towels_mix4060_time_lambda,,d74bd77d526eeac5c890540328b4fd2a2d01f68f4d2d293f578983df1c00dba8,85b1a4021853c46dc9f464cbcb982a2ca15374d3636ecaa8ebbec99cf17bf9e9,776af127372bda43934b33cda235137a2dab6efcfc24b376bfe689f75a8c4fb5,
integrated,experiment/yam_arc_grid/norm_mix4060_towels394_arcdur_lambda.yaml,resolved,e1/hpt_flow_wrists_ft_arcdur,abc_arc/towels_mix4060_normpool_arcdur_lambda,,d42c69c4b590eca85b14886c2bf33db2da0d1b26104122b49a3b4c4a31ca68d4,ae5f56bceefca19bb3f7893079dfa64274d3e863587d1800b2338da3206af1d0,b15499f74da5f6196c372b5ce2e1a84a490868d9670ce7b7c02bf465ca039689,
integrated,experiment/yam_arc_grid/norm_mix4060_towels394_arcvel_lambda.yaml,resolved,e1/hpt_flow_wrists_ft_arcdur,abc_arc/towels_mix4060_normpool_arcvel_lambda,,0734fa7060e988c15b888317075f915030173b0b7604efb8ac3755aaded79800,68b3f586e9a6c15c6cabfe867fdf384398037dcd1c03f0d7ca613bdea61bcc86,9789823cefc5aaf29a7de80fcd942e6f533e669f382bdfef93524e52aeddb659,
integrated,experiment/yam_arc_grid/norm_mix4060_towels394_time_lambda.yaml,resolved,e1/hpt_flow_wrists_ft,abc_arc/towels_mix4060_normpool_time_lambda,,d74bd77d526eeac5c890540328b4fd2a2d01f68f4d2d293f578983df1c00dba8,d863a797474f0b0cc1d84c05a8b5e4cb0032b55f44fea673975992e8e699275a,776af127372bda43934b33cda235137a2dab6efcfc24b376bfe689f75a8c4fb5,
integrated,experiment/yam_arc_grid/scratch_mix5050_stationery_arcdur.yaml,resolved,e1/hpt_flow_wrists_ft_arcdur,abc_arc/stationery_mix5050_arcdur,,d42c69c4b590eca85b14886c2bf33db2da0d1b26104122b49a3b4c4a31ca68d4,098845ff0d6c39298cd22db46d18fa144759a4550ed96750435ab58572529c09,b15499f74da5f6196c372b5ce2e1a84a490868d9670ce7b7c02bf465ca039689,
integrated,experiment/yam_arc_grid/scratch_mix5050_stationery_arcvel.yaml,resolved,e1/hpt_flow_wrists_ft_arcdur,abc_arc/stationery_mix5050_arcvel,,0734fa7060e988c15b888317075f915030173b0b7604efb8ac3755aaded79800,fdd298f934757cdb9e59b30e833207906787b8af086912c77980960337d7ee20,9789823cefc5aaf29a7de80fcd942e6f533e669f382bdfef93524e52aeddb659,
integrated,experiment/yam_arc_grid/scratch_mix5050_stationery_time.yaml,resolved,e1/hpt_flow_wrists_ft,abc_arc/stationery_mix5050_time,,2ea260ae3a7d632e377eff3941ca64ea05c153c7972672470d3b91a698e8729f,05386e85e1dcffe56242208682e5af53a4eb0205cde91fb9495e9f369d3cab6e,9e9c3645c83625cde5fbf3c154e9198f18d68be277d4730d2255ad553e6050c8,
integrated,experiment/yam_arc_grid/scratch_mix5050_towels_arcdur.yaml,resolved,e1/hpt_flow_wrists_ft_arcdur,abc_arc/towels_mix5050_arcdur,,d42c69c4b590eca85b14886c2bf33db2da0d1b26104122b49a3b4c4a31ca68d4,579b2e6579e6e873b56e70bbbac208757494cccd814201063d881548e640dc4a,b15499f74da5f6196c372b5ce2e1a84a490868d9670ce7b7c02bf465ca039689,
integrated,experiment/yam_arc_grid/scratch_mix5050_towels_arcvel.yaml,resolved,e1/hpt_flow_wrists_ft_arcdur,abc_arc/towels_mix5050_arcvel,,0734fa7060e988c15b888317075f915030173b0b7604efb8ac3755aaded79800,99e04cf5d604be910d762cf511d4d2877899305e4818314866d0c1c482c20e33,9789823cefc5aaf29a7de80fcd942e6f533e669f382bdfef93524e52aeddb659,
integrated,experiment/yam_arc_grid/scratch_mix5050_towels_time.yaml,resolved,e1/hpt_flow_wrists_ft,abc_arc/towels_mix5050_time,,2ea260ae3a7d632e377eff3941ca64ea05c153c7972672470d3b91a698e8729f,b67223d27ec9cef9987918c1eb47fdde6a782b1b38721a75b53d64044f61f723,9e9c3645c83625cde5fbf3c154e9198f18d68be277d4730d2255ad553e6050c8,
integrated,experiment/yam_arc_grid/scratch_mix_stationery_arcvel.yaml,resolved,e1/hpt_flow_wrists_ft_arcdur,abc_arc/stationery_mix_arcvel,,0734fa7060e988c15b888317075f915030173b0b7604efb8ac3755aaded79800,0189d972005762c3e96bf1881ede9de23c1f8f56b86e59ab7dbf109dfe7b9999,74234e98afe7498fb5daf1f36ac2d78acc339464f950703b8c019892f982b90b,
integrated,experiment/yam_arc_grid/scratch_mix_stationery_time.yaml,resolved,e1/hpt_flow_wrists_ft,abc_arc/stationery_mix_time,,2ea260ae3a7d632e377eff3941ca64ea05c153c7972672470d3b91a698e8729f,29a5c3efe57908b4812f009dd7c053a2573d6f5d4974bf9dcd1451f7c63f46fe,9e9c3645c83625cde5fbf3c154e9198f18d68be277d4730d2255ad553e6050c8,
integrated,experiment/yam_arc_grid/scratch_mix_towels_arcvel.yaml,resolved,e1/hpt_flow_wrists_ft_arcdur,abc_arc/towels_mix_arcvel,,0734fa7060e988c15b888317075f915030173b0b7604efb8ac3755aaded79800,92cff8003ee9674203ae2a7d5a8aab555a3cb9a66cab7679be1fd14d703b7529,74234e98afe7498fb5daf1f36ac2d78acc339464f950703b8c019892f982b90b,
integrated,experiment/yam_arc_grid/scratch_mix_towels_time.yaml,resolved,e1/hpt_flow_wrists_ft,abc_arc/towels_mix_time,,2ea260ae3a7d632e377eff3941ca64ea05c153c7972672470d3b91a698e8729f,bd0a50920022a7716393bf45ed9715bf6eb4da57b36195cb13d79f3d8815aba2,9e9c3645c83625cde5fbf3c154e9198f18d68be277d4730d2255ad553e6050c8,
integrated,experiment/yam_arc_grid/scratch_rl2_stationery_arcdur.yaml,resolved,e1/hpt_flow_wrists_ft_arcdur,abc_arc/stationery_ft_arcdur,,d42c69c4b590eca85b14886c2bf33db2da0d1b26104122b49a3b4c4a31ca68d4,8e736e9c26bacd0665329f771d4e2fa2fb4ea13ebf6682e92191e6c506c96a44,74234e98afe7498fb5daf1f36ac2d78acc339464f950703b8c019892f982b90b,
integrated,experiment/yam_arc_grid/scratch_rl2_stationery_time.yaml,resolved,e1/hpt_flow_wrists_ft,abc_arc/stationery_ft_time,,2ea260ae3a7d632e377eff3941ca64ea05c153c7972672470d3b91a698e8729f,bddb746da3bad3f493e189bf6f1081dd1d4afc14d449e9df4691e5b6a6a2cadf,9e9c3645c83625cde5fbf3c154e9198f18d68be277d4730d2255ad553e6050c8,
integrated,experiment/yam_arc_grid/scratch_rl2_stattempo_all_arcdur.yaml,resolved,e1/hpt_flow_wrists_ft_arcdur,abc_arc/stationery_tempo_all_arcdur,,d42c69c4b590eca85b14886c2bf33db2da0d1b26104122b49a3b4c4a31ca68d4,76368494d191cb3b5254f5966cd9e7782aa1abfccb92b1cb7584aff461b90b94,b15499f74da5f6196c372b5ce2e1a84a490868d9670ce7b7c02bf465ca039689,
integrated,experiment/yam_arc_grid/scratch_rl2_stattempo_all_time.yaml,resolved,e1/hpt_flow_wrists_ft,abc_arc/stationery_tempo_all_time,,d74bd77d526eeac5c890540328b4fd2a2d01f68f4d2d293f578983df1c00dba8,bf6cc30d2e40d2e43509643449e748a96f71cf5760b00d353ee1edca2d70a466,776af127372bda43934b33cda235137a2dab6efcfc24b376bfe689f75a8c4fb5,
integrated,experiment/yam_arc_grid/scratch_rl2_stattempo_fast_arcdur.yaml,resolved,e1/hpt_flow_wrists_ft_arcdur,abc_arc/stationery_tempo_fast_arcdur,,d42c69c4b590eca85b14886c2bf33db2da0d1b26104122b49a3b4c4a31ca68d4,d87051009ccd97eceefdf205de9b1057e753415cf0d448c0f17b58fdc423dd35,b15499f74da5f6196c372b5ce2e1a84a490868d9670ce7b7c02bf465ca039689,
integrated,experiment/yam_arc_grid/scratch_rl2_stattempo_fast_arcdur_lambda.yaml,resolved,e1/hpt_flow_wrists_ft_arcdur,abc_arc/stationery_tempo_fast_arcdur_lambda,,d42c69c4b590eca85b14886c2bf33db2da0d1b26104122b49a3b4c4a31ca68d4,a47133930a351810e998ac3baa1ec99cc5ffcf585a35f1c43909f780956ba6de,b15499f74da5f6196c372b5ce2e1a84a490868d9670ce7b7c02bf465ca039689,
integrated,experiment/yam_arc_grid/scratch_rl2_stattempo_fast_time.yaml,resolved,e1/hpt_flow_wrists_ft,abc_arc/stationery_tempo_fast_time,,d74bd77d526eeac5c890540328b4fd2a2d01f68f4d2d293f578983df1c00dba8,867cb5277d30250e521d50552f48875606e8053d7e0a090a25f26ad7a10e164e,776af127372bda43934b33cda235137a2dab6efcfc24b376bfe689f75a8c4fb5,
integrated,experiment/yam_arc_grid/scratch_rl2_stattempo_fast_time_lambda.yaml,resolved,e1/hpt_flow_wrists_ft,abc_arc/stationery_tempo_fast_time_lambda,,d74bd77d526eeac5c890540328b4fd2a2d01f68f4d2d293f578983df1c00dba8,92911854f6c1aa458e7d7d2fd8b16c565ab06437040fdda0ae2c4f1d1234556a,776af127372bda43934b33cda235137a2dab6efcfc24b376bfe689f75a8c4fb5,
integrated,experiment/yam_arc_grid/scratch_rl2_stattempo_medium_arcdur.yaml,resolved,e1/hpt_flow_wrists_ft_arcdur,abc_arc/stationery_tempo_medium_arcdur,,d42c69c4b590eca85b14886c2bf33db2da0d1b26104122b49a3b4c4a31ca68d4,dbdc5b69690a14f4424071909e14a9c824245d123ac7fb3f3bf1345125b09f0c,b15499f74da5f6196c372b5ce2e1a84a490868d9670ce7b7c02bf465ca039689,
integrated,experiment/yam_arc_grid/scratch_rl2_stattempo_medium_arcdur_lambda.yaml,resolved,e1/hpt_flow_wrists_ft_arcdur,abc_arc/stationery_tempo_medium_arcdur_lambda,,d42c69c4b590eca85b14886c2bf33db2da0d1b26104122b49a3b4c4a31ca68d4,d5784b14743b69c2a4405279462e43ed1f518f422e9d76d81565b9286df576b9,b15499f74da5f6196c372b5ce2e1a84a490868d9670ce7b7c02bf465ca039689,
integrated,experiment/yam_arc_grid/scratch_rl2_stattempo_medium_time.yaml,resolved,e1/hpt_flow_wrists_ft,abc_arc/stationery_tempo_medium_time,,d74bd77d526eeac5c890540328b4fd2a2d01f68f4d2d293f578983df1c00dba8,98cba8b6730bd68e3216a5a704a7e592bf090592894064e95367ba1cefb96f74,776af127372bda43934b33cda235137a2dab6efcfc24b376bfe689f75a8c4fb5,
integrated,experiment/yam_arc_grid/scratch_rl2_stattempo_medium_time_lambda.yaml,resolved,e1/hpt_flow_wrists_ft,abc_arc/stationery_tempo_medium_time_lambda,,d74bd77d526eeac5c890540328b4fd2a2d01f68f4d2d293f578983df1c00dba8,c9e52e665db2ec31e2b83b8d9b80e1c78761b7b056dad02ba52640054f1f4a72,776af127372bda43934b33cda235137a2dab6efcfc24b376bfe689f75a8c4fb5,
integrated,experiment/yam_arc_grid/scratch_rl2_stattempo_mixed_arcdur.yaml,resolved,e1/hpt_flow_wrists_ft_arcdur,abc_arc/stationery_tempo_mixed_arcdur,,d42c69c4b590eca85b14886c2bf33db2da0d1b26104122b49a3b4c4a31ca68d4,d1de3d68b6c957d598a017403ad2e1abc120f7442204adafdc017ae69e822842,b15499f74da5f6196c372b5ce2e1a84a490868d9670ce7b7c02bf465ca039689,
integrated,experiment/yam_arc_grid/scratch_rl2_stattempo_mixed_arcdur_lambda.yaml,resolved,e1/hpt_flow_wrists_ft_arcdur,abc_arc/stationery_tempo_mixed_arcdur_lambda,,d42c69c4b590eca85b14886c2bf33db2da0d1b26104122b49a3b4c4a31ca68d4,da81d73458459925de1aec92492fed09279a8d647bc50398797f64f4e56e6f93,b15499f74da5f6196c372b5ce2e1a84a490868d9670ce7b7c02bf465ca039689,
integrated,experiment/yam_arc_grid/scratch_rl2_stattempo_mixed_time.yaml,resolved,e1/hpt_flow_wrists_ft,abc_arc/stationery_tempo_mixed_time,,d74bd77d526eeac5c890540328b4fd2a2d01f68f4d2d293f578983df1c00dba8,d7606c6f02fb6e2be50bab3588492d7a30d03a94d169604058c799f475e6e1c8,776af127372bda43934b33cda235137a2dab6efcfc24b376bfe689f75a8c4fb5,
integrated,experiment/yam_arc_grid/scratch_rl2_stattempo_mixed_time_lambda.yaml,resolved,e1/hpt_flow_wrists_ft,abc_arc/stationery_tempo_mixed_time_lambda,,d74bd77d526eeac5c890540328b4fd2a2d01f68f4d2d293f578983df1c00dba8,a2a3421fc2061c59ebfc83f0386885876d617a4995eb922267cd32cb0f670d4b,776af127372bda43934b33cda235137a2dab6efcfc24b376bfe689f75a8c4fb5,
integrated,experiment/yam_arc_grid/scratch_rl2_stattempo_slow_arcdur.yaml,resolved,e1/hpt_flow_wrists_ft_arcdur,abc_arc/stationery_tempo_slow_arcdur,,d42c69c4b590eca85b14886c2bf33db2da0d1b26104122b49a3b4c4a31ca68d4,306c7bf07fd831ad0adbd52b80f4028555ecd25f09343e436ea6fa1e2f8a00d0,b15499f74da5f6196c372b5ce2e1a84a490868d9670ce7b7c02bf465ca039689,
integrated,experiment/yam_arc_grid/scratch_rl2_stattempo_slow_arcdur_lambda.yaml,resolved,e1/hpt_flow_wrists_ft_arcdur,abc_arc/stationery_tempo_slow_arcdur_lambda,,d42c69c4b590eca85b14886c2bf33db2da0d1b26104122b49a3b4c4a31ca68d4,757fb3164b85cb1d5cc629fe213cdbe392c332aba933136e54a4d74fed66822c,b15499f74da5f6196c372b5ce2e1a84a490868d9670ce7b7c02bf465ca039689,
integrated,experiment/yam_arc_grid/scratch_rl2_stattempo_slow_time.yaml,resolved,e1/hpt_flow_wrists_ft,abc_arc/stationery_tempo_slow_time,,d74bd77d526eeac5c890540328b4fd2a2d01f68f4d2d293f578983df1c00dba8,61abd05bd37bb57304b6ba22bb0fd8df712abc0123741f37cb7c98f192d4366b,776af127372bda43934b33cda235137a2dab6efcfc24b376bfe689f75a8c4fb5,
integrated,experiment/yam_arc_grid/scratch_rl2_stattempo_slow_time_lambda.yaml,resolved,e1/hpt_flow_wrists_ft,abc_arc/stationery_tempo_slow_time_lambda,,d74bd77d526eeac5c890540328b4fd2a2d01f68f4d2d293f578983df1c00dba8,4b0c6ca44808332b4cf91495323f2f86f60224123da4f555f2de30e9e279981e,776af127372bda43934b33cda235137a2dab6efcfc24b376bfe689f75a8c4fb5,
integrated,experiment/yam_arc_grid/scratch_rl2_stattempo_slowpace_arcdur.yaml,resolved,e1/hpt_flow_wrists_ft_arcdur,abc_arc/stationery_tempo_slowpace_arcdur,,d42c69c4b590eca85b14886c2bf33db2da0d1b26104122b49a3b4c4a31ca68d4,5fb7026055c09d57372ba12920da7f1ccb87202706981938e2af36bb1cd6cae1,b15499f74da5f6196c372b5ce2e1a84a490868d9670ce7b7c02bf465ca039689,
integrated,experiment/yam_arc_grid/scratch_rl2_stattempo_slowpace_time.yaml,resolved,e1/hpt_flow_wrists_ft,abc_arc/stationery_tempo_slowpace_time,,d74bd77d526eeac5c890540328b4fd2a2d01f68f4d2d293f578983df1c00dba8,3dc4346dc3fffe8ac7fdde0224a0f475a3441e655b67155579a0b09d67c23632,776af127372bda43934b33cda235137a2dab6efcfc24b376bfe689f75a8c4fb5,
integrated,experiment/yam_arc_grid/scratch_rl2_towels298_arcdur.yaml,resolved,e1/hpt_flow_wrists_ft_arcdur,abc_arc/towels_rl2_298_arcdur,,d42c69c4b590eca85b14886c2bf33db2da0d1b26104122b49a3b4c4a31ca68d4,72f790f91f40720681c009bce0d2959d6c2c57f94973c01c1a3c6ca8c1b295d8,b15499f74da5f6196c372b5ce2e1a84a490868d9670ce7b7c02bf465ca039689,
integrated,experiment/yam_arc_grid/scratch_rl2_towels298_arcvel.yaml,resolved,e1/hpt_flow_wrists_ft_arcdur,abc_arc/towels_rl2_298_arcvel,,0734fa7060e988c15b888317075f915030173b0b7604efb8ac3755aaded79800,56dbcb51fb696ebb16a60a0089a13c7eb77d287481c43ca8211a711adaab2938,9789823cefc5aaf29a7de80fcd942e6f533e669f382bdfef93524e52aeddb659,
integrated,experiment/yam_arc_grid/scratch_rl2_towels298_time.yaml,resolved,e1/hpt_flow_wrists_ft,abc_arc/towels_rl2_298_time,,d74bd77d526eeac5c890540328b4fd2a2d01f68f4d2d293f578983df1c00dba8,386d47e52bc3fc3add4bd4a98176bac900e43dd4ec967236776a42705423e07f,776af127372bda43934b33cda235137a2dab6efcfc24b376bfe689f75a8c4fb5,
integrated,experiment/yam_arc_grid/scratch_rl2_towels394_arcdur.yaml,resolved,e1/hpt_flow_wrists_ft_arcdur,abc_arc/towels_rl2_394_arcdur,,d42c69c4b590eca85b14886c2bf33db2da0d1b26104122b49a3b4c4a31ca68d4,ebfca0a6ea18d9ce12e890f83c9661281c89d62c6ed697ad39cea12d15bc63ce,b15499f74da5f6196c372b5ce2e1a84a490868d9670ce7b7c02bf465ca039689,
integrated,experiment/yam_arc_grid/scratch_rl2_towels394_arcdur_dp300_lambda.yaml,resolved,e1/dp300_wrists_arcdur,abc_arc/towels_rl2_394_arcdur_lambda,,8bd7e8a325797a9b06b98d9f8f29a9642dbf22c832a696d963a7051d9c75a32a,46a5f39d13d5b5aa37349ee208d3b056a7211a445c523e70fbb8b78bb90273bd,b15499f74da5f6196c372b5ce2e1a84a490868d9670ce7b7c02bf465ca039689,
integrated,experiment/yam_arc_grid/scratch_rl2_towels394_arcdur_dp300pt_lambda.yaml,resolved,e1/dp300pt_wrists_arcdur,abc_arc/towels_rl2_394_arcdur_lambda,,c85d3e7586f2e38eafae5b8d389c9993253bd541660746926233d588fdb15906,46a5f39d13d5b5aa37349ee208d3b056a7211a445c523e70fbb8b78bb90273bd,b15499f74da5f6196c372b5ce2e1a84a490868d9670ce7b7c02bf465ca039689,
integrated,experiment/yam_arc_grid/scratch_rl2_towels394_arcdur_hpt300_lambda.yaml,resolved,e1/hpt300_flow_wrists_arcdur,abc_arc/towels_rl2_394_arcdur_lambda,,5e712d2769fa76a599de77f38d4966e3ee2c5efe24cdef3b2c61e0e32bc70e02,46a5f39d13d5b5aa37349ee208d3b056a7211a445c523e70fbb8b78bb90273bd,b15499f74da5f6196c372b5ce2e1a84a490868d9670ce7b7c02bf465ca039689,
integrated,experiment/yam_arc_grid/scratch_rl2_towels394_arcdur_lambda.yaml,resolved,e1/hpt_flow_wrists_ft_arcdur,abc_arc/towels_rl2_394_arcdur_lambda,,d42c69c4b590eca85b14886c2bf33db2da0d1b26104122b49a3b4c4a31ca68d4,46a5f39d13d5b5aa37349ee208d3b056a7211a445c523e70fbb8b78bb90273bd,b15499f74da5f6196c372b5ce2e1a84a490868d9670ce7b7c02bf465ca039689,
integrated,experiment/yam_arc_grid/scratch_rl2_towels394_arcdur_w400_lambda.yaml,resolved,e1/hpt_flow_wrists_ft_arcdur,abc_arc/towels_rl2_394_arcdur_w400_lambda,,65ebdf85add442c270cd96e8c4bb3cf2345ccfef2d26593d18fdd3193f298e0f,ab3fe3067a3c028ce6efdfa24f2d77e948012620119d394659e74a979f1e07b8,b15499f74da5f6196c372b5ce2e1a84a490868d9670ce7b7c02bf465ca039689,
integrated,experiment/yam_arc_grid/scratch_rl2_towels394_arcvel.yaml,resolved,e1/hpt_flow_wrists_ft_arcdur,abc_arc/towels_rl2_394_arcvel,,0734fa7060e988c15b888317075f915030173b0b7604efb8ac3755aaded79800,5f02e2dc94df54006b1016a3379f46c1c22fe187d5314755905cfb1a1b27fa97,9789823cefc5aaf29a7de80fcd942e6f533e669f382bdfef93524e52aeddb659,
integrated,experiment/yam_arc_grid/scratch_rl2_towels394_arcvel_lambda.yaml,resolved,e1/hpt_flow_wrists_ft_arcdur,abc_arc/towels_rl2_394_arcvel_lambda,,0734fa7060e988c15b888317075f915030173b0b7604efb8ac3755aaded79800,8a08d2875ffac8e72dd16b316b0bcda843bc37bc636c59441a40f5eadbb400d5,9789823cefc5aaf29a7de80fcd942e6f533e669f382bdfef93524e52aeddb659,
integrated,experiment/yam_arc_grid/scratch_rl2_towels394_time.yaml,resolved,e1/hpt_flow_wrists_ft,abc_arc/towels_rl2_394_time,,d74bd77d526eeac5c890540328b4fd2a2d01f68f4d2d293f578983df1c00dba8,25055020fdf24e99b5fe092df9a532b077f18363aea0ed0c2edc50e2d405f05a,776af127372bda43934b33cda235137a2dab6efcfc24b376bfe689f75a8c4fb5,
integrated,experiment/yam_arc_grid/scratch_rl2_towels394_time_lambda.yaml,resolved,e1/hpt_flow_wrists_ft,abc_arc/towels_rl2_394_time_lambda,,d74bd77d526eeac5c890540328b4fd2a2d01f68f4d2d293f578983df1c00dba8,1f8d3764c0379ab4a47d78204ec5fae337c0bc2cfc5c257441d21951acba0f39,776af127372bda43934b33cda235137a2dab6efcfc24b376bfe689f75a8c4fb5,
integrated,experiment/yam_arc_grid/scratch_rl2_towels_arcdur.yaml,resolved,e1/hpt_flow_wrists_ft_arcdur,abc_arc/towels_rl2_arcdur,,d42c69c4b590eca85b14886c2bf33db2da0d1b26104122b49a3b4c4a31ca68d4,fbe5b3b07b46990f98c996babbf7cbb958b97f251446f581fdde8e4ba17ac277,74234e98afe7498fb5daf1f36ac2d78acc339464f950703b8c019892f982b90b,
integrated,experiment/yam_arc_grid/scratch_rl2_towels_time.yaml,resolved,e1/hpt_flow_wrists_ft,abc_arc/towels_rl2_time,,2ea260ae3a7d632e377eff3941ca64ea05c153c7972672470d3b91a698e8729f,cb2aaa1d15b6c7f6182a718ba6d96180eee983f5c8af5da70e1490e3bea9be72,9e9c3645c83625cde5fbf3c154e9198f18d68be277d4730d2255ad553e6050c8,
integrated,experiment/yam_arc_grid/stationery_ft_arcdur.yaml,resolved,e1/hpt_flow_wrists_ft_arcdur,abc_arc/stationery_ft_arcdur,,eb7ca54d1e66da19cf09cb38512a1d43d0edcacb286ce663583911c426ddc7cd,8e736e9c26bacd0665329f771d4e2fa2fb4ea13ebf6682e92191e6c506c96a44,74234e98afe7498fb5daf1f36ac2d78acc339464f950703b8c019892f982b90b,
integrated,experiment/yam_arc_grid/stationery_ft_time.yaml,resolved,e1/hpt_flow_wrists_ft,abc_arc/stationery_ft_time,,9a1d357e666328e495eed6312173be8336397d30af60bcdd0512430dfa397df0,bddb746da3bad3f493e189bf6f1081dd1d4afc14d449e9df4691e5b6a6a2cadf,9e9c3645c83625cde5fbf3c154e9198f18d68be277d4730d2255ad553e6050c8,
integrated,experiment/yam_arc_grid/stationery_midtempo_arcdur.yaml,resolved,e1/hpt_flow_wrists,abc_arc/stationery_midtempo_arcdur,eval_open_loop_sim,a93559c31d2fafe3fc0d2fc52de5dbeecb069385aaf6b44dfdc7584470236281,1b14e8f3d6762b32a3e0a003666a9ee1daac96abb9f57a8db53f87c56de650bb,7d41ad327e045b2ca95d92115a0eb5fefb326d6ea6c76c99c207daefc19c884c,
integrated,experiment/yam_arc_grid/stationery_midtempo_time.yaml,resolved,e1/hpt_flow_wrists,abc_arc/stationery_midtempo_time,eval_open_loop_sim,e6e06e5d3807948f06e8cc931e829c70ede3efc984ab52d1d3f29ae2236b93fb,2a8ae44ce4f1f4dac64720a8780dcc0e6ca7c45b2c4f2be3d7313af15ae0d899,fbfe360f7712d2db694d097946ce4222984a0a42c480395f83d3b08e22162e5a,
integrated,experiment/yam_arc_grid/stattempo_eval_arcdur.yaml,resolved,e1/hpt_flow_wrists_ft_arcdur,abc_arc/stationery_tempo_fast_arcdur,eval_open_loop_sim,d42c69c4b590eca85b14886c2bf33db2da0d1b26104122b49a3b4c4a31ca68d4,d87051009ccd97eceefdf205de9b1057e753415cf0d448c0f17b58fdc423dd35,2e87563f299e749f0c6e60bd65d46e8a5e4101774f00df313fe22d91ab313374,
integrated,experiment/yam_arc_grid/stattempo_eval_time.yaml,resolved,e1/hpt_flow_wrists_ft,abc_arc/stationery_tempo_fast_time,eval_open_loop_sim,d74bd77d526eeac5c890540328b4fd2a2d01f68f4d2d293f578983df1c00dba8,867cb5277d30250e521d50552f48875606e8053d7e0a090a25f26ad7a10e164e,59ba5b62201482b7e823adddba63837b7fc1d17c537f438e912cd1748a629499,
integrated,experiment/yam_arc_grid/timepre_abc_time.yaml,resolved,e1/hpt_flow_wrists_ft,abc_arc/timepre_abc_data,,2ea260ae3a7d632e377eff3941ca64ea05c153c7972672470d3b91a698e8729f,ac568d7dd71bdd4f50a5d99ebaa879c5236517f2c259a580c5407d4ecb8c5886,9e9c3645c83625cde5fbf3c154e9198f18d68be277d4730d2255ad553e6050c8,
integrated,model/abc/yam_bimanual_dp.yaml,resolved,abc/yam_bimanual_dp,abc_arc/abc_fstshirt_bc,,c911f20351c9d67c5048db4d57f7f84dc30df80595ce9e183db5ad8b74a4cecf,9cffa0952523d7b1c51e8aff6e7e6c0befe2fc12342fc7a97bb9e2f2398645d2,,
integrated,model/abc/yam_bimanual_hpt.yaml,resolved,abc/yam_bimanual_hpt,abc_arc/abc_fstshirt_bc,,26213b106cfe0693f206d1a87a96f04b3698071057642a361512259ca41ee289,9cffa0952523d7b1c51e8aff6e7e6c0befe2fc12342fc7a97bb9e2f2398645d2,,
integrated,model/abc_arc/clock_head_abc_cotrain_300M_qwen_pooled_arc_D40_M100.yaml,resolved,abc_arc/clock_head_abc_cotrain_300M_qwen_pooled_arc_D40_M100,abc_arc/abc_fslongshirt_micro_foldclothes_cotrain_arcD40M100,eval_arc_bimanual_cartesian_D40_M100,754e02452cc219bae3b633ca67907777117bd5170b30d18156202285886786f5,4c41c6a2442744bf108abdb57a8862f960e313cd2ae543d1a2a6c43f0dd521d9,0ded3b624e4d01269cb8dadfd1b6ed2c3311e17537ae9dd225c4290191b8a1b7,
integrated,model/abc_arc/hpt_abc_cotrain_180M_qwen_pooled.yaml,resolved,abc_arc/hpt_abc_cotrain_180M_qwen_pooled,abc_arc/abc_fslongshirt_micro_foldclothes_cotrain_baseline,eval_arc_bimanual_cartesian_D40_M100,2637058aaa2e9c816b0e9416450c39f9ab001d91f19f89288d0a6b24115890a8,9063a4a752d707d212186615d4a2b5fa8df6cc296495847a8a6ee5aed337a086,0ded3b624e4d01269cb8dadfd1b6ed2c3311e17537ae9dd225c4290191b8a1b7,
integrated,model/abc_arc/hpt_abc_cotrain_180M_qwen_pooled_arc_D40_M100.yaml,resolved,abc_arc/hpt_abc_cotrain_180M_qwen_pooled_arc_D40_M100,abc_arc/abc_fslongshirt_micro_foldclothes_cotrain_arcD40M100,eval_arc_bimanual_cartesian_D40_M100,6bdbcf411249912edef16b6a5242023993c965d7a7102260767a641a640b3f34,4c41c6a2442744bf108abdb57a8862f960e313cd2ae543d1a2a6c43f0dd521d9,0ded3b624e4d01269cb8dadfd1b6ed2c3311e17537ae9dd225c4290191b8a1b7,
integrated,model/abc_arc/hpt_abc_cotrain_300M_qwen_pooled.yaml,resolved,abc_arc/hpt_abc_cotrain_300M_qwen_pooled,abc_arc/abc_fslongshirt_micro_foldclothes_cotrain_baseline,eval_arc_bimanual_cartesian_D40_M100,f6516643c59a92ede8860f548168f162e4d12e10e247f193a6460a02f651c40e,9063a4a752d707d212186615d4a2b5fa8df6cc296495847a8a6ee5aed337a086,0ded3b624e4d01269cb8dadfd1b6ed2c3311e17537ae9dd225c4290191b8a1b7,
integrated,model/abc_arc/hpt_abc_cotrain_300M_qwen_pooled_arc_D40_M100.yaml,resolved,abc_arc/hpt_abc_cotrain_300M_qwen_pooled_arc_D40_M100,abc_arc/abc_fslongshirt_micro_foldclothes_cotrain_arcD40M100,eval_arc_bimanual_cartesian_D40_M100,681b99da6e854427e7da120879232a53f6b2fe2966bbffb8d52c03f0b33dc5f5,4c41c6a2442744bf108abdb57a8862f960e313cd2ae543d1a2a6c43f0dd521d9,0ded3b624e4d01269cb8dadfd1b6ed2c3311e17537ae9dd225c4290191b8a1b7,
integrated,model/abc_arc/hpt_bimanual_visual.yaml,resolved,abc_arc/hpt_bimanual_visual,abc_arc/mecka_fold_clothes_40h_human_baseline,eval_open_loop_sim,65d79785b01004f25ec571be3e9bf9471defb6c46295efe1a57458313059d23f,e878938f10f5fc07f8c3e033b6df5779534be0f48c81c4b1ddcbbe980d70a5fb,700a65e09264e66e2038db5d68e5e0e3bbc7bb92da9a097413daa439ba0bf280,
integrated,model/abc_arc/hpt_yam_visual.yaml,resolved,abc_arc/hpt_yam_visual,abc_arc/abc_visual,eval_open_loop_sim,cdca1f25c143ca3de05cee45787870237b882d64dbc32363882f047e736e7a7c,4286d9abf33f76bd691b06e72fcb5c92b8d90ed3547acd5bb6dd1e55f51a7e09,4e0ab2c1acf3828d0dc4eecb5b482ad140adc9859d706fe14d4733febbeca61a,
integrated,model/abc_arc/hpt_yam_visual_arc_stream.yaml,resolved,abc_arc/hpt_yam_visual_arc_stream,abc_arc/abc_visual,eval_open_loop_sim,77894785b728ccc5f8bc820fddcf53f13a9f6de716b092324c8b0905419a364b,b2f13f72a9eb0ed750f26402525214e104c1428498fde7dd6c056aa97b14cea1,26a0773461d82a37732c36dea6ea1bc832d466e46cf3b02f9c88bd78722ca228,
integrated,model/abc_arc/mixture_hpt_abc_cotrain_300M_qwen_pooled_arc_D40_M100.yaml,resolved,abc_arc/mixture_hpt_abc_cotrain_300M_qwen_pooled_arc_D40_M100,abc_arc/abc_fslongshirt_micro_foldclothes_cotrain_arcD40M100,eval_arc_bimanual_cartesian_D40_M100,237f29b99afcef2c169f3162d48f363032d752d80e4182600de5b109ea1c6d14,4c41c6a2442744bf108abdb57a8862f960e313cd2ae543d1a2a6c43f0dd521d9,0ded3b624e4d01269cb8dadfd1b6ed2c3311e17537ae9dd225c4290191b8a1b7,
integrated,model/abc_arc/yam_bimanual_dp_arc_D40_M100.yaml,resolved,abc_arc/yam_bimanual_dp_arc_D40_M100,abc_arc/abc_fstshirt_arc_bc_D40_M100,eval_arc_bimanual_cartesian_D40_M100,770d72fe17361d7a897218fab451b22fffff75d9d241979cd9855cdf0e3a9465,694953f8b7e5389c17823ad23929c30bc9f769b8fdb6ad784e95183bcf036a17,5ebf1d04679769dc96ab1c89e1198a0fcb2474d8fb35cfbd846b8e45ba5308b7,
integrated,model/abc_arc/yam_mecka_cotrain_dp_300M_arc_D40_M100.yaml,resolved,abc_arc/yam_mecka_cotrain_dp_300M_arc_D40_M100,abc_arc/abc_fslongshirt_micro_foldclothes_cotrain_arcD40M100,eval_arc_bimanual_cartesian_D40_M100,c33fe936618637cef85ec4a81913fdeca4c49260b5e8a3f7a638c353c49050a6,4c41c6a2442744bf108abdb57a8862f960e313cd2ae543d1a2a6c43f0dd521d9,0ded3b624e4d01269cb8dadfd1b6ed2c3311e17537ae9dd225c4290191b8a1b7,
integrated,model/abc_arc/yam_mecka_cotrain_dp_300M_baseline.yaml,resolved,abc_arc/yam_mecka_cotrain_dp_300M_baseline,abc_arc/abc_fslongshirt_micro_foldclothes_cotrain_baseline,eval_arc_bimanual_cartesian_D40_M100,e6e7c674ad15a5f354f7d4dc283fc30ac023e5b5dc924b2eff1cf04c11347dbb,9063a4a752d707d212186615d4a2b5fa8df6cc296495847a8a6ee5aed337a086,0ded3b624e4d01269cb8dadfd1b6ed2c3311e17537ae9dd225c4290191b8a1b7,
integrated,model/abc_arc/yam_mecka_cotrain_dp_arc_D40_M100.yaml,resolved,abc_arc/yam_mecka_cotrain_dp_arc_D40_M100,abc_arc/abc_fslongshirt_micro_foldclothes_cotrain_arcD40M100,eval_arc_bimanual_cartesian_D40_M100,46ea2652197e07837136f46d242ee405eb77ded982c72b5558376c5b21bb38c8,4c41c6a2442744bf108abdb57a8862f960e313cd2ae543d1a2a6c43f0dd521d9,0ded3b624e4d01269cb8dadfd1b6ed2c3311e17537ae9dd225c4290191b8a1b7,
integrated,model/abc_arc/yam_mecka_cotrain_dp_baseline.yaml,resolved,abc_arc/yam_mecka_cotrain_dp_baseline,abc_arc/abc_fslongshirt_micro_foldclothes_cotrain_baseline,eval_arc_bimanual_cartesian_D40_M100,e0c2b4537b4cdfbd36227d3aff3390a858bce0020e7d86bb178452110bf7d743,9063a4a752d707d212186615d4a2b5fa8df6cc296495847a8a6ee5aed337a086,0ded3b624e4d01269cb8dadfd1b6ed2c3311e17537ae9dd225c4290191b8a1b7,
integrated,model/bf/bf_planar_v2_arc_graph_tok.yaml,resolved,bf/bf_planar_v2_arc_graph_tok,pusht/planar_v2_usocket,eval_planar_v2,206ad0770180a2010b422dc768ec20814e10c50376e6c26a25e8cacd1d6cb0a4,76657d1e0eb1c8a966a08a77ef78fcadaa5fb3127fd36970a52b509d2d5ef4a3,099451288add1c96c5bdc6ba6d3e64a6c19b83ce3ed6fc15e86522f70eb4e6e8,
integrated,model/bf/bf_planar_v2_dp_paper.yaml,resolved,bf/bf_planar_v2_dp_paper,pusht/planar_v2_usocket,eval_planar_v2,9dde05fe2007253ad8246ffb54d3f2ee381a0d479d804ada3fe7684187fa8523,9a49c2e8378caffdbacab0dff1a0f2f13763e040836365f25541ff21ab9efb8c,c5b5a22b371e13960715dbed9fe322ca113ff419da76e4970f84ff1e52fba9cb,
integrated,model/bf/bf_planar_v2_dp_standard.yaml,resolved,bf/bf_planar_v2_dp_standard,pusht/planar_v2_usocket,eval_planar_v2,80575122241cbef17d4b88dcc03db929203ee1be0488c99d1c9218c3b4fa0e33,9a49c2e8378caffdbacab0dff1a0f2f13763e040836365f25541ff21ab9efb8c,c5b5a22b371e13960715dbed9fe322ca113ff419da76e4970f84ff1e52fba9cb,
integrated,model/bf/bf_planar_v2_flow.yaml,resolved,bf/bf_planar_v2_flow,pusht/planar_v2_usocket,eval_planar_v2,5b8cd87436b6e0ec10b8babba4da4508d023b79dc426ce7f1268e5ca1295c47d,9a49c2e8378caffdbacab0dff1a0f2f13763e040836365f25541ff21ab9efb8c,1478744a4d339be2d0b590e8597682ec77c012dca476e835e83d44bef127fb41,
integrated,model/bf/ct_unite_register_separate_nt8_h384_s42.yaml,resolved,bf/ct_unite_register_separate_nt8_h384_s42,pusht/planar_v2_usocket,eval_planar_v2,a7edc5e44eb0c5327237774ae4662994c235a8cebc8e087b790a02ed97dd15b8,9a49c2e8378caffdbacab0dff1a0f2f13763e040836365f25541ff21ab9efb8c,1478744a4d339be2d0b590e8597682ec77c012dca476e835e83d44bef127fb41,
integrated,model/bf/us_action_flow_bc_latent_fm_sg_200m_adamw.yaml,resolved,bf/us_action_flow_bc_latent_fm_sg_200m_adamw,pusht/planar_v2_usocket,eval_planar_v2,463d5282811224cbe29f6b5eb299b69d73f62127997a5a6cd27d01bee91d6a4d,9a49c2e8378caffdbacab0dff1a0f2f13763e040836365f25541ff21ab9efb8c,1478744a4d339be2d0b590e8597682ec77c012dca476e835e83d44bef127fb41,
integrated,model/bf/us_action_flow_bc_latent_fm_sg_200m_muon.yaml,resolved,bf/us_action_flow_bc_latent_fm_sg_200m_muon,pusht/planar_v2_usocket,eval_planar_v2,1ecc9b14d8973091d7e2d1ebfb9d8e21b4c344bcdf954c5f4a26251bcfd5055a,9a49c2e8378caffdbacab0dff1a0f2f13763e040836365f25541ff21ab9efb8c,1478744a4d339be2d0b590e8597682ec77c012dca476e835e83d44bef127fb41,
integrated,model/bf/us_action_flow_latent_fm_sg_unite_h384.yaml,resolved,bf/us_action_flow_latent_fm_sg_unite_h384,pusht/action_flow_unite_usocket_val01_h16,eval_planar_v2,81464b213936fd942c773a7d848f9f5fcac6d81f55c393deb8be1d5e44380af1,eed777b96d998213957990ee1a86975889b80df917df273c1fead8a5af302266,6194ad82240bcbe06d4a2949798320d29750831fdc4c1e7c7a576a2c53712985,
integrated,model/bf/us_action_latent_vfm_nt16_d8_h512_s42.yaml,resolved,bf/us_action_latent_vfm_nt16_d8_h512_s42,pusht/planar_v2_usocket,eval_planar_v2,42f415d6db34b9fe17810aba71520749c7a50783de6c0a4a068d7a7c8195f2d8,9a49c2e8378caffdbacab0dff1a0f2f13763e040836365f25541ff21ab9efb8c,1478744a4d339be2d0b590e8597682ec77c012dca476e835e83d44bef127fb41,
integrated,model/bf/us_unite_register_separate_nt4_s42.yaml,resolved,bf/us_unite_register_separate_nt4_s42,pusht/planar_v2_usocket,eval_planar_v2,81208da28f7b4621b0a6e8d7badeb20a3bfd6240e404a2bc2c2623e7222c2659,9a49c2e8378caffdbacab0dff1a0f2f13763e040836365f25541ff21ab9efb8c,1478744a4d339be2d0b590e8597682ec77c012dca476e835e83d44bef127fb41,
integrated,model/bf/us_unite_register_separate_nt8_s42.yaml,resolved,bf/us_unite_register_separate_nt8_s42,pusht/planar_v2_usocket,eval_planar_v2,1e378f97e30ccfce19ea4f87434b00110e88a0fdc45160224d0757a83d39944c,9a49c2e8378caffdbacab0dff1a0f2f13763e040836365f25541ff21ab9efb8c,1478744a4d339be2d0b590e8597682ec77c012dca476e835e83d44bef127fb41,
integrated,model/bf/us_unite_register_shared_nt16_s42.yaml,resolved,bf/us_unite_register_shared_nt16_s42,pusht/planar_v2_usocket,eval_planar_v2,373b7ba0e70d573bf869cb601534ce9b25d866ecd02f0280635b71cfe4ed5b9d,9a49c2e8378caffdbacab0dff1a0f2f13763e040836365f25541ff21ab9efb8c,1478744a4d339be2d0b590e8597682ec77c012dca476e835e83d44bef127fb41,
integrated,model/bf/us_unite_register_shared_nt4_s42.yaml,resolved,bf/us_unite_register_shared_nt4_s42,pusht/planar_v2_usocket,eval_planar_v2,ae0246d98d60410c835c25da698b89e2d0f526b6fd61eea4ac843b312b4174bc,9a49c2e8378caffdbacab0dff1a0f2f13763e040836365f25541ff21ab9efb8c,1478744a4d339be2d0b590e8597682ec77c012dca476e835e83d44bef127fb41,
integrated,model/bf/us_unite_register_shared_nt8_flow42_s42.yaml,resolved,bf/us_unite_register_shared_nt8_flow42_s42,pusht/planar_v2_usocket,eval_planar_v2,915fc0eed62d008fc05730049d3b96947340eae46260f463eacaf327b9c0af67,9a49c2e8378caffdbacab0dff1a0f2f13763e040836365f25541ff21ab9efb8c,1478744a4d339be2d0b590e8597682ec77c012dca476e835e83d44bef127fb41,
integrated,model/bf/us_unite_register_shared_nt8_s42.yaml,resolved,bf/us_unite_register_shared_nt8_s42,pusht/planar_v2_usocket,eval_planar_v2,91779af7e1c0b14801565ea8c03584378e9c5a65a57194f72d38a2a14e724070,9a49c2e8378caffdbacab0dff1a0f2f13763e040836365f25541ff21ab9efb8c,1478744a4d339be2d0b590e8597682ec77c012dca476e835e83d44bef127fb41,
integrated,model/e1/dp300_wrists_arcdur.yaml,resolved,e1/dp300_wrists_arcdur,abc_arc/towels_rl2_394_arcdur_lambda,,8bd7e8a325797a9b06b98d9f8f29a9642dbf22c832a696d963a7051d9c75a32a,46a5f39d13d5b5aa37349ee208d3b056a7211a445c523e70fbb8b78bb90273bd,b15499f74da5f6196c372b5ce2e1a84a490868d9670ce7b7c02bf465ca039689,
integrated,model/e1/dp300pt_wrists_arcdur.yaml,resolved,e1/dp300pt_wrists_arcdur,abc_arc/towels_rl2_394_arcdur_lambda,,c85d3e7586f2e38eafae5b8d389c9993253bd541660746926233d588fdb15906,46a5f39d13d5b5aa37349ee208d3b056a7211a445c523e70fbb8b78bb90273bd,b15499f74da5f6196c372b5ce2e1a84a490868d9670ce7b7c02bf465ca039689,
integrated,model/e1/hpt300_flow_wrists_arcdur.yaml,resolved,e1/hpt300_flow_wrists_arcdur,abc_arc/towels_rl2_394_arcdur_lambda,,5e712d2769fa76a599de77f38d4966e3ee2c5efe24cdef3b2c61e0e32bc70e02,46a5f39d13d5b5aa37349ee208d3b056a7211a445c523e70fbb8b78bb90273bd,b15499f74da5f6196c372b5ce2e1a84a490868d9670ce7b7c02bf465ca039689,
integrated,model/e1/hpt_flow.yaml,resolved,e1/hpt_flow,e1/fold_freeform,e1/fold_tempo,2dc887c2171601a18300a84a8a7f66d9f9753eaaae9746460317daa12a34216c,bcaa8d426eaca4a223b157af5d0f971dbbc3e92167203bd4e1b5bc5799621113,776af127372bda43934b33cda235137a2dab6efcfc24b376bfe689f75a8c4fb5,
integrated,model/e1/hpt_flow_wrists.yaml,resolved,e1/hpt_flow_wrists,e1/abc_stationery,e1/fold_tempo,57868ee798fcb03d866f735d6e6f61b71f550b203f5f49c14944ffba073c8f58,bed53c5c534c53ff8821fb802c6147ccd6ca2a05fbb6f9c67fad90188ce5a988,776af127372bda43934b33cda235137a2dab6efcfc24b376bfe689f75a8c4fb5,
integrated,model/e1/hpt_flow_wrists_ft.yaml,resolved,e1/hpt_flow_wrists_ft,abc_arc/stationery_ft_time,,9a1d357e666328e495eed6312173be8336397d30af60bcdd0512430dfa397df0,bddb746da3bad3f493e189bf6f1081dd1d4afc14d449e9df4691e5b6a6a2cadf,9e9c3645c83625cde5fbf3c154e9198f18d68be277d4730d2255ad553e6050c8,
integrated,model/e1/hpt_flow_wrists_ft_arcdur.yaml,resolved,e1/hpt_flow_wrists_ft_arcdur,abc_arc/stationery_ft_arcdur,,eb7ca54d1e66da19cf09cb38512a1d43d0edcacb286ce663583911c426ddc7cd,8e736e9c26bacd0665329f771d4e2fa2fb4ea13ebf6682e92191e6c506c96a44,74234e98afe7498fb5daf1f36ac2d78acc339464f950703b8c019892f982b90b,
integrated,model/egobridge.yaml,resolved,egobridge,,,aeb6dd1cae2fac44a14c9568d9d6678a85f5611f686ad4978a44566c32811c6a,,,
integrated,model/hpt_bc_flow_aria.yaml,resolved,hpt_bc_flow_aria,,,c80459e3c35e62d3d290dca76eac08347693228e79ae74169de77ac108fb57ce,,,
integrated,model/hpt_bc_flow_eva.yaml,resolved,hpt_bc_flow_eva,,,8e9d4899ce3cfc354307dc8fbc49452c8f8e9dcbfadcbc2ec34e009e291dbc67,,,
integrated,model/hpt_bc_flow_human.yaml,resolved,hpt_bc_flow_human,,,c80459e3c35e62d3d290dca76eac08347693228e79ae74169de77ac108fb57ce,,,
integrated,model/hpt_bc_flow_mecka.yaml,resolved,hpt_bc_flow_mecka,,,1f50793285a3cacb83f9d8d1b25014dbaf2a2aa5a5b8b38694f11e12dbbbc7c4,,,
integrated,model/hpt_bc_flow_scale.yaml,resolved,hpt_bc_flow_scale,,,0c9e686dc0e1582f3f402e2a8b39832f538ce04920a00d2ac99ae84636d74f11,,,
integrated,model/hpt_bc_keypoints_base.yaml,resolved,hpt_bc_keypoints_base,,,2fb48117a5c65327a80c6b7097c77451f566cba75b8c5fb44da4c30909f1abb1,,,
integrated,model/hpt_bc_keypoints_wrist.yaml,resolved,hpt_bc_keypoints_wrist,,,f8000749e1fb39f79b9e5a46b9941df6e21402036cdeeeb05542f9a1638ee1f1,,,
integrated,model/hpt_bc_pickplace_qwen_pertoken.yaml,resolved,hpt_bc_pickplace_qwen_pertoken,,,9f0906391ad4091b769cafadc242b24af6c496f9f15a0180b5b3f2b5d2e72263,,,
integrated,model/hpt_bc_pickplace_qwen_pooled.yaml,resolved,hpt_bc_pickplace_qwen_pooled,,,5a5930a6ba94a9e316607b6ddd04308baac0a85b78c031d08bf6331b5ee6477c,,,
integrated,model/hpt_cotrain_enc_dec_base.yaml,resolved,hpt_cotrain_enc_dec_base,,,f6aa74603934c61a6e4291932fbb282a98b6993cb25e62098636e31878c6b9f8,,,
integrated,model/hpt_cotrain_flow_seperate_head.yaml,resolved,hpt_cotrain_flow_seperate_head,,,2c15e8b335ece31ad56715ef6726dde1d894e5d66f3fd15c6daeec34ecb99f54,,,
integrated,model/hpt_cotrain_flow_shared_head.yaml,resolved,hpt_cotrain_flow_shared_head,,,6e4776b824986bbae7761b3d0603e347d9445b34e03e2fd1770dbe52b0191508,,,
integrated,model/hpt_cotrain_mecka_flow_shared_head.yaml,resolved,hpt_cotrain_mecka_flow_shared_head,,,baf2ab9b9d44469f0ebc84bbcd5674346d37bd672c24c71562f3fb4a5b10517e,,,
integrated,model/hpt_cotrain_scale_flow_shared_head.yaml,resolved,hpt_cotrain_scale_flow_shared_head,,,baf2ab9b9d44469f0ebc84bbcd5674346d37bd672c24c71562f3fb4a5b10517e,,,
integrated,model/pi0.5_base.yaml,resolved,pi0.5_base,,,0f3ad211e6d81291047421bb278dd0569ba98c910a972b37fc315f6a4f06e9bc,,,
integrated,model/pi0.5_bc_aria.yaml,resolved,pi0.5_bc_aria,,,3375766510cd563e4359c4ee77f700ae3a889773484f824076ccd38029b2eb5c,,,
integrated,model/pi0.5_bc_eva.yaml,resolved,pi0.5_bc_eva,,,cd8ee58fde19679e84e6303fa0368e7996f4d608ad3d029f8aff041b35c10928,,,
integrated,model/pi0.5_bc_mecka.yaml,resolved,pi0.5_bc_mecka,,,62147928e30258dccd1f2296387988c8af3f5c3315a539b225a427c2801235c1,,,
integrated,model/pi0.5_bc_scale.yaml,resolved,pi0.5_bc_scale,,,62147928e30258dccd1f2296387988c8af3f5c3315a539b225a427c2801235c1,,,
integrated,model/pi0.5_cotrain_eva_aria.yaml,resolved,pi0.5_cotrain_eva_aria,,,207382d72bc7767439f89f7867263519c97f2dbb35d13a06cf88a66f2604d3a5,,,
integrated,model/pi0.5_cotrain_mecka_scale.yaml,resolved,pi0.5_cotrain_mecka_scale,,,62147928e30258dccd1f2296387988c8af3f5c3315a539b225a427c2801235c1,,,
integrated,model/pi05/pi0.5_bc_abc_eva_6d.yaml,resolved,pi05/pi0.5_bc_abc_eva_6d,pi05/abc_stationery_pi_6d,pi05/eval_pi_wristframe_6d,0063bf23dd2cd99e3a25149aae0305c8b389425a626911b7a08c46e194710b84,7c37d74498030e611d272a624d17cb4c7cf431d47ca5af634e8c441956846a87,0564c5df02522250fefe87193b5bcb9263fc961015efb5997167a3f166ecb07d,
integrated,model/pi05/pi0.5_bc_eva.yaml,resolved,pi05/pi0.5_bc_eva,pi05/abc_stationery_pi_6d,pi05/eval_pi_wristframe_6d,36c59420c5d1c2e621c37ee497ae6372a2ad8787cd798b75349e03cda21809c0,7c37d74498030e611d272a624d17cb4c7cf431d47ca5af634e8c441956846a87,e85a3a290cb7e71337c52c110ea299e9b5fb59f3d865134c531e841db35ad263,
integrated,model/pi05/pi0.5_bc_mecka_6d.yaml,resolved,pi05/pi0.5_bc_mecka_6d,pi05/abc_stationery_pi_6d,pi05/eval_pi_wristframe_6d,9853bc7a423f2812149545d19b7cb2af4d69201c9cd2a7d1ea8f0a36ee5cc95f,7c37d74498030e611d272a624d17cb4c7cf431d47ca5af634e8c441956846a87,0564c5df02522250fefe87193b5bcb9263fc961015efb5997167a3f166ecb07d,
integrated,model/pi05/pi0.5_bc_mecka_abc_6d.yaml,resolved,pi05/pi0.5_bc_mecka_abc_6d,pi05/abc_stationery_pi_6d,pi05/eval_pi_wristframe_6d,1aa01ce25451886e0d75ce3ed7fcc35c18f92ac8196561a5fd7e2bf90d404b7d,7c37d74498030e611d272a624d17cb4c7cf431d47ca5af634e8c441956846a87,0564c5df02522250fefe87193b5bcb9263fc961015efb5997167a3f166ecb07d,
integrated,model/pi05/pi0.5_cotrain_eva_aria_6d.yaml,resolved,pi05/pi0.5_cotrain_eva_aria_6d,pi05/abc_stationery_pi_6d,pi05/eval_pi_wristframe_6d,79e04621c66cd2370d9b58c7bc1ac797d44f9226824c80ebc9bf987d263ea1e6,7c37d74498030e611d272a624d17cb4c7cf431d47ca5af634e8c441956846a87,e85a3a290cb7e71337c52c110ea299e9b5fb59f3d865134c531e841db35ad263,
integrated,model/pi05/pi0.5_ft_abc_eva_6d.yaml,resolved,pi05/pi0.5_ft_abc_eva_6d,pi05/abc_stationery_pi_6d,pi05/eval_pi_wristframe_6d,0063bf23dd2cd99e3a25149aae0305c8b389425a626911b7a08c46e194710b84,7c37d74498030e611d272a624d17cb4c7cf431d47ca5af634e8c441956846a87,0564c5df02522250fefe87193b5bcb9263fc961015efb5997167a3f166ecb07d,
integrated,model/pi05/pi0.5_ft_aria_fold_grip.yaml,resolved,pi05/pi0.5_ft_aria_fold_grip,pi05/abc_stationery_pi_6d,pi05/eval_pi_wristframe_6d,6a2c2c133af31411b72e2a76cc747f6272ce8ee75af03bd57354b603a77dd5bd,7c37d74498030e611d272a624d17cb4c7cf431d47ca5af634e8c441956846a87,0564c5df02522250fefe87193b5bcb9263fc961015efb5997167a3f166ecb07d,
