row	step	emb	level	variant	n	mean_peak	sr80	sr95	never_moved	budget	seeds0-39_mean
ctA	30000	chain	0	cfg1	80	0.514	13/80	3/80	16	688	0.483
ctA	30000	chain	0	cfgemb	80	0.258	6/80	1/80	48	688	0.278
ctA	30000	usocket	0	cfg1	80	0.436	18/80	5/80	32	318	0.415
ctA	30000	usocket	0	cfgemb	80	0.397	12/80	3/80	31	318	0.429
ctA	60000	chain	0	cfg1	80	0.564	15/80	6/80	12	688	0.556
ctA	60000	chain	0	cfgemb	80	0.285	8/80	2/80	44	688	0.310
ctA	60000	usocket	0	cfg1	80	0.603	24/80	14/80	13	318	0.619
ctA	60000	usocket	0	cfgemb	80	0.498	23/80	8/80	27	318	0.471
ctA	90000	chain	0	cfg1	80	0.598	25/80	12/80	14	688	0.637
ctA	90000	chain	0	cfgemb	80	0.317	8/80	1/80	42	688	0.265
ctA	90000	usocket	0	cfg1	80	0.636	25/80	18/80	11	318	0.637
ctA	90000	usocket	0	cfgemb	80	0.587	30/80	7/80	18	318	0.588
ctA	120000	chain	0	cfg1	80	0.611	21/80	10/80	13	688	0.591
ctA	120000	chain	0	cfgemb	80	0.351	10/80	1/80	37	688	0.427
ctA	120000	usocket	0	cfg1	80	0.715	36/80	30/80	8	318	0.719
ctA	120000	usocket	0	cfgemb	80	0.597	29/80	15/80	17	318	0.580
ctA	120000	usocket	1	cfg1	5	0.000	0/5	0/5	5	345	0.000
ctA	120000	usocket	1	cfgemb	5	0.000	0/5	0/5	5	345	0.000
ctA	120000	usocket	2	cfg1	5	0.000	0/5	0/5	5	307	0.000
ctA	120000	usocket	2	cfgemb	5	0.000	0/5	0/5	5	307	0.000
ctA	120000	usocket	3	cfg1	5	0.000	0/5	0/5	5	378	0.000
ctA	120000	usocket	3	cfgemb	5	0.000	0/5	0/5	5	378	0.000
ctA	120000	usocket	4	cfg1	5	0.000	0/5	0/5	5	333	0.000
ctA	120000	usocket	4	cfgemb	5	0.000	0/5	0/5	5	333	0.000
ctA	120000	usocket	5	cfg1	5	0.000	0/5	0/5	5	328	0.000
ctA	120000	usocket	5	cfgemb	5	0.000	0/5	0/5	5	328	0.000
ctA	120000	usocket	6	cfg1	5	0.000	0/5	0/5	5	367	0.000
ctA	120000	usocket	6	cfgemb	5	0.000	0/5	0/5	5	367	0.000
ctA	120000	usocket	7	cfg1	5	0.000	0/5	0/5	5	443	0.000
ctA	120000	usocket	7	cfgemb	5	0.000	0/5	0/5	5	443	0.000
ctA	120000	usocket	8	cfg1	5	0.000	0/5	0/5	5	420	0.000
ctA	120000	usocket	8	cfgemb	5	0.000	0/5	0/5	5	420	0.000
ctA	120000	usocket	9	cfg1	5	0.000	0/5	0/5	5	432	0.000
ctA	120000	usocket	9	cfgemb	5	0.000	0/5	0/5	5	432	0.000
ctA	120000	usocket	10	cfg1	5	0.000	0/5	0/5	5	368	0.000
ctA	120000	usocket	10	cfgemb	5	0.000	0/5	0/5	5	368	0.000
ctA	120000	usocket	11	cfg1	5	0.000	0/5	0/5	5	323	0.000
ctA	120000	usocket	11	cfgemb	5	0.029	0/5	0/5	4	323	0.029
ctA	120000	usocket	12	cfg1	5	0.000	0/5	0/5	5	338	0.000
ctA	120000	usocket	12	cfgemb	5	0.000	0/5	0/5	5	338	0.000
ctA	120000	usocket	13	cfg1	5	0.175	0/5	0/5	3	380	0.175
ctA	120000	usocket	13	cfgemb	5	0.000	0/5	0/5	5	380	0.000
ctA	120000	usocket	14	cfg1	5	0.098	0/5	0/5	3	348	0.098
ctA	120000	usocket	14	cfgemb	5	0.009	0/5	0/5	5	348	0.009
ctA	120000	usocket	15	cfg1	5	0.000	0/5	0/5	5	399	0.000
ctA	120000	usocket	15	cfgemb	5	0.000	0/5	0/5	5	399	0.000
ctA	120000	usocket	16	cfg1	5	0.000	0/5	0/5	5	463	0.000
ctA	120000	usocket	16	cfgemb	5	0.000	0/5	0/5	5	463	0.000
ctA	120000	usocket	17	cfg1	5	0.000	0/5	0/5	5	476	0.000
ctA	120000	usocket	17	cfgemb	5	0.000	0/5	0/5	5	476	0.000
ctA	120000	usocket	18	cfg1	5	0.000	0/5	0/5	5	501	0.000
ctA	120000	usocket	18	cfgemb	5	0.000	0/5	0/5	5	501	0.000
ctA	120000	usocket	19	cfg1	5	0.000	0/5	0/5	5	519	0.000
ctA	120000	usocket	19	cfgemb	5	0.000	0/5	0/5	5	519	0.000
ctA	120000	usocket	20	cfg1	5	0.000	0/5	0/5	5	564	0.000
ctA	120000	usocket	20	cfgemb	5	0.000	0/5	0/5	5	564	0.000
ctA	120000	usocket	21	cfg1	5	0.000	0/5	0/5	5	451	0.000
ctA	120000	usocket	21	cfgemb	5	0.000	0/5	0/5	5	451	0.000
ctA	120000	usocket	22	cfg1	5	0.083	0/5	0/5	4	389	0.083
ctA	120000	usocket	22	cfgemb	5	0.000	0/5	0/5	5	389	0.000
ctA	120000	usocket	23	cfg1	5	0.237	0/5	0/5	3	319	0.237
ctA	120000	usocket	23	cfgemb	5	0.077	0/5	0/5	4	319	0.077
ctA	120000	usocket	24	cfg1	5	0.050	0/5	0/5	4	291	0.050
ctA	120000	usocket	24	cfgemb	5	0.037	0/5	0/5	4	291	0.037
ctA	120000	usocket	25	cfg1	5	0.000	0/5	0/5	5	330	0.000
ctA	120000	usocket	25	cfgemb	5	0.000	0/5	0/5	5	330	0.000
ctA	120000	usocket	26	cfg1	5	0.000	0/5	0/5	5	362	0.000
ctA	120000	usocket	26	cfgemb	5	0.077	0/5	0/5	4	362	0.077
ctA	120000	usocket	27	cfg1	5	0.000	0/5	0/5	5	472	0.000
ctA	120000	usocket	27	cfgemb	5	0.000	0/5	0/5	5	472	0.000
ctA	120000	usocket	28	cfg1	5	0.000	0/5	0/5	5	548	0.000
ctA	120000	usocket	28	cfgemb	5	0.000	0/5	0/5	5	548	0.000
ctA	120000	usocket	29	cfg1	5	0.000	0/5	0/5	5	446	0.000
ctA	120000	usocket	29	cfgemb	5	0.000	0/5	0/5	5	446	0.000
ctA	120000	usocket	30	cfg1	5	0.000	0/5	0/5	5	399	0.000
ctA	120000	usocket	30	cfgemb	5	0.000	0/5	0/5	5	399	0.000
ctA	150000	chain	0	cfg1	80	0.623	20/80	15/80	11	688	0.556
ctA	150000	chain	0	cfgemb	80	0.373	13/80	5/80	39	688	0.336
ctA	150000	usocket	0	cfg1	80	0.635	27/80	20/80	14	318	0.647
ctA	150000	usocket	0	cfgemb	80	0.549	26/80	10/80	22	318	0.515
ctA	180000	chain	0	cfg1	80	0.621	25/80	15/80	13	688	0.620
ctA	180000	chain	0	cfgemb	80	0.359	8/80	0/80	38	688	0.424
ctA	180000	usocket	0	cfg1	80	0.642	28/80	21/80	14	318	0.629
ctA	180000	usocket	0	cfgemb	80	0.625	31/80	17/80	17	318	0.665
ctA	180000	usocket	1	cfg1	5	0.000	0/5	0/5	5	345	0.000
ctA	180000	usocket	1	cfgemb	5	0.000	0/5	0/5	5	345	0.000
ctA	180000	usocket	2	cfg1	5	0.000	0/5	0/5	5	307	0.000
ctA	180000	usocket	2	cfgemb	5	0.000	0/5	0/5	5	307	0.000
ctA	180000	usocket	3	cfg1	5	0.000	0/5	0/5	5	378	0.000
ctA	180000	usocket	3	cfgemb	5	0.071	0/5	0/5	4	378	0.071
ctA	180000	usocket	4	cfg1	5	0.000	0/5	0/5	5	333	0.000
ctA	180000	usocket	4	cfgemb	5	0.000	0/5	0/5	5	333	0.000
ctA	180000	usocket	5	cfg1	5	0.000	0/5	0/5	5	328	0.000
ctA	180000	usocket	5	cfgemb	5	0.000	0/5	0/5	5	328	0.000
ctA	180000	usocket	6	cfg1	5	0.000	0/5	0/5	5	367	0.000
ctA	180000	usocket	6	cfgemb	5	0.000	0/5	0/5	5	367	0.000
ctA	180000	usocket	7	cfg1	5	0.000	0/5	0/5	5	443	0.000
ctA	180000	usocket	7	cfgemb	5	0.000	0/5	0/5	5	443	0.000
ctA	180000	usocket	8	cfg1	5	0.000	0/5	0/5	5	420	0.000
ctA	180000	usocket	8	cfgemb	5	0.000	0/5	0/5	5	420	0.000
ctA	180000	usocket	9	cfg1	5	0.000	0/5	0/5	5	432	0.000
ctA	180000	usocket	9	cfgemb	5	0.000	0/5	0/5	5	432	0.000
ctA	180000	usocket	10	cfg1	5	0.000	0/5	0/5	5	368	0.000
ctA	180000	usocket	10	cfgemb	5	0.000	0/5	0/5	5	368	0.000
ctA	180000	usocket	11	cfg1	5	0.000	0/5	0/5	5	323	0.000
ctA	180000	usocket	11	cfgemb	5	0.000	0/5	0/5	5	323	0.000
ctA	180000	usocket	12	cfg1	5	0.045	0/5	0/5	4	338	0.045
ctA	180000	usocket	12	cfgemb	5	0.000	0/5	0/5	5	338	0.000
ctA	180000	usocket	13	cfg1	5	0.136	0/5	0/5	3	380	0.136
ctA	180000	usocket	13	cfgemb	5	0.275	0/5	0/5	2	380	0.275
ctA	180000	usocket	14	cfg1	5	0.000	0/5	0/5	5	348	0.000
ctA	180000	usocket	14	cfgemb	5	0.007	0/5	0/5	5	348	0.007
ctA	180000	usocket	15	cfg1	5	0.000	0/5	0/5	5	399	0.000
ctA	180000	usocket	15	cfgemb	5	0.000	0/5	0/5	5	399	0.000
ctA	180000	usocket	16	cfg1	5	0.000	0/5	0/5	5	463	0.000
ctA	180000	usocket	16	cfgemb	5	0.000	0/5	0/5	5	463	0.000
ctA	180000	usocket	17	cfg1	5	0.000	0/5	0/5	5	476	0.000
ctA	180000	usocket	17	cfgemb	5	0.000	0/5	0/5	5	476	0.000
ctA	180000	usocket	18	cfg1	5	0.000	0/5	0/5	5	501	0.000
ctA	180000	usocket	18	cfgemb	5	0.000	0/5	0/5	5	501	0.000
ctA	180000	usocket	19	cfg1	5	0.000	0/5	0/5	5	519	0.000
ctA	180000	usocket	19	cfgemb	5	0.000	0/5	0/5	5	519	0.000
ctA	180000	usocket	20	cfg1	5	0.000	0/5	0/5	5	564	0.000
ctA	180000	usocket	20	cfgemb	5	0.000	0/5	0/5	5	564	0.000
ctA	180000	usocket	21	cfg1	5	0.000	0/5	0/5	5	451	0.000
ctA	180000	usocket	21	cfgemb	5	0.000	0/5	0/5	5	451	0.000
ctA	180000	usocket	22	cfg1	5	0.075	0/5	0/5	4	389	0.075
ctA	180000	usocket	22	cfgemb	5	0.058	0/5	0/5	4	389	0.058
ctA	180000	usocket	23	cfg1	5	0.090	0/5	0/5	3	319	0.090
ctA	180000	usocket	23	cfgemb	5	0.121	0/5	0/5	4	319	0.121
ctA	180000	usocket	24	cfg1	5	0.131	0/5	0/5	2	291	0.131
ctA	180000	usocket	24	cfgemb	5	0.058	0/5	0/5	4	291	0.058
ctA	180000	usocket	25	cfg1	5	0.000	0/5	0/5	5	330	0.000
ctA	180000	usocket	25	cfgemb	5	0.074	0/5	0/5	3	330	0.074
ctA	180000	usocket	26	cfg1	5	0.000	0/5	0/5	5	362	0.000
ctA	180000	usocket	26	cfgemb	5	0.000	0/5	0/5	5	362	0.000
ctA	180000	usocket	27	cfg1	5	0.000	0/5	0/5	5	472	0.000
ctA	180000	usocket	27	cfgemb	5	0.000	0/5	0/5	5	472	0.000
ctA	180000	usocket	28	cfg1	5	0.000	0/5	0/5	5	548	0.000
ctA	180000	usocket	28	cfgemb	5	0.000	0/5	0/5	5	548	0.000
ctA	180000	usocket	29	cfg1	5	0.000	0/5	0/5	5	446	0.000
ctA	180000	usocket	29	cfgemb	5	0.000	0/5	0/5	5	446	0.000
ctA	180000	usocket	30	cfg1	5	0.000	0/5	0/5	5	399	0.000
ctA	180000	usocket	30	cfgemb	5	0.000	0/5	0/5	5	399	0.000
ctA	210000	chain	0	cfg1	80	0.621	19/80	16/80	11	688	0.637
ctA	210000	chain	0	cfgemb	80	0.363	13/80	4/80	39	688	0.379
ctA	210000	usocket	0	cfg1	80	0.656	30/80	23/80	13	318	0.672
ctA	210000	usocket	0	cfgemb	80	0.615	28/80	18/80	18	318	0.614
ctA	240000	chain	0	cfg1	80	0.600	27/80	17/80	17	688	0.573
ctA	240000	chain	0	cfgemb	40	0.459	7/40	2/40	15	688	0.459
ctA	240000	usocket	0	cfg1	80	0.635	28/80	23/80	15	318	0.590
ctA	240000	usocket	0	cfgemb	80	0.591	26/80	14/80	19	318	0.602
ctA	240000	usocket	1	cfg1	5	0.000	0/5	0/5	5	345	0.000
ctA	240000	usocket	1	cfgemb	5	0.000	0/5	0/5	5	345	0.000
ctA	240000	usocket	2	cfg1	5	0.000	0/5	0/5	5	307	0.000
ctA	240000	usocket	2	cfgemb	5	0.000	0/5	0/5	5	307	0.000
ctA	240000	usocket	3	cfg1	5	0.000	0/5	0/5	5	378	0.000
ctA	240000	usocket	3	cfgemb	5	0.000	0/5	0/5	5	378	0.000
ctA	240000	usocket	4	cfg1	5	0.000	0/5	0/5	5	333	0.000
ctA	240000	usocket	4	cfgemb	5	0.000	0/5	0/5	5	333	0.000
ctA	240000	usocket	5	cfg1	5	0.000	0/5	0/5	5	328	0.000
ctA	240000	usocket	5	cfgemb	5	0.000	0/5	0/5	5	328	0.000
ctA	240000	usocket	6	cfg1	5	0.000	0/5	0/5	5	367	0.000
ctA	240000	usocket	6	cfgemb	5	0.000	0/5	0/5	5	367	0.000
ctA	240000	usocket	7	cfg1	5	0.000	0/5	0/5	5	443	0.000
ctA	240000	usocket	7	cfgemb	5	0.000	0/5	0/5	5	443	0.000
ctA	240000	usocket	8	cfg1	5	0.000	0/5	0/5	5	420	0.000
ctA	240000	usocket	8	cfgemb	5	0.000	0/5	0/5	5	420	0.000
ctA	240000	usocket	9	cfg1	5	0.000	0/5	0/5	5	432	0.000
ctA	240000	usocket	9	cfgemb	5	0.000	0/5	0/5	5	432	0.000
ctA	240000	usocket	10	cfg1	5	0.000	0/5	0/5	5	368	0.000
ctA	240000	usocket	10	cfgemb	5	0.000	0/5	0/5	5	368	0.000
ctA	240000	usocket	11	cfg1	5	0.000	0/5	0/5	5	323	0.000
ctA	240000	usocket	11	cfgemb	5	0.035	0/5	0/5	4	323	0.035
ctA	240000	usocket	12	cfg1	5	0.000	0/5	0/5	5	338	0.000
ctA	240000	usocket	12	cfgemb	5	0.001	0/5	0/5	5	338	0.001
ctA	240000	usocket	13	cfg1	5	0.259	0/5	0/5	2	380	0.259
ctA	240000	usocket	13	cfgemb	5	0.082	0/5	0/5	4	380	0.082
ctA	240000	usocket	14	cfg1	5	0.113	0/5	0/5	4	348	0.113
ctA	240000	usocket	14	cfgemb	5	0.019	0/5	0/5	5	348	0.019
ctA	240000	usocket	15	cfg1	5	0.000	0/5	0/5	5	399	0.000
ctA	240000	usocket	15	cfgemb	5	0.000	0/5	0/5	5	399	0.000
ctA	240000	usocket	16	cfg1	5	0.000	0/5	0/5	5	463	0.000
ctA	240000	usocket	16	cfgemb	5	0.000	0/5	0/5	5	463	0.000
ctA	240000	usocket	17	cfg1	5	0.000	0/5	0/5	5	476	0.000
ctA	240000	usocket	17	cfgemb	5	0.000	0/5	0/5	5	476	0.000
ctA	240000	usocket	18	cfg1	5	0.000	0/5	0/5	5	501	0.000
ctA	240000	usocket	18	cfgemb	5	0.000	0/5	0/5	5	501	0.000
ctA	240000	usocket	19	cfg1	5	0.000	0/5	0/5	5	519	0.000
ctA	240000	usocket	19	cfgemb	5	0.000	0/5	0/5	5	519	0.000
ctA	240000	usocket	20	cfg1	5	0.000	0/5	0/5	5	564	0.000
ctA	240000	usocket	20	cfgemb	5	0.000	0/5	0/5	5	564	0.000
ctA	240000	usocket	21	cfg1	5	0.000	0/5	0/5	5	451	0.000
ctA	240000	usocket	21	cfgemb	5	0.000	0/5	0/5	5	451	0.000
ctA	240000	usocket	22	cfg1	5	0.058	0/5	0/5	4	389	0.058
ctA	240000	usocket	22	cfgemb	5	0.006	0/5	0/5	5	389	0.006
ctA	240000	usocket	23	cfg1	5	0.037	0/5	0/5	4	319	0.037
ctA	240000	usocket	23	cfgemb	5	0.106	0/5	0/5	3	319	0.106
ctA	240000	usocket	24	cfg1	5	0.000	0/5	0/5	5	291	0.000
ctA	240000	usocket	24	cfgemb	5	0.015	0/5	0/5	5	291	0.015
ctA	240000	usocket	25	cfg1	5	0.005	0/5	0/5	5	330	0.005
ctA	240000	usocket	25	cfgemb	5	0.013	0/5	0/5	5	330	0.013
ctA	240000	usocket	26	cfg1	5	0.000	0/5	0/5	5	362	0.000
ctA	240000	usocket	26	cfgemb	5	0.000	0/5	0/5	5	362	0.000
ctA	240000	usocket	27	cfg1	5	0.000	0/5	0/5	5	472	0.000
ctA	240000	usocket	27	cfgemb	5	0.000	0/5	0/5	5	472	0.000
ctA	240000	usocket	28	cfg1	5	0.000	0/5	0/5	5	548	0.000
ctA	240000	usocket	28	cfgemb	5	0.000	0/5	0/5	5	548	0.000
ctA	240000	usocket	29	cfg1	5	0.000	0/5	0/5	5	446	0.000
ctA	240000	usocket	29	cfgemb	5	0.000	0/5	0/5	5	446	0.000
ctA	240000	usocket	30	cfg1	5	0.000	0/5	0/5	5	399	0.000
ctA	240000	usocket	30	cfgemb	5	0.000	0/5	0/5	5	399	0.000
ctA768	30000	chain	0	cfg1	80	0.533	9/80	2/80	10	688	0.571
ctA768	30000	chain	0	cfgemb	80	0.222	6/80	0/80	51	688	0.223
ctA768	30000	usocket	0	cfg1	80	0.464	11/80	3/80	21	318	0.477
ctA768	30000	usocket	0	cfgemb	80	0.402	11/80	2/80	31	318	0.397
ctA768	60000	chain	0	cfg1	80	0.491	15/80	8/80	22	688	0.512
ctA768	60000	chain	0	cfgemb	80	0.242	7/80	1/80	51	688	0.190
ctA768	60000	usocket	0	cfg1	80	0.604	18/80	9/80	13	318	0.592
ctA768	60000	usocket	0	cfgemb	80	0.410	7/80	2/80	31	318	0.435
ctA768	90000	chain	0	cfg1	80	0.502	15/80	8/80	22	688	0.532
ctA768	90000	chain	0	cfgemb	80	0.279	7/80	0/80	47	688	0.296
ctA768	90000	usocket	0	cfg1	80	0.596	23/80	14/80	16	318	0.563
ctA768	90000	usocket	0	cfgemb	40	0.477	4/40	2/40	12	318	nan
ctA768	120000	chain	0	cfg1	80	0.556	18/80	13/80	18	688	0.606
ctA768	120000	chain	0	cfgemb	80	0.208	5/80	2/80	53	688	0.179
ctA768	120000	usocket	0	cfg1	80	0.562	16/80	14/80	16	318	0.535
ctA768	120000	usocket	0	cfgemb	80	0.551	19/80	11/80	18	318	0.530
ctA768	120000	usocket	1	cfg1	5	0.000	0/5	0/5	5	345	0.000
ctA768	120000	usocket	1	cfgemb	5	0.000	0/5	0/5	5	345	0.000
ctA768	120000	usocket	2	cfg1	5	0.000	0/5	0/5	5	307	0.000
ctA768	120000	usocket	2	cfgemb	5	0.000	0/5	0/5	5	307	0.000
ctA768	120000	usocket	3	cfg1	5	0.000	0/5	0/5	5	378	0.000
ctA768	120000	usocket	3	cfgemb	5	0.000	0/5	0/5	5	378	0.000
ctA768	120000	usocket	4	cfg1	5	0.000	0/5	0/5	5	333	0.000
ctA768	120000	usocket	4	cfgemb	5	0.000	0/5	0/5	5	333	0.000
ctA768	120000	usocket	5	cfg1	5	0.000	0/5	0/5	5	328	0.000
ctA768	120000	usocket	5	cfgemb	5	0.000	0/5	0/5	5	328	0.000
ctA768	120000	usocket	6	cfg1	5	0.000	0/5	0/5	5	367	0.000
ctA768	120000	usocket	6	cfgemb	5	0.000	0/5	0/5	5	367	0.000
ctA768	120000	usocket	7	cfg1	5	0.000	0/5	0/5	5	443	0.000
ctA768	120000	usocket	7	cfgemb	5	0.000	0/5	0/5	5	443	0.000
ctA768	120000	usocket	8	cfg1	5	0.000	0/5	0/5	5	420	0.000
ctA768	120000	usocket	8	cfgemb	5	0.000	0/5	0/5	5	420	0.000
ctA768	120000	usocket	9	cfg1	5	0.000	0/5	0/5	5	432	0.000
ctA768	120000	usocket	9	cfgemb	5	0.000	0/5	0/5	5	432	0.000
ctA768	120000	usocket	10	cfg1	5	0.000	0/5	0/5	5	368	0.000
ctA768	120000	usocket	10	cfgemb	5	0.000	0/5	0/5	5	368	0.000
ctA768	120000	usocket	11	cfg1	5	0.000	0/5	0/5	5	323	0.000
ctA768	120000	usocket	11	cfgemb	5	0.000	0/5	0/5	5	323	0.000
ctA768	120000	usocket	12	cfg1	5	0.000	0/5	0/5	5	338	0.000
ctA768	120000	usocket	12	cfgemb	5	0.151	0/5	0/5	4	338	0.151
ctA768	120000	usocket	13	cfg1	5	0.000	0/5	0/5	5	380	0.000
ctA768	120000	usocket	13	cfgemb	5	0.000	0/5	0/5	5	380	0.000
ctA768	120000	usocket	14	cfg1	5	0.084	0/5	0/5	4	348	0.084
ctA768	120000	usocket	14	cfgemb	5	0.000	0/5	0/5	5	348	0.000
ctA768	120000	usocket	15	cfg1	5	0.000	0/5	0/5	5	399	0.000
ctA768	120000	usocket	15	cfgemb	5	0.000	0/5	0/5	5	399	0.000
ctA768	120000	usocket	16	cfg1	5	0.000	0/5	0/5	5	463	0.000
ctA768	120000	usocket	16	cfgemb	5	0.000	0/5	0/5	5	463	0.000
ctA768	120000	usocket	17	cfg1	5	0.000	0/5	0/5	5	476	0.000
ctA768	120000	usocket	17	cfgemb	5	0.000	0/5	0/5	5	476	0.000
ctA768	120000	usocket	18	cfg1	5	0.000	0/5	0/5	5	501	0.000
ctA768	120000	usocket	18	cfgemb	5	0.000	0/5	0/5	5	501	0.000
ctA768	120000	usocket	19	cfg1	5	0.000	0/5	0/5	5	519	0.000
ctA768	120000	usocket	19	cfgemb	5	0.000	0/5	0/5	5	519	0.000
ctA768	120000	usocket	20	cfg1	5	0.000	0/5	0/5	5	564	0.000
ctA768	120000	usocket	20	cfgemb	5	0.094	0/5	0/5	4	564	0.094
ctA768	120000	usocket	21	cfg1	5	0.000	0/5	0/5	5	451	0.000
ctA768	120000	usocket	21	cfgemb	5	0.000	0/5	0/5	5	451	0.000
ctA768	120000	usocket	22	cfg1	5	0.000	0/5	0/5	5	389	0.000
ctA768	120000	usocket	22	cfgemb	5	0.031	0/5	0/5	4	389	0.031
ctA768	120000	usocket	23	cfg1	5	0.000	0/5	0/5	5	319	0.000
ctA768	120000	usocket	23	cfgemb	5	0.000	0/5	0/5	5	319	0.000
ctA768	120000	usocket	24	cfg1	5	0.157	0/5	0/5	2	291	0.157
ctA768	120000	usocket	24	cfgemb	5	0.113	0/5	0/5	4	291	0.113
ctA768	120000	usocket	25	cfg1	5	0.000	0/5	0/5	5	330	0.000
ctA768	120000	usocket	25	cfgemb	5	0.000	0/5	0/5	5	330	0.000
ctA768	120000	usocket	26	cfg1	5	0.000	0/5	0/5	5	362	0.000
ctA768	120000	usocket	26	cfgemb	5	0.000	0/5	0/5	5	362	0.000
ctA768	120000	usocket	27	cfg1	5	0.000	0/5	0/5	5	472	0.000
ctA768	120000	usocket	27	cfgemb	5	0.000	0/5	0/5	5	472	0.000
ctA768	120000	usocket	28	cfg1	5	0.000	0/5	0/5	5	548	0.000
ctA768	120000	usocket	28	cfgemb	5	0.000	0/5	0/5	5	548	0.000
ctA768	120000	usocket	29	cfg1	5	0.000	0/5	0/5	5	446	0.000
ctA768	120000	usocket	29	cfgemb	5	0.000	0/5	0/5	5	446	0.000
ctA768	120000	usocket	30	cfg1	5	0.000	0/5	0/5	5	399	0.000
ctA768	120000	usocket	30	cfgemb	5	0.000	0/5	0/5	5	399	0.000
ctA768	150000	chain	0	cfg1	80	0.561	20/80	11/80	17	688	0.571
ctA768	150000	chain	0	cfgemb	80	0.235	8/80	2/80	52	688	0.206
ctA768	150000	usocket	0	cfg1	80	0.611	21/80	13/80	13	318	0.630
ctA768	150000	usocket	0	cfgemb	80	0.545	17/80	11/80	20	318	0.572
ctA768	180000	chain	0	cfg1	80	0.485	15/80	10/80	24	688	0.494
ctA768	180000	chain	0	cfgemb	80	0.295	7/80	3/80	43	688	0.293
ctA768	180000	usocket	0	cfg1	80	0.594	20/80	14/80	15	318	0.609
ctA768	180000	usocket	0	cfgemb	80	0.531	17/80	11/80	21	318	0.505
ctA768	180000	usocket	1	cfg1	5	0.000	0/5	0/5	5	345	0.000
ctA768	180000	usocket	1	cfgemb	5	0.000	0/5	0/5	5	345	0.000
ctA768	180000	usocket	2	cfg1	5	0.000	0/5	0/5	5	307	0.000
ctA768	180000	usocket	2	cfgemb	5	0.000	0/5	0/5	5	307	0.000
ctA768	180000	usocket	3	cfg1	5	0.061	0/5	0/5	4	378	0.061
ctA768	180000	usocket	3	cfgemb	5	0.000	0/5	0/5	5	378	0.000
ctA768	180000	usocket	4	cfg1	5	0.000	0/5	0/5	5	333	0.000
ctA768	180000	usocket	4	cfgemb	5	0.000	0/5	0/5	5	333	0.000
ctA768	180000	usocket	5	cfg1	5	0.000	0/5	0/5	5	328	0.000
ctA768	180000	usocket	5	cfgemb	5	0.000	0/5	0/5	5	328	0.000
ctA768	180000	usocket	6	cfg1	5	0.000	0/5	0/5	5	367	0.000
ctA768	180000	usocket	6	cfgemb	5	0.000	0/5	0/5	5	367	0.000
ctA768	180000	usocket	7	cfg1	5	0.000	0/5	0/5	5	443	0.000
ctA768	180000	usocket	7	cfgemb	5	0.000	0/5	0/5	5	443	0.000
ctA768	180000	usocket	8	cfg1	5	0.000	0/5	0/5	5	420	0.000
ctA768	180000	usocket	8	cfgemb	5	0.000	0/5	0/5	5	420	0.000
ctA768	180000	usocket	9	cfg1	5	0.000	0/5	0/5	5	432	0.000
ctA768	180000	usocket	9	cfgemb	5	0.000	0/5	0/5	5	432	0.000
ctA768	180000	usocket	10	cfg1	5	0.000	0/5	0/5	5	368	0.000
ctA768	180000	usocket	10	cfgemb	5	0.000	0/5	0/5	5	368	0.000
ctA768	180000	usocket	11	cfg1	5	0.000	0/5	0/5	5	323	0.000
ctA768	180000	usocket	11	cfgemb	5	0.000	0/5	0/5	5	323	0.000
ctA768	180000	usocket	12	cfg1	5	0.263	0/5	0/5	3	338	0.263
ctA768	180000	usocket	12	cfgemb	5	0.133	0/5	0/5	4	338	0.133
ctA768	180000	usocket	13	cfg1	5	0.076	0/5	0/5	4	380	0.076
ctA768	180000	usocket	13	cfgemb	5	0.000	0/5	0/5	5	380	0.000
ctA768	180000	usocket	14	cfg1	5	0.096	0/5	0/5	4	348	0.096
ctA768	180000	usocket	14	cfgemb	5	0.176	1/5	0/5	4	348	0.176
ctA768	180000	usocket	15	cfg1	5	0.000	0/5	0/5	5	399	0.000
ctA768	180000	usocket	15	cfgemb	5	0.000	0/5	0/5	5	399	0.000
ctA768	180000	usocket	16	cfg1	5	0.000	0/5	0/5	5	463	0.000
ctA768	180000	usocket	16	cfgemb	5	0.000	0/5	0/5	5	463	0.000
ctA768	180000	usocket	17	cfg1	5	0.000	0/5	0/5	5	476	0.000
ctA768	180000	usocket	17	cfgemb	5	0.000	0/5	0/5	5	476	0.000
ctA768	180000	usocket	18	cfg1	5	0.000	0/5	0/5	5	501	0.000
ctA768	180000	usocket	18	cfgemb	5	0.000	0/5	0/5	5	501	0.000
ctA768	180000	usocket	19	cfg1	5	0.000	0/5	0/5	5	519	0.000
ctA768	180000	usocket	19	cfgemb	5	0.000	0/5	0/5	5	519	0.000
ctA768	180000	usocket	20	cfg1	5	0.000	0/5	0/5	5	564	0.000
ctA768	180000	usocket	20	cfgemb	5	0.000	0/5	0/5	5	564	0.000
ctA768	180000	usocket	21	cfg1	5	0.000	0/5	0/5	5	451	0.000
ctA768	180000	usocket	21	cfgemb	5	0.000	0/5	0/5	5	451	0.000
ctA768	180000	usocket	22	cfg1	5	0.000	0/5	0/5	5	389	0.000
ctA768	180000	usocket	22	cfgemb	5	0.017	0/5	0/5	5	389	0.017
ctA768	180000	usocket	23	cfg1	5	0.000	0/5	0/5	5	319	0.000
ctA768	180000	usocket	23	cfgemb	5	0.000	0/5	0/5	5	319	0.000
ctA768	180000	usocket	24	cfg1	5	0.045	0/5	0/5	4	291	0.045
ctA768	180000	usocket	24	cfgemb	5	0.000	0/5	0/5	5	291	0.000
ctA768	180000	usocket	25	cfg1	5	0.000	0/5	0/5	5	330	0.000
ctA768	180000	usocket	25	cfgemb	5	0.000	0/5	0/5	5	330	0.000
ctA768	180000	usocket	26	cfg1	5	0.115	0/5	0/5	4	362	0.115
ctA768	180000	usocket	26	cfgemb	5	0.000	0/5	0/5	5	362	0.000
ctA768	180000	usocket	27	cfg1	5	0.000	0/5	0/5	5	472	0.000
ctA768	180000	usocket	27	cfgemb	5	0.000	0/5	0/5	5	472	0.000
ctA768	180000	usocket	28	cfg1	5	0.000	0/5	0/5	5	548	0.000
ctA768	180000	usocket	28	cfgemb	5	0.000	0/5	0/5	5	548	0.000
ctA768	180000	usocket	29	cfg1	5	0.000	0/5	0/5	5	446	0.000
ctA768	180000	usocket	29	cfgemb	5	0.000	0/5	0/5	5	446	0.000
ctA768	180000	usocket	30	cfg1	5	0.000	0/5	0/5	5	399	0.000
ctA768	180000	usocket	30	cfgemb	5	0.000	0/5	0/5	5	399	0.000
ctA768	210000	chain	0	cfg1	80	0.489	18/80	13/80	24	688	0.468
ctA768	210000	chain	0	cfgemb	80	0.287	11/80	3/80	47	688	0.299
ctA768	210000	usocket	0	cfg1	80	0.548	18/80	13/80	20	318	0.594
ctA768	210000	usocket	0	cfgemb	80	0.552	18/80	9/80	18	318	0.513
ctA768	240000	chain	0	cfg1	80	0.458	20/80	8/80	29	688	0.422
ctA768	240000	chain	0	cfgemb	80	0.238	8/80	5/80	53	688	0.258
ctA768	240000	usocket	0	cfg1	80	0.610	17/80	16/80	13	318	0.638
ctA768	240000	usocket	0	cfgemb	80	0.550	20/80	11/80	18	318	0.499
ctA768	240000	usocket	1	cfg1	5	0.065	0/5	0/5	4	345	0.065
ctA768	240000	usocket	1	cfgemb	5	0.000	0/5	0/5	5	345	0.000
ctA768	240000	usocket	2	cfg1	5	0.000	0/5	0/5	5	307	0.000
ctA768	240000	usocket	2	cfgemb	5	0.000	0/5	0/5	5	307	0.000
ctA768	240000	usocket	3	cfg1	5	0.000	0/5	0/5	5	378	0.000
ctA768	240000	usocket	3	cfgemb	5	0.000	0/5	0/5	5	378	0.000
ctA768	240000	usocket	4	cfg1	5	0.000	0/5	0/5	5	333	0.000
ctA768	240000	usocket	4	cfgemb	5	0.072	0/5	0/5	4	333	0.072
ctA768	240000	usocket	5	cfg1	5	0.000	0/5	0/5	5	328	0.000
ctA768	240000	usocket	5	cfgemb	5	0.000	0/5	0/5	5	328	0.000
ctA768	240000	usocket	6	cfg1	5	0.000	0/5	0/5	5	367	0.000
ctA768	240000	usocket	6	cfgemb	5	0.000	0/5	0/5	5	367	0.000
ctA768	240000	usocket	7	cfg1	5	0.000	0/5	0/5	5	443	0.000
ctA768	240000	usocket	7	cfgemb	5	0.000	0/5	0/5	5	443	0.000
ctA768	240000	usocket	8	cfg1	5	0.000	0/5	0/5	5	420	0.000
ctA768	240000	usocket	8	cfgemb	5	0.000	0/5	0/5	5	420	0.000
ctA768	240000	usocket	9	cfg1	5	0.000	0/5	0/5	5	432	0.000
ctA768	240000	usocket	9	cfgemb	5	0.000	0/5	0/5	5	432	0.000
ctA768	240000	usocket	10	cfg1	5	0.000	0/5	0/5	5	368	0.000
ctA768	240000	usocket	10	cfgemb	5	0.000	0/5	0/5	5	368	0.000
ctA768	240000	usocket	11	cfg1	5	0.000	0/5	0/5	5	323	0.000
ctA768	240000	usocket	11	cfgemb	5	0.000	0/5	0/5	5	323	0.000
ctA768	240000	usocket	12	cfg1	5	0.138	0/5	0/5	4	338	0.138
ctA768	240000	usocket	12	cfgemb	5	0.124	0/5	0/5	4	338	0.124
ctA768	240000	usocket	13	cfg1	5	0.000	0/5	0/5	5	380	0.000
ctA768	240000	usocket	13	cfgemb	5	0.000	0/5	0/5	5	380	0.000
ctA768	240000	usocket	14	cfg1	5	0.000	0/5	0/5	5	348	0.000
ctA768	240000	usocket	14	cfgemb	5	0.002	0/5	0/5	5	348	0.002
ctA768	240000	usocket	15	cfg1	5	0.000	0/5	0/5	5	399	0.000
ctA768	240000	usocket	15	cfgemb	5	0.000	0/5	0/5	5	399	0.000
ctA768	240000	usocket	16	cfg1	5	0.000	0/5	0/5	5	463	0.000
ctA768	240000	usocket	16	cfgemb	5	0.000	0/5	0/5	5	463	0.000
ctA768	240000	usocket	17	cfg1	5	0.000	0/5	0/5	5	476	0.000
ctA768	240000	usocket	17	cfgemb	5	0.000	0/5	0/5	5	476	0.000
ctA768	240000	usocket	18	cfg1	5	0.000	0/5	0/5	5	501	0.000
ctA768	240000	usocket	18	cfgemb	5	0.000	0/5	0/5	5	501	0.000
ctA768	240000	usocket	19	cfg1	5	0.014	0/5	0/5	5	519	0.014
ctA768	240000	usocket	19	cfgemb	5	0.000	0/5	0/5	5	519	0.000
ctA768	240000	usocket	20	cfg1	5	0.000	0/5	0/5	5	564	0.000
ctA768	240000	usocket	20	cfgemb	5	0.000	0/5	0/5	5	564	0.000
ctA768	240000	usocket	21	cfg1	5	0.000	0/5	0/5	5	451	0.000
ctA768	240000	usocket	21	cfgemb	5	0.000	0/5	0/5	5	451	0.000
ctA768	240000	usocket	22	cfg1	5	0.085	0/5	0/5	4	389	0.085
ctA768	240000	usocket	22	cfgemb	5	0.000	0/5	0/5	5	389	0.000
ctA768	240000	usocket	23	cfg1	5	0.120	0/5	0/5	4	319	0.120
ctA768	240000	usocket	23	cfgemb	5	0.102	0/5	0/5	4	319	0.102
ctA768	240000	usocket	24	cfg1	5	0.020	0/5	0/5	5	291	0.020
ctA768	240000	usocket	24	cfgemb	5	0.086	0/5	0/5	4	291	0.086
ctA768	240000	usocket	25	cfg1	5	0.000	0/5	0/5	5	330	0.000
ctA768	240000	usocket	25	cfgemb	5	0.000	0/5	0/5	5	330	0.000
ctA768	240000	usocket	26	cfg1	5	0.000	0/5	0/5	5	362	0.000
ctA768	240000	usocket	26	cfgemb	5	0.072	0/5	0/5	4	362	0.072
ctA768	240000	usocket	27	cfg1	5	0.000	0/5	0/5	5	472	0.000
ctA768	240000	usocket	27	cfgemb	5	0.000	0/5	0/5	5	472	0.000
ctA768	240000	usocket	28	cfg1	5	0.000	0/5	0/5	5	548	0.000
ctA768	240000	usocket	28	cfgemb	5	0.000	0/5	0/5	5	548	0.000
ctA768	240000	usocket	29	cfg1	5	0.000	0/5	0/5	5	446	0.000
ctA768	240000	usocket	29	cfgemb	5	0.000	0/5	0/5	5	446	0.000
ctA768	240000	usocket	30	cfg1	5	0.000	0/5	0/5	5	399	0.000
ctA768	240000	usocket	30	cfgemb	5	0.000	0/5	0/5	5	399	0.000
ctAann	30000	chain	0	cfg1	80	0.485	11/80	1/80	20	688	0.497
ctAann	30000	chain	0	cfgemb	80	0.264	4/80	1/80	46	688	0.250
ctAann	30000	usocket	0	cfg1	80	0.512	19/80	7/80	21	318	0.503
ctAann	30000	usocket	0	cfgemb	80	0.451	13/80	5/80	27	318	0.431
ctAann	60000	chain	0	cfg1	80	0.566	20/80	10/80	16	688	0.604
ctAann	60000	chain	0	cfgemb	40	0.350	3/40	0/40	19	688	0.350
ctAann	60000	usocket	0	cfg1	80	0.573	24/80	14/80	18	318	0.565
ctAann	60000	usocket	0	cfgemb	80	0.499	23/80	8/80	25	318	0.465
ctAann	90000	chain	0	cfg1	40	0.527	10/40	4/40	11	688	nan
ctAann	90000	chain	0	cfgemb	40	0.326	6/40	3/40	21	688	0.326
ctAann	90000	usocket	0	cfg1	40	0.611	12/40	6/40	8	318	0.611
ctAann	90000	usocket	0	cfgemb	80	0.524	21/80	7/80	19	318	0.507
ctAann	120000	usocket	0	cfg1	40	0.577	11/40	6/40	10	318	0.577
ctAann	120000	usocket	0	cfgemb	40	0.553	15/40	2/40	11	318	nan
ctAann	150000	chain	0	cfg1	80	0.585	21/80	14/80	17	688	0.592
ctAann	150000	chain	0	cfgemb	80	0.233	6/80	2/80	50	688	0.249
ctAann	150000	usocket	0	cfg1	80	0.611	28/80	21/80	16	318	0.622
ctAann	150000	usocket	0	cfgemb	80	0.551	26/80	10/80	22	318	0.562
ctAann	180000	chain	0	cfg1	80	0.553	19/80	12/80	19	688	0.555
ctAann	180000	chain	0	cfgemb	80	0.292	8/80	5/80	46	688	0.304
ctAann	180000	usocket	0	cfg1	80	0.657	28/80	16/80	11	318	0.646
ctAann	180000	usocket	0	cfgemb	80	0.576	28/80	13/80	21	318	0.608
ctAann	210000	chain	0	cfg1	80	0.637	29/80	23/80	14	688	0.623
ctAann	210000	chain	0	cfgemb	80	0.299	9/80	3/80	45	688	0.331
ctAann	210000	usocket	0	cfg1	80	0.631	29/80	24/80	16	318	0.570
ctAann	210000	usocket	0	cfgemb	80	0.661	31/80	20/80	13	318	0.688
ctAann	240000	chain	0	cfg1	80	0.603	23/80	17/80	16	688	0.613
ctAann	240000	chain	0	cfgemb	80	0.278	11/80	7/80	49	688	0.286
ctAann	240000	usocket	0	cfg1	80	0.624	23/80	19/80	15	318	0.631
ctAann	240000	usocket	0	cfgemb	80	0.587	29/80	19/80	21	318	0.553
ctAc	30000	chain	0	cfg1	80	0.484	14/80	2/80	22	688	0.539
ctAc	30000	chain	0	cfgemb	80	0.244	4/80	1/80	49	688	0.225
ctAc	30000	usocket	0	cfg1	80	0.462	17/80	4/80	27	318	0.451
ctAc	30000	usocket	0	cfgemb	80	0.438	13/80	4/80	26	318	0.379
ctAc	60000	chain	0	cfg1	80	0.562	18/80	6/80	12	688	0.578
ctAc	60000	chain	0	cfgemb	80	0.292	9/80	1/80	46	688	0.288
ctAc	60000	usocket	0	cfg1	80	0.631	27/80	16/80	13	318	0.586
ctAc	60000	usocket	0	cfgemb	80	0.588	20/80	6/80	15	318	0.565
ctAc	90000	chain	0	cfg1	80	0.650	25/80	14/80	10	688	0.679
ctAc	90000	chain	0	cfgemb	80	0.331	12/80	4/80	42	688	0.365
ctAc	90000	usocket	0	cfg1	80	0.590	24/80	13/80	16	318	0.604
ctAc	90000	usocket	0	cfgemb	80	0.572	25/80	9/80	20	318	0.541
ctAc	120000	chain	0	cfg1	80	0.595	21/80	15/80	15	688	0.592
ctAc	120000	chain	0	cfgemb	80	0.317	12/80	5/80	45	688	0.288
ctAc	120000	usocket	0	cfg1	80	0.671	29/80	22/80	10	318	0.690
ctAc	120000	usocket	0	cfgemb	80	0.566	20/80	4/80	15	318	0.554
ctAc	150000	chain	0	cfg1	80	0.522	16/80	13/80	20	688	0.538
ctAc	150000	chain	0	cfgemb	80	0.331	9/80	1/80	42	688	0.421
ctAc	150000	usocket	0	cfg1	80	0.579	26/80	19/80	20	318	0.562
ctAc	150000	usocket	0	cfgemb	40	0.634	18/40	8/40	8	318	nan
ctAc	180000	chain	0	cfg1	80	0.495	17/80	12/80	26	688	0.551
ctAc	180000	chain	0	cfgemb	80	0.300	9/80	5/80	45	688	0.260
ctAc	180000	usocket	0	cfg1	80	0.622	27/80	24/80	15	318	0.595
ctAc	180000	usocket	0	cfgemb	40	0.619	17/40	10/40	9	318	nan
ctAc	210000	chain	0	cfg1	80	0.536	19/80	14/80	20	688	0.598
ctAc	210000	chain	0	cfgemb	80	0.290	13/80	7/80	48	688	0.277
ctAc	210000	usocket	0	cfg1	80	0.634	27/80	19/80	14	318	0.692
ctAc	210000	usocket	0	cfgemb	80	0.555	23/80	12/80	20	318	0.548
ctAc	240000	chain	0	cfg1	80	0.509	15/80	9/80	23	688	0.500
ctAc	240000	chain	0	cfgemb	80	0.301	9/80	5/80	47	688	0.329
ctAc	240000	usocket	0	cfg1	80	0.639	27/80	22/80	15	318	0.582
ctAc	240000	usocket	0	cfgemb	80	0.545	20/80	10/80	21	318	0.435
ctAcos120	150000	chain	0	cfg1	80	0.578	20/80	13/80	16	688	0.564
ctAcos120	150000	chain	0	cfgemb	80	0.329	13/80	4/80	42	688	0.376
ctAcos120	150000	usocket	0	cfg1	80	0.659	27/80	23/80	11	318	0.631
ctAcos120	150000	usocket	0	cfgemb	80	0.591	24/80	12/80	17	318	0.622
ctAcos120	180000	chain	0	cfg1	80	0.634	25/80	19/80	14	688	0.636
ctAcos120	180000	chain	0	cfgemb	80	0.260	4/80	1/80	46	688	0.275
ctAcos120	180000	usocket	0	cfg1	80	0.640	33/80	24/80	14	318	0.618
ctAcos120	180000	usocket	0	cfgemb	80	0.534	22/80	10/80	24	318	0.475
ctAcos120	180000	usocket	1	cfg1	5	0.000	0/5	0/5	5	345	0.000
ctAcos120	180000	usocket	1	cfgemb	5	0.000	0/5	0/5	5	345	0.000
ctAcos120	180000	usocket	2	cfg1	5	0.000	0/5	0/5	5	307	0.000
ctAcos120	180000	usocket	2	cfgemb	5	0.000	0/5	0/5	5	307	0.000
ctAcos120	180000	usocket	3	cfg1	5	0.000	0/5	0/5	5	378	0.000
ctAcos120	180000	usocket	3	cfgemb	5	0.000	0/5	0/5	5	378	0.000
ctAcos120	180000	usocket	4	cfg1	5	0.000	0/5	0/5	5	333	0.000
ctAcos120	180000	usocket	4	cfgemb	5	0.000	0/5	0/5	5	333	0.000
ctAcos120	180000	usocket	5	cfg1	5	0.000	0/5	0/5	5	328	0.000
ctAcos120	180000	usocket	5	cfgemb	5	0.000	0/5	0/5	5	328	0.000
ctAcos120	180000	usocket	6	cfg1	5	0.000	0/5	0/5	5	367	0.000
ctAcos120	180000	usocket	6	cfgemb	5	0.000	0/5	0/5	5	367	0.000
ctAcos120	180000	usocket	7	cfg1	5	0.000	0/5	0/5	5	443	0.000
ctAcos120	180000	usocket	7	cfgemb	5	0.000	0/5	0/5	5	443	0.000
ctAcos120	180000	usocket	8	cfg1	5	0.000	0/5	0/5	5	420	0.000
ctAcos120	180000	usocket	8	cfgemb	5	0.000	0/5	0/5	5	420	0.000
ctAcos120	180000	usocket	9	cfg1	5	0.000	0/5	0/5	5	432	0.000
ctAcos120	180000	usocket	9	cfgemb	5	0.000	0/5	0/5	5	432	0.000
ctAcos120	180000	usocket	10	cfg1	5	0.000	0/5	0/5	5	368	0.000
ctAcos120	180000	usocket	10	cfgemb	5	0.000	0/5	0/5	5	368	0.000
ctAcos120	180000	usocket	11	cfg1	5	0.000	0/5	0/5	5	323	0.000
ctAcos120	180000	usocket	11	cfgemb	5	0.000	0/5	0/5	5	323	0.000
ctAcos120	180000	usocket	12	cfg1	5	0.076	0/5	0/5	4	338	0.076
ctAcos120	180000	usocket	12	cfgemb	5	0.089	0/5	0/5	4	338	0.089
ctAcos120	180000	usocket	13	cfg1	5	0.084	0/5	0/5	4	380	0.084
ctAcos120	180000	usocket	13	cfgemb	5	0.056	0/5	0/5	4	380	0.056
ctAcos120	180000	usocket	14	cfg1	5	0.031	0/5	0/5	4	348	0.031
ctAcos120	180000	usocket	14	cfgemb	5	0.000	0/5	0/5	5	348	0.000
ctAcos120	180000	usocket	15	cfg1	5	0.000	0/5	0/5	5	399	0.000
ctAcos120	180000	usocket	15	cfgemb	5	0.000	0/5	0/5	5	399	0.000
ctAcos120	180000	usocket	16	cfg1	5	0.000	0/5	0/5	5	463	0.000
ctAcos120	180000	usocket	16	cfgemb	5	0.000	0/5	0/5	5	463	0.000
ctAcos120	180000	usocket	17	cfg1	5	0.000	0/5	0/5	5	476	0.000
ctAcos120	180000	usocket	17	cfgemb	5	0.000	0/5	0/5	5	476	0.000
ctAcos120	180000	usocket	18	cfg1	5	0.029	0/5	0/5	4	501	0.029
ctAcos120	180000	usocket	18	cfgemb	5	0.000	0/5	0/5	5	501	0.000
ctAcos120	180000	usocket	19	cfg1	5	0.000	0/5	0/5	5	519	0.000
ctAcos120	180000	usocket	19	cfgemb	5	0.000	0/5	0/5	5	519	0.000
ctAcos120	180000	usocket	20	cfg1	5	0.000	0/5	0/5	5	564	0.000
ctAcos120	180000	usocket	20	cfgemb	5	0.000	0/5	0/5	5	564	0.000
ctAcos120	180000	usocket	21	cfg1	5	0.000	0/5	0/5	5	451	0.000
ctAcos120	180000	usocket	21	cfgemb	5	0.000	0/5	0/5	5	451	0.000
ctAcos120	180000	usocket	22	cfg1	5	0.000	0/5	0/5	5	389	0.000
ctAcos120	180000	usocket	22	cfgemb	5	0.000	0/5	0/5	5	389	0.000
ctAcos120	180000	usocket	23	cfg1	5	0.010	0/5	0/5	5	319	0.010
ctAcos120	180000	usocket	23	cfgemb	5	0.059	0/5	0/5	4	319	0.059
ctAcos120	180000	usocket	24	cfg1	5	0.031	0/5	0/5	4	291	0.031
ctAcos120	180000	usocket	24	cfgemb	5	0.092	0/5	0/5	4	291	0.092
ctAcos120	180000	usocket	25	cfg1	5	0.045	0/5	0/5	4	330	0.045
ctAcos120	180000	usocket	25	cfgemb	5	0.006	0/5	0/5	5	330	0.006
ctAcos120	180000	usocket	26	cfg1	5	0.043	0/5	0/5	4	362	0.043
ctAcos120	180000	usocket	26	cfgemb	5	0.009	0/5	0/5	5	362	0.009
ctAcos120	180000	usocket	27	cfg1	5	0.000	0/5	0/5	5	472	0.000
ctAcos120	180000	usocket	27	cfgemb	5	0.000	0/5	0/5	5	472	0.000
ctAcos120	180000	usocket	28	cfg1	5	0.000	0/5	0/5	5	548	0.000
ctAcos120	180000	usocket	28	cfgemb	5	0.000	0/5	0/5	5	548	0.000
ctAcos120	180000	usocket	29	cfg1	5	0.000	0/5	0/5	5	446	0.000
ctAcos120	180000	usocket	29	cfgemb	5	0.000	0/5	0/5	5	446	0.000
ctAcos120	180000	usocket	30	cfg1	5	0.000	0/5	0/5	5	399	0.000
ctAcos120	180000	usocket	30	cfgemb	5	0.000	0/5	0/5	5	399	0.000
ctAcos120	210000	chain	0	cfg1	80	0.580	23/80	20/80	19	688	0.551
ctAcos120	210000	chain	0	cfgemb	80	0.351	10/80	4/80	39	688	0.389
ctAcos120	210000	usocket	0	cfg1	80	0.619	29/80	21/80	17	318	0.553
ctAcos120	210000	usocket	0	cfgemb	80	0.572	28/80	20/80	21	318	0.469
ctAcos120	240000	chain	0	cfg1	80	0.551	20/80	12/80	21	688	0.565
ctAcos120	240000	chain	0	cfgemb	80	0.333	10/80	5/80	42	688	0.298
ctAcos120	240000	usocket	0	cfg1	80	0.656	29/80	23/80	14	318	0.593
ctAcos120	240000	usocket	0	cfgemb	80	0.608	28/80	20/80	18	318	0.554
ctAcos120	240000	usocket	1	cfg1	5	0.000	0/5	0/5	5	345	0.000
ctAcos120	240000	usocket	1	cfgemb	5	0.000	0/5	0/5	5	345	0.000
ctAcos120	240000	usocket	2	cfg1	5	0.000	0/5	0/5	5	307	0.000
ctAcos120	240000	usocket	2	cfgemb	5	0.000	0/5	0/5	5	307	0.000
ctAcos120	240000	usocket	3	cfg1	5	0.000	0/5	0/5	5	378	0.000
ctAcos120	240000	usocket	3	cfgemb	5	0.000	0/5	0/5	5	378	0.000
ctAcos120	240000	usocket	4	cfg1	5	0.000	0/5	0/5	5	333	0.000
ctAcos120	240000	usocket	4	cfgemb	5	0.000	0/5	0/5	5	333	0.000
ctAcos120	240000	usocket	5	cfg1	5	0.000	0/5	0/5	5	328	0.000
ctAcos120	240000	usocket	5	cfgemb	5	0.000	0/5	0/5	5	328	0.000
ctAcos120	240000	usocket	6	cfg1	5	0.033	0/5	0/5	4	367	0.033
ctAcos120	240000	usocket	6	cfgemb	5	0.000	0/5	0/5	5	367	0.000
ctAcos120	240000	usocket	7	cfg1	5	0.000	0/5	0/5	5	443	0.000
ctAcos120	240000	usocket	7	cfgemb	5	0.000	0/5	0/5	5	443	0.000
ctAcos120	240000	usocket	8	cfg1	5	0.000	0/5	0/5	5	420	0.000
ctAcos120	240000	usocket	8	cfgemb	5	0.000	0/5	0/5	5	420	0.000
ctAcos120	240000	usocket	9	cfg1	5	0.000	0/5	0/5	5	432	0.000
ctAcos120	240000	usocket	9	cfgemb	5	0.000	0/5	0/5	5	432	0.000
ctAcos120	240000	usocket	10	cfg1	5	0.000	0/5	0/5	5	368	0.000
ctAcos120	240000	usocket	10	cfgemb	5	0.000	0/5	0/5	5	368	0.000
ctAcos120	240000	usocket	11	cfg1	5	0.000	0/5	0/5	5	323	0.000
ctAcos120	240000	usocket	11	cfgemb	5	0.000	0/5	0/5	5	323	0.000
ctAcos120	240000	usocket	12	cfg1	5	0.000	0/5	0/5	5	338	0.000
ctAcos120	240000	usocket	12	cfgemb	5	0.000	0/5	0/5	5	338	0.000
ctAcos120	240000	usocket	13	cfg1	5	0.087	0/5	0/5	4	380	0.087
ctAcos120	240000	usocket	13	cfgemb	5	0.092	0/5	0/5	4	380	0.092
ctAcos120	240000	usocket	14	cfg1	5	0.007	0/5	0/5	5	348	0.007
ctAcos120	240000	usocket	14	cfgemb	5	0.000	0/5	0/5	5	348	0.000
ctAcos120	240000	usocket	15	cfg1	5	0.000	0/5	0/5	5	399	0.000
ctAcos120	240000	usocket	15	cfgemb	5	0.000	0/5	0/5	5	399	0.000
ctAcos120	240000	usocket	16	cfg1	5	0.000	0/5	0/5	5	463	0.000
ctAcos120	240000	usocket	16	cfgemb	5	0.000	0/5	0/5	5	463	0.000
ctAcos120	240000	usocket	17	cfg1	5	0.000	0/5	0/5	5	476	0.000
ctAcos120	240000	usocket	17	cfgemb	5	0.000	0/5	0/5	5	476	0.000
ctAcos120	240000	usocket	18	cfg1	5	0.000	0/5	0/5	5	501	0.000
ctAcos120	240000	usocket	18	cfgemb	5	0.000	0/5	0/5	5	501	0.000
ctAcos120	240000	usocket	19	cfg1	5	0.000	0/5	0/5	5	519	0.000
ctAcos120	240000	usocket	19	cfgemb	5	0.000	0/5	0/5	5	519	0.000
ctAcos120	240000	usocket	20	cfg1	5	0.000	0/5	0/5	5	564	0.000
ctAcos120	240000	usocket	20	cfgemb	5	0.000	0/5	0/5	5	564	0.000
ctAcos120	240000	usocket	21	cfg1	5	0.000	0/5	0/5	5	451	0.000
ctAcos120	240000	usocket	21	cfgemb	5	0.000	0/5	0/5	5	451	0.000
ctAcos120	240000	usocket	22	cfg1	5	0.000	0/5	0/5	5	389	0.000
ctAcos120	240000	usocket	22	cfgemb	5	0.000	0/5	0/5	5	389	0.000
ctAcos120	240000	usocket	23	cfg1	5	0.011	0/5	0/5	5	319	0.011
ctAcos120	240000	usocket	23	cfgemb	5	0.042	0/5	0/5	4	319	0.042
ctAcos120	240000	usocket	24	cfg1	5	0.054	0/5	0/5	4	291	0.054
ctAcos120	240000	usocket	24	cfgemb	5	0.063	0/5	0/5	4	291	0.063
ctAcos120	240000	usocket	25	cfg1	5	0.060	0/5	0/5	3	330	0.060
ctAcos120	240000	usocket	25	cfgemb	5	0.000	0/5	0/5	5	330	0.000
ctAcos120	240000	usocket	26	cfg1	5	0.000	0/5	0/5	5	362	0.000
ctAcos120	240000	usocket	26	cfgemb	5	0.000	0/5	0/5	5	362	0.000
ctAcos120	240000	usocket	27	cfg1	5	0.041	0/5	0/5	4	472	0.041
ctAcos120	240000	usocket	27	cfgemb	5	0.000	0/5	0/5	5	472	0.000
ctAcos120	240000	usocket	28	cfg1	5	0.000	0/5	0/5	5	548	0.000
ctAcos120	240000	usocket	28	cfgemb	5	0.000	0/5	0/5	5	548	0.000
ctAcos120	240000	usocket	29	cfg1	5	0.000	0/5	0/5	5	446	0.000
ctAcos120	240000	usocket	29	cfgemb	5	0.000	0/5	0/5	5	446	0.000
ctAcos120	240000	usocket	30	cfg1	5	0.000	0/5	0/5	5	399	0.000
ctAcos120	240000	usocket	30	cfgemb	5	0.000	0/5	0/5	5	399	0.000
ctAcos90	120000	chain	0	cfg1	80	0.628	22/80	11/80	10	688	0.604
ctAcos90	120000	chain	0	cfgemb	80	0.340	14/80	3/80	42	688	0.339
ctAcos90	120000	usocket	0	cfg1	80	0.624	33/80	23/80	18	318	0.648
ctAcos90	120000	usocket	0	cfgemb	80	0.494	20/80	7/80	26	318	0.490
ctAcos90	120000	usocket	1	cfg1	5	0.000	0/5	0/5	5	345	0.000
ctAcos90	120000	usocket	1	cfgemb	5	0.000	0/5	0/5	5	345	0.000
ctAcos90	120000	usocket	2	cfg1	5	0.001	0/5	0/5	5	307	0.001
ctAcos90	120000	usocket	2	cfgemb	5	0.000	0/5	0/5	5	307	0.000
ctAcos90	120000	usocket	3	cfg1	5	0.000	0/5	0/5	5	378	0.000
ctAcos90	120000	usocket	3	cfgemb	5	0.012	0/5	0/5	5	378	0.012
ctAcos90	120000	usocket	4	cfg1	5	0.000	0/5	0/5	5	333	0.000
ctAcos90	120000	usocket	4	cfgemb	5	0.000	0/5	0/5	5	333	0.000
ctAcos90	120000	usocket	5	cfg1	5	0.000	0/5	0/5	5	328	0.000
ctAcos90	120000	usocket	5	cfgemb	5	0.000	0/5	0/5	5	328	0.000
ctAcos90	120000	usocket	6	cfg1	5	0.000	0/5	0/5	5	367	0.000
ctAcos90	120000	usocket	6	cfgemb	5	0.000	0/5	0/5	5	367	0.000
ctAcos90	120000	usocket	7	cfg1	5	0.000	0/5	0/5	5	443	0.000
ctAcos90	120000	usocket	7	cfgemb	5	0.000	0/5	0/5	5	443	0.000
ctAcos90	120000	usocket	8	cfg1	5	0.000	0/5	0/5	5	420	0.000
ctAcos90	120000	usocket	8	cfgemb	5	0.000	0/5	0/5	5	420	0.000
ctAcos90	120000	usocket	9	cfg1	5	0.000	0/5	0/5	5	432	0.000
ctAcos90	120000	usocket	9	cfgemb	5	0.000	0/5	0/5	5	432	0.000
ctAcos90	120000	usocket	10	cfg1	5	0.000	0/5	0/5	5	368	0.000
ctAcos90	120000	usocket	10	cfgemb	5	0.000	0/5	0/5	5	368	0.000
ctAcos90	120000	usocket	11	cfg1	5	0.000	0/5	0/5	5	323	0.000
ctAcos90	120000	usocket	11	cfgemb	5	0.000	0/5	0/5	5	323	0.000
ctAcos90	120000	usocket	12	cfg1	5	0.000	0/5	0/5	5	338	0.000
ctAcos90	120000	usocket	12	cfgemb	5	0.000	0/5	0/5	5	338	0.000
ctAcos90	120000	usocket	13	cfg1	5	0.151	0/5	0/5	3	380	0.151
ctAcos90	120000	usocket	13	cfgemb	5	0.093	0/5	0/5	4	380	0.093
ctAcos90	120000	usocket	14	cfg1	5	0.035	0/5	0/5	4	348	0.035
ctAcos90	120000	usocket	14	cfgemb	5	0.028	0/5	0/5	4	348	0.028
ctAcos90	120000	usocket	15	cfg1	5	0.000	0/5	0/5	5	399	0.000
ctAcos90	120000	usocket	15	cfgemb	5	0.000	0/5	0/5	5	399	0.000
ctAcos90	120000	usocket	16	cfg1	5	0.000	0/5	0/5	5	463	0.000
ctAcos90	120000	usocket	16	cfgemb	5	0.000	0/5	0/5	5	463	0.000
ctAcos90	120000	usocket	17	cfg1	5	0.000	0/5	0/5	5	476	0.000
ctAcos90	120000	usocket	17	cfgemb	5	0.000	0/5	0/5	5	476	0.000
ctAcos90	120000	usocket	18	cfg1	5	0.000	0/5	0/5	5	501	0.000
ctAcos90	120000	usocket	18	cfgemb	5	0.000	0/5	0/5	5	501	0.000
ctAcos90	120000	usocket	19	cfg1	5	0.000	0/5	0/5	5	519	0.000
ctAcos90	120000	usocket	19	cfgemb	5	0.000	0/5	0/5	5	519	0.000
ctAcos90	120000	usocket	20	cfg1	5	0.000	0/5	0/5	5	564	0.000
ctAcos90	120000	usocket	20	cfgemb	5	0.000	0/5	0/5	5	564	0.000
ctAcos90	120000	usocket	21	cfg1	5	0.000	0/5	0/5	5	451	0.000
ctAcos90	120000	usocket	21	cfgemb	5	0.000	0/5	0/5	5	451	0.000
ctAcos90	120000	usocket	22	cfg1	5	0.006	0/5	0/5	5	389	0.006
ctAcos90	120000	usocket	22	cfgemb	5	0.000	0/5	0/5	5	389	0.000
ctAcos90	120000	usocket	23	cfg1	5	0.113	0/5	0/5	4	319	0.113
ctAcos90	120000	usocket	23	cfgemb	5	0.136	0/5	0/5	3	319	0.136
ctAcos90	120000	usocket	24	cfg1	5	0.049	0/5	0/5	3	291	0.049
ctAcos90	120000	usocket	24	cfgemb	5	0.093	0/5	0/5	4	291	0.093
ctAcos90	120000	usocket	25	cfg1	5	0.016	0/5	0/5	5	330	0.016
ctAcos90	120000	usocket	25	cfgemb	5	0.000	0/5	0/5	5	330	0.000
ctAcos90	120000	usocket	26	cfg1	5	0.000	0/5	0/5	5	362	0.000
ctAcos90	120000	usocket	26	cfgemb	5	0.033	0/5	0/5	4	362	0.033
ctAcos90	120000	usocket	27	cfg1	5	0.000	0/5	0/5	5	472	0.000
ctAcos90	120000	usocket	27	cfgemb	5	0.000	0/5	0/5	5	472	0.000
ctAcos90	120000	usocket	28	cfg1	5	0.000	0/5	0/5	5	548	0.000
ctAcos90	120000	usocket	28	cfgemb	5	0.000	0/5	0/5	5	548	0.000
ctAcos90	120000	usocket	29	cfg1	5	0.000	0/5	0/5	5	446	0.000
ctAcos90	120000	usocket	29	cfgemb	5	0.000	0/5	0/5	5	446	0.000
ctAcos90	120000	usocket	30	cfg1	5	0.000	0/5	0/5	5	399	0.000
ctAcos90	120000	usocket	30	cfgemb	5	0.000	0/5	0/5	5	399	0.000
ctAcos90	150000	chain	0	cfg1	80	0.561	16/80	11/80	17	688	0.581
ctAcos90	150000	chain	0	cfgemb	80	0.342	13/80	4/80	40	688	0.335
ctAcos90	150000	usocket	0	cfg1	80	0.630	29/80	21/80	14	318	0.618
ctAcos90	150000	usocket	0	cfgemb	80	0.555	25/80	10/80	20	318	0.573
ctAcos90	180000	chain	0	cfg1	80	0.537	19/80	13/80	21	688	0.513
ctAcos90	180000	chain	0	cfgemb	80	0.291	8/80	1/80	47	688	0.290
ctAcos90	180000	usocket	0	cfg1	80	0.645	30/80	26/80	15	318	0.646
ctAcos90	180000	usocket	0	cfgemb	80	0.668	36/80	21/80	14	318	0.667
ctAcos90	180000	usocket	1	cfg1	5	0.000	0/5	0/5	5	345	0.000
ctAcos90	180000	usocket	1	cfgemb	5	0.000	0/5	0/5	5	345	0.000
ctAcos90	180000	usocket	2	cfg1	5	0.000	0/5	0/5	5	307	0.000
ctAcos90	180000	usocket	2	cfgemb	5	0.000	0/5	0/5	5	307	0.000
ctAcos90	180000	usocket	3	cfg1	5	0.000	0/5	0/5	5	378	0.000
ctAcos90	180000	usocket	3	cfgemb	5	0.000	0/5	0/5	5	378	0.000
ctAcos90	180000	usocket	4	cfg1	5	0.000	0/5	0/5	5	333	0.000
ctAcos90	180000	usocket	4	cfgemb	5	0.000	0/5	0/5	5	333	0.000
ctAcos90	180000	usocket	5	cfg1	5	0.000	0/5	0/5	5	328	0.000
ctAcos90	180000	usocket	5	cfgemb	5	0.000	0/5	0/5	5	328	0.000
ctAcos90	180000	usocket	6	cfg1	5	0.000	0/5	0/5	5	367	0.000
ctAcos90	180000	usocket	6	cfgemb	5	0.000	0/5	0/5	5	367	0.000
ctAcos90	180000	usocket	7	cfg1	5	0.000	0/5	0/5	5	443	0.000
ctAcos90	180000	usocket	7	cfgemb	5	0.000	0/5	0/5	5	443	0.000
ctAcos90	180000	usocket	8	cfg1	5	0.000	0/5	0/5	5	420	0.000
ctAcos90	180000	usocket	8	cfgemb	5	0.000	0/5	0/5	5	420	0.000
ctAcos90	180000	usocket	9	cfg1	5	0.000	0/5	0/5	5	432	0.000
ctAcos90	180000	usocket	9	cfgemb	5	0.000	0/5	0/5	5	432	0.000
ctAcos90	180000	usocket	10	cfg1	5	0.000	0/5	0/5	5	368	0.000
ctAcos90	180000	usocket	10	cfgemb	5	0.000	0/5	0/5	5	368	0.000
ctAcos90	180000	usocket	11	cfg1	5	0.106	0/5	0/5	3	323	0.106
ctAcos90	180000	usocket	11	cfgemb	5	0.000	0/5	0/5	5	323	0.000
ctAcos90	180000	usocket	12	cfg1	5	0.001	0/5	0/5	5	338	0.001
ctAcos90	180000	usocket	12	cfgemb	5	0.000	0/5	0/5	5	338	0.000
ctAcos90	180000	usocket	13	cfg1	5	0.107	0/5	0/5	3	380	0.107
ctAcos90	180000	usocket	13	cfgemb	5	0.087	0/5	0/5	3	380	0.087
ctAcos90	180000	usocket	14	cfg1	5	0.005	0/5	0/5	5	348	0.005
ctAcos90	180000	usocket	14	cfgemb	5	0.000	0/5	0/5	5	348	0.000
ctAcos90	180000	usocket	15	cfg1	5	0.000	0/5	0/5	5	399	0.000
ctAcos90	180000	usocket	15	cfgemb	5	0.000	0/5	0/5	5	399	0.000
ctAcos90	180000	usocket	16	cfg1	5	0.000	0/5	0/5	5	463	0.000
ctAcos90	180000	usocket	16	cfgemb	5	0.000	0/5	0/5	5	463	0.000
ctAcos90	180000	usocket	17	cfg1	5	0.000	0/5	0/5	5	476	0.000
ctAcos90	180000	usocket	17	cfgemb	5	0.000	0/5	0/5	5	476	0.000
ctAcos90	180000	usocket	18	cfg1	5	0.000	0/5	0/5	5	501	0.000
ctAcos90	180000	usocket	18	cfgemb	5	0.000	0/5	0/5	5	501	0.000
ctAcos90	180000	usocket	19	cfg1	5	0.000	0/5	0/5	5	519	0.000
ctAcos90	180000	usocket	19	cfgemb	5	0.000	0/5	0/5	5	519	0.000
ctAcos90	180000	usocket	20	cfg1	5	0.000	0/5	0/5	5	564	0.000
ctAcos90	180000	usocket	20	cfgemb	5	0.000	0/5	0/5	5	564	0.000
ctAcos90	180000	usocket	21	cfg1	5	0.000	0/5	0/5	5	451	0.000
ctAcos90	180000	usocket	21	cfgemb	5	0.000	0/5	0/5	5	451	0.000
ctAcos90	180000	usocket	22	cfg1	5	0.008	0/5	0/5	5	389	0.008
ctAcos90	180000	usocket	22	cfgemb	5	0.000	0/5	0/5	5	389	0.000
ctAcos90	180000	usocket	23	cfg1	5	0.055	0/5	0/5	4	319	0.055
ctAcos90	180000	usocket	23	cfgemb	5	0.024	0/5	0/5	4	319	0.024
ctAcos90	180000	usocket	24	cfg1	5	0.168	0/5	0/5	2	291	0.168
ctAcos90	180000	usocket	24	cfgemb	5	0.085	0/5	0/5	4	291	0.085
ctAcos90	180000	usocket	25	cfg1	5	0.025	0/5	0/5	4	330	0.025
ctAcos90	180000	usocket	25	cfgemb	5	0.000	0/5	0/5	5	330	0.000
ctAcos90	180000	usocket	26	cfg1	5	0.000	0/5	0/5	5	362	0.000
ctAcos90	180000	usocket	26	cfgemb	5	0.050	0/5	0/5	4	362	0.050
ctAcos90	180000	usocket	27	cfg1	5	0.000	0/5	0/5	5	472	0.000
ctAcos90	180000	usocket	27	cfgemb	5	0.000	0/5	0/5	5	472	0.000
ctAcos90	180000	usocket	28	cfg1	5	0.000	0/5	0/5	5	548	0.000
ctAcos90	180000	usocket	28	cfgemb	5	0.000	0/5	0/5	5	548	0.000
ctAcos90	180000	usocket	29	cfg1	5	0.000	0/5	0/5	5	446	0.000
ctAcos90	180000	usocket	29	cfgemb	5	0.000	0/5	0/5	5	446	0.000
ctAcos90	180000	usocket	30	cfg1	5	0.000	0/5	0/5	5	399	0.000
ctAcos90	180000	usocket	30	cfgemb	5	0.000	0/5	0/5	5	399	0.000
ctAcos90	210000	chain	0	cfg1	80	0.604	25/80	18/80	16	688	0.589
ctAcos90	210000	chain	0	cfgemb	80	0.234	5/80	4/80	52	688	0.232
ctAcos90	210000	usocket	0	cfg1	80	0.656	32/80	23/80	14	318	0.645
ctAcos90	210000	usocket	0	cfgemb	80	0.605	28/80	15/80	18	318	0.647
ctAcos90	240000	chain	0	cfg1	80	0.546	17/80	13/80	20	688	0.532
ctAcos90	240000	chain	0	cfgemb	80	0.340	11/80	7/80	42	688	0.324
ctAcos90	240000	usocket	0	cfg1	80	0.674	30/80	26/80	9	318	0.633
ctAcos90	240000	usocket	0	cfgemb	80	0.598	30/80	22/80	20	318	0.597
ctAcos90	240000	usocket	1	cfg1	5	0.000	0/5	0/5	5	345	0.000
ctAcos90	240000	usocket	1	cfgemb	5	0.000	0/5	0/5	5	345	0.000
ctAcos90	240000	usocket	2	cfg1	5	0.000	0/5	0/5	5	307	0.000
ctAcos90	240000	usocket	2	cfgemb	5	0.000	0/5	0/5	5	307	0.000
ctAcos90	240000	usocket	3	cfg1	5	0.000	0/5	0/5	5	378	0.000
ctAcos90	240000	usocket	3	cfgemb	5	0.000	0/5	0/5	5	378	0.000
ctAcos90	240000	usocket	4	cfg1	5	0.000	0/5	0/5	5	333	0.000
ctAcos90	240000	usocket	4	cfgemb	5	0.000	0/5	0/5	5	333	0.000
ctAcos90	240000	usocket	5	cfg1	5	0.000	0/5	0/5	5	328	0.000
ctAcos90	240000	usocket	5	cfgemb	5	0.000	0/5	0/5	5	328	0.000
ctAcos90	240000	usocket	6	cfg1	5	0.000	0/5	0/5	5	367	0.000
ctAcos90	240000	usocket	6	cfgemb	5	0.000	0/5	0/5	5	367	0.000
ctAcos90	240000	usocket	7	cfg1	5	0.000	0/5	0/5	5	443	0.000
ctAcos90	240000	usocket	7	cfgemb	5	0.000	0/5	0/5	5	443	0.000
ctAcos90	240000	usocket	8	cfg1	5	0.000	0/5	0/5	5	420	0.000
ctAcos90	240000	usocket	8	cfgemb	5	0.000	0/5	0/5	5	420	0.000
ctAcos90	240000	usocket	9	cfg1	5	0.000	0/5	0/5	5	432	0.000
ctAcos90	240000	usocket	9	cfgemb	5	0.000	0/5	0/5	5	432	0.000
ctAcos90	240000	usocket	10	cfg1	5	0.000	0/5	0/5	5	368	0.000
ctAcos90	240000	usocket	10	cfgemb	5	0.000	0/5	0/5	5	368	0.000
ctAcos90	240000	usocket	11	cfg1	5	0.000	0/5	0/5	5	323	0.000
ctAcos90	240000	usocket	11	cfgemb	5	0.083	0/5	0/5	4	323	0.083
ctAcos90	240000	usocket	12	cfg1	5	0.000	0/5	0/5	5	338	0.000
ctAcos90	240000	usocket	12	cfgemb	5	0.000	0/5	0/5	5	338	0.000
ctAcos90	240000	usocket	13	cfg1	5	0.145	0/5	0/5	3	380	0.145
ctAcos90	240000	usocket	13	cfgemb	5	0.090	0/5	0/5	3	380	0.090
ctAcos90	240000	usocket	14	cfg1	5	0.007	0/5	0/5	5	348	0.007
ctAcos90	240000	usocket	14	cfgemb	5	0.034	0/5	0/5	4	348	0.034
ctAcos90	240000	usocket	15	cfg1	5	0.000	0/5	0/5	5	399	0.000
ctAcos90	240000	usocket	15	cfgemb	5	0.000	0/5	0/5	5	399	0.000
ctAcos90	240000	usocket	16	cfg1	5	0.000	0/5	0/5	5	463	0.000
ctAcos90	240000	usocket	16	cfgemb	5	0.000	0/5	0/5	5	463	0.000
ctAcos90	240000	usocket	17	cfg1	5	0.000	0/5	0/5	5	476	0.000
ctAcos90	240000	usocket	17	cfgemb	5	0.000	0/5	0/5	5	476	0.000
ctAcos90	240000	usocket	18	cfg1	5	0.000	0/5	0/5	5	501	0.000
ctAcos90	240000	usocket	18	cfgemb	5	0.000	0/5	0/5	5	501	0.000
ctAcos90	240000	usocket	19	cfg1	5	0.000	0/5	0/5	5	519	0.000
ctAcos90	240000	usocket	19	cfgemb	5	0.000	0/5	0/5	5	519	0.000
ctAcos90	240000	usocket	20	cfg1	5	0.000	0/5	0/5	5	564	0.000
ctAcos90	240000	usocket	20	cfgemb	5	0.000	0/5	0/5	5	564	0.000
ctAcos90	240000	usocket	21	cfg1	5	0.000	0/5	0/5	5	451	0.000
ctAcos90	240000	usocket	21	cfgemb	5	0.000	0/5	0/5	5	451	0.000
ctAcos90	240000	usocket	22	cfg1	5	0.000	0/5	0/5	5	389	0.000
ctAcos90	240000	usocket	22	cfgemb	5	0.000	0/5	0/5	5	389	0.000
ctAcos90	240000	usocket	23	cfg1	5	0.058	0/5	0/5	4	319	0.058
ctAcos90	240000	usocket	23	cfgemb	5	0.021	0/5	0/5	4	319	0.021
ctAcos90	240000	usocket	24	cfg1	5	0.109	0/5	0/5	3	291	0.109
ctAcos90	240000	usocket	24	cfgemb	5	0.084	0/5	0/5	4	291	0.084
ctAcos90	240000	usocket	25	cfg1	5	0.011	0/5	0/5	5	330	0.011
ctAcos90	240000	usocket	25	cfgemb	5	0.000	0/5	0/5	5	330	0.000
ctAcos90	240000	usocket	26	cfg1	5	0.063	0/5	0/5	4	362	0.063
ctAcos90	240000	usocket	26	cfgemb	5	0.000	0/5	0/5	5	362	0.000
ctAcos90	240000	usocket	27	cfg1	5	0.000	0/5	0/5	5	472	0.000
ctAcos90	240000	usocket	27	cfgemb	5	0.000	0/5	0/5	5	472	0.000
ctAcos90	240000	usocket	28	cfg1	5	0.000	0/5	0/5	5	548	0.000
ctAcos90	240000	usocket	28	cfgemb	5	0.000	0/5	0/5	5	548	0.000
ctAcos90	240000	usocket	29	cfg1	5	0.000	0/5	0/5	5	446	0.000
ctAcos90	240000	usocket	29	cfgemb	5	0.000	0/5	0/5	5	446	0.000
ctAcos90	240000	usocket	30	cfg1	5	0.000	0/5	0/5	5	399	0.000
ctAcos90	240000	usocket	30	cfgemb	5	0.000	0/5	0/5	5	399	0.000
ctAema	30000	chain	0	cfg1	80	0.047	0/80	0/80	70	688	0.068
ctAema	30000	chain	0	cfgemb	80	0.016	0/80	0/80	77	688	0.022
ctAema	30000	usocket	0	cfg1	80	0.117	0/80	0/80	60	318	0.134
ctAema	30000	usocket	0	cfgemb	80	0.193	1/80	0/80	52	318	0.177
ctAema	60000	chain	0	cfg1	80	0.500	17/80	4/80	22	688	0.510
ctAema	60000	chain	0	cfgemb	80	0.309	7/80	0/80	42	688	0.279
ctAema	60000	usocket	0	cfg1	80	0.548	28/80	6/80	23	318	0.492
ctAema	60000	usocket	0	cfgemb	80	0.505	23/80	6/80	25	318	0.462
ctAema	90000	chain	0	cfg1	40	0.499	8/40	1/40	11	688	nan
ctAema	90000	chain	0	cfgemb	80	0.416	13/80	2/80	31	688	0.389
ctAema	90000	usocket	0	cfg1	80	0.594	28/80	15/80	16	318	0.593
ctAema	90000	usocket	0	cfgemb	80	0.592	28/80	9/80	17	318	0.578
ctAema	120000	chain	0	cfg1	40	0.672	15/40	8/40	5	688	0.672
ctAema	120000	chain	0	cfgemb	40	0.329	5/40	2/40	20	688	0.329
ctAema	120000	usocket	0	cfg1	40	0.636	18/40	13/40	9	318	nan
ctAema	120000	usocket	0	cfgemb	40	0.627	13/40	3/40	6	318	0.627
ctAema	150000	chain	0	cfg1	80	0.601	17/80	9/80	13	688	0.643
ctAema	150000	chain	0	cfgemb	80	0.384	12/80	2/80	35	688	0.393
ctAema	150000	usocket	0	cfg1	80	0.626	33/80	23/80	18	318	0.638
ctAema	150000	usocket	0	cfgemb	80	0.613	26/80	15/80	16	318	0.607
ctAema	180000	chain	0	cfg1	80	0.551	18/80	12/80	20	688	0.544
ctAema	180000	chain	0	cfgemb	80	0.376	11/80	6/80	36	688	0.407
ctAema	180000	usocket	0	cfg1	80	0.657	31/80	26/80	13	318	0.664
ctAema	180000	usocket	0	cfgemb	80	0.656	30/80	18/80	13	318	0.637
ctAema	210000	chain	0	cfg1	80	0.583	17/80	13/80	15	688	0.551
ctAema	210000	chain	0	cfgemb	80	0.291	10/80	3/80	48	688	0.228
ctAema	210000	usocket	0	cfg1	80	0.640	25/80	21/80	14	318	0.685
ctAema	210000	usocket	0	cfgemb	80	0.568	25/80	23/80	23	318	0.589
ctAema	240000	chain	0	cfg1	80	0.602	24/80	20/80	17	688	0.626
ctAema	240000	chain	0	cfgemb	80	0.345	11/80	6/80	42	688	0.378
ctAema	240000	usocket	0	cfg1	80	0.693	39/80	32/80	13	318	0.708
ctAema	240000	usocket	0	cfgemb	80	0.584	27/80	21/80	21	318	0.557
ctApin	30000	chain	0	cfg1	80	0.422	6/80	3/80	28	688	0.489
ctApin	30000	chain	0	cfgemb	80	0.190	4/80	1/80	56	688	0.178
ctApin	30000	usocket	0	cfg1	80	0.431	12/80	2/80	29	318	0.399
ctApin	30000	usocket	0	cfgemb	80	0.333	7/80	2/80	37	318	0.276
ctApin	60000	chain	0	cfg1	80	0.530	16/80	4/80	20	688	0.529
ctApin	60000	chain	0	cfgemb	80	0.262	4/80	0/80	47	688	0.269
ctApin	60000	usocket	0	cfg1	80	0.509	19/80	7/80	24	318	0.450
ctApin	60000	usocket	0	cfgemb	40	0.510	14/40	5/40	14	318	nan
ctApin	90000	chain	0	cfg1	80	0.508	16/80	6/80	22	688	0.491
ctApin	90000	chain	0	cfgemb	80	0.272	10/80	2/80	47	688	0.310
ctApin	90000	usocket	0	cfg1	80	0.516	18/80	6/80	23	318	0.478
ctApin	90000	usocket	0	cfgemb	80	0.399	13/80	1/80	32	318	0.347
ctApin	120000	chain	0	cfg1	80	0.536	20/80	10/80	23	688	0.531
ctApin	120000	chain	0	cfgemb	80	0.279	8/80	2/80	47	688	0.309
ctApin	120000	usocket	0	cfg1	80	0.608	24/80	17/80	15	318	0.604
ctApin	120000	usocket	0	cfgemb	80	0.516	20/80	10/80	24	318	0.478
ctApin	120000	usocket	1	cfg1	5	0.000	0/5	0/5	5	345	0.000
ctApin	120000	usocket	1	cfgemb	5	0.000	0/5	0/5	5	345	0.000
ctApin	120000	usocket	2	cfg1	5	0.000	0/5	0/5	5	307	0.000
ctApin	120000	usocket	2	cfgemb	5	0.000	0/5	0/5	5	307	0.000
ctApin	120000	usocket	3	cfg1	5	0.000	0/5	0/5	5	378	0.000
ctApin	120000	usocket	3	cfgemb	5	0.029	0/5	0/5	4	378	0.029
ctApin	120000	usocket	4	cfg1	5	0.000	0/5	0/5	5	333	0.000
ctApin	120000	usocket	4	cfgemb	5	0.000	0/5	0/5	5	333	0.000
ctApin	120000	usocket	5	cfg1	5	0.000	0/5	0/5	5	328	0.000
ctApin	120000	usocket	5	cfgemb	5	0.000	0/5	0/5	5	328	0.000
ctApin	120000	usocket	6	cfg1	5	0.000	0/5	0/5	5	367	0.000
ctApin	120000	usocket	6	cfgemb	5	0.000	0/5	0/5	5	367	0.000
ctApin	120000	usocket	7	cfg1	5	0.000	0/5	0/5	5	443	0.000
ctApin	120000	usocket	7	cfgemb	5	0.000	0/5	0/5	5	443	0.000
ctApin	120000	usocket	8	cfg1	5	0.000	0/5	0/5	5	420	0.000
ctApin	120000	usocket	8	cfgemb	5	0.000	0/5	0/5	5	420	0.000
ctApin	120000	usocket	9	cfg1	5	0.000	0/5	0/5	5	432	0.000
ctApin	120000	usocket	9	cfgemb	5	0.000	0/5	0/5	5	432	0.000
ctApin	120000	usocket	10	cfg1	5	0.000	0/5	0/5	5	368	0.000
ctApin	120000	usocket	10	cfgemb	5	0.096	0/5	0/5	4	368	0.096
ctApin	120000	usocket	11	cfg1	5	0.000	0/5	0/5	5	323	0.000
ctApin	120000	usocket	11	cfgemb	5	0.000	0/5	0/5	5	323	0.000
ctApin	120000	usocket	12	cfg1	5	0.000	0/5	0/5	5	338	0.000
ctApin	120000	usocket	12	cfgemb	5	0.006	0/5	0/5	5	338	0.006
ctApin	120000	usocket	13	cfg1	5	0.090	0/5	0/5	4	380	0.090
ctApin	120000	usocket	13	cfgemb	5	0.062	0/5	0/5	4	380	0.062
ctApin	120000	usocket	14	cfg1	5	0.013	0/5	0/5	5	348	0.013
ctApin	120000	usocket	14	cfgemb	5	0.001	0/5	0/5	5	348	0.001
ctApin	120000	usocket	15	cfg1	5	0.000	0/5	0/5	5	399	0.000
ctApin	120000	usocket	15	cfgemb	5	0.000	0/5	0/5	5	399	0.000
ctApin	120000	usocket	16	cfg1	5	0.000	0/5	0/5	5	463	0.000
ctApin	120000	usocket	16	cfgemb	5	0.000	0/5	0/5	5	463	0.000
ctApin	120000	usocket	17	cfg1	5	0.000	0/5	0/5	5	476	0.000
ctApin	120000	usocket	17	cfgemb	5	0.000	0/5	0/5	5	476	0.000
ctApin	120000	usocket	18	cfg1	5	0.000	0/5	0/5	5	501	0.000
ctApin	120000	usocket	18	cfgemb	5	0.000	0/5	0/5	5	501	0.000
ctApin	120000	usocket	19	cfg1	5	0.000	0/5	0/5	5	519	0.000
ctApin	120000	usocket	19	cfgemb	5	0.000	0/5	0/5	5	519	0.000
ctApin	120000	usocket	20	cfg1	5	0.000	0/5	0/5	5	564	0.000
ctApin	120000	usocket	20	cfgemb	5	0.000	0/5	0/5	5	564	0.000
ctApin	120000	usocket	21	cfg1	5	0.014	0/5	0/5	5	451	0.014
ctApin	120000	usocket	21	cfgemb	5	0.000	0/5	0/5	5	451	0.000
ctApin	120000	usocket	22	cfg1	5	0.000	0/5	0/5	5	389	0.000
ctApin	120000	usocket	22	cfgemb	5	0.000	0/5	0/5	5	389	0.000
ctApin	120000	usocket	23	cfg1	5	0.104	0/5	0/5	3	319	0.104
ctApin	120000	usocket	23	cfgemb	5	0.000	0/5	0/5	5	319	0.000
ctApin	120000	usocket	24	cfg1	5	0.015	0/5	0/5	5	291	0.015
ctApin	120000	usocket	24	cfgemb	5	0.011	0/5	0/5	5	291	0.011
ctApin	120000	usocket	25	cfg1	5	0.001	0/5	0/5	5	330	0.001
ctApin	120000	usocket	25	cfgemb	5	0.007	0/5	0/5	5	330	0.007
ctApin	120000	usocket	26	cfg1	5	0.000	0/5	0/5	5	362	0.000
ctApin	120000	usocket	26	cfgemb	5	0.011	0/5	0/5	5	362	0.011
ctApin	120000	usocket	27	cfg1	5	0.000	0/5	0/5	5	472	0.000
ctApin	120000	usocket	27	cfgemb	5	0.000	0/5	0/5	5	472	0.000
ctApin	120000	usocket	28	cfg1	5	0.000	0/5	0/5	5	548	0.000
ctApin	120000	usocket	28	cfgemb	5	0.000	0/5	0/5	5	548	0.000
ctApin	120000	usocket	29	cfg1	5	0.012	0/5	0/5	5	446	0.012
ctApin	120000	usocket	29	cfgemb	5	0.000	0/5	0/5	5	446	0.000
ctApin	120000	usocket	30	cfg1	5	0.000	0/5	0/5	5	399	0.000
ctApin	120000	usocket	30	cfgemb	5	0.000	0/5	0/5	5	399	0.000
ctApin	150000	chain	0	cfg1	80	0.492	12/80	5/80	21	688	0.516
ctApin	150000	chain	0	cfgemb	80	0.229	10/80	1/80	55	688	0.297
ctApin	150000	usocket	0	cfg1	80	0.636	28/80	18/80	15	318	0.561
ctApin	150000	usocket	0	cfgemb	80	0.434	19/80	8/80	33	318	0.417
ctApin	180000	chain	0	cfg1	80	0.594	20/80	15/80	14	688	0.618
ctApin	180000	chain	0	cfgemb	80	0.216	2/80	1/80	53	688	0.208
ctApin	180000	usocket	0	cfg1	80	0.607	24/80	15/80	16	318	0.586
ctApin	180000	usocket	0	cfgemb	80	0.506	18/80	9/80	22	318	0.518
ctApin	180000	usocket	1	cfg1	5	0.000	0/5	0/5	5	345	0.000
ctApin	180000	usocket	1	cfgemb	5	0.000	0/5	0/5	5	345	0.000
ctApin	180000	usocket	2	cfg1	5	0.000	0/5	0/5	5	307	0.000
ctApin	180000	usocket	2	cfgemb	5	0.000	0/5	0/5	5	307	0.000
ctApin	180000	usocket	3	cfg1	5	0.023	0/5	0/5	5	378	0.023
ctApin	180000	usocket	3	cfgemb	5	0.000	0/5	0/5	5	378	0.000
ctApin	180000	usocket	4	cfg1	5	0.000	0/5	0/5	5	333	0.000
ctApin	180000	usocket	4	cfgemb	5	0.000	0/5	0/5	5	333	0.000
ctApin	180000	usocket	5	cfg1	5	0.000	0/5	0/5	5	328	0.000
ctApin	180000	usocket	5	cfgemb	5	0.000	0/5	0/5	5	328	0.000
ctApin	180000	usocket	6	cfg1	5	0.000	0/5	0/5	5	367	0.000
ctApin	180000	usocket	6	cfgemb	5	0.000	0/5	0/5	5	367	0.000
ctApin	180000	usocket	7	cfg1	5	0.000	0/5	0/5	5	443	0.000
ctApin	180000	usocket	7	cfgemb	5	0.000	0/5	0/5	5	443	0.000
ctApin	180000	usocket	8	cfg1	5	0.000	0/5	0/5	5	420	0.000
ctApin	180000	usocket	8	cfgemb	5	0.000	0/5	0/5	5	420	0.000
ctApin	180000	usocket	9	cfg1	5	0.003	0/5	0/5	5	432	0.003
ctApin	180000	usocket	9	cfgemb	5	0.000	0/5	0/5	5	432	0.000
ctApin	180000	usocket	10	cfg1	5	0.000	0/5	0/5	5	368	0.000
ctApin	180000	usocket	10	cfgemb	5	0.000	0/5	0/5	5	368	0.000
ctApin	180000	usocket	11	cfg1	5	0.000	0/5	0/5	5	323	0.000
ctApin	180000	usocket	11	cfgemb	5	0.000	0/5	0/5	5	323	0.000
ctApin	180000	usocket	12	cfg1	5	0.029	0/5	0/5	5	338	0.029
ctApin	180000	usocket	12	cfgemb	5	0.029	0/5	0/5	4	338	0.029
ctApin	180000	usocket	13	cfg1	5	0.021	0/5	0/5	4	380	0.021
ctApin	180000	usocket	13	cfgemb	5	0.024	0/5	0/5	4	380	0.024
ctApin	180000	usocket	14	cfg1	5	0.076	0/5	0/5	3	348	0.076
ctApin	180000	usocket	14	cfgemb	5	0.023	0/5	0/5	4	348	0.023
ctApin	180000	usocket	15	cfg1	5	0.000	0/5	0/5	5	399	0.000
ctApin	180000	usocket	15	cfgemb	5	0.000	0/5	0/5	5	399	0.000
ctApin	180000	usocket	16	cfg1	5	0.000	0/5	0/5	5	463	0.000
ctApin	180000	usocket	16	cfgemb	5	0.000	0/5	0/5	5	463	0.000
ctApin	180000	usocket	17	cfg1	5	0.000	0/5	0/5	5	476	0.000
ctApin	180000	usocket	17	cfgemb	5	0.000	0/5	0/5	5	476	0.000
ctApin	180000	usocket	18	cfg1	5	0.000	0/5	0/5	5	501	0.000
ctApin	180000	usocket	18	cfgemb	5	0.000	0/5	0/5	5	501	0.000
ctApin	180000	usocket	19	cfg1	5	0.000	0/5	0/5	5	519	0.000
ctApin	180000	usocket	19	cfgemb	5	0.000	0/5	0/5	5	519	0.000
ctApin	180000	usocket	20	cfg1	5	0.000	0/5	0/5	5	564	0.000
ctApin	180000	usocket	20	cfgemb	5	0.000	0/5	0/5	5	564	0.000
ctApin	180000	usocket	21	cfg1	5	0.000	0/5	0/5	5	451	0.000
ctApin	180000	usocket	21	cfgemb	5	0.000	0/5	0/5	5	451	0.000
ctApin	180000	usocket	22	cfg1	5	0.000	0/5	0/5	5	389	0.000
ctApin	180000	usocket	22	cfgemb	5	0.000	0/5	0/5	5	389	0.000
ctApin	180000	usocket	23	cfg1	5	0.053	0/5	0/5	4	319	0.053
ctApin	180000	usocket	23	cfgemb	5	0.042	0/5	0/5	4	319	0.042
ctApin	180000	usocket	24	cfg1	5	0.109	0/5	0/5	3	291	0.109
ctApin	180000	usocket	24	cfgemb	5	0.030	0/5	0/5	4	291	0.030
ctApin	180000	usocket	25	cfg1	5	0.012	0/5	0/5	5	330	0.012
ctApin	180000	usocket	25	cfgemb	5	0.000	0/5	0/5	5	330	0.000
ctApin	180000	usocket	26	cfg1	5	0.000	0/5	0/5	5	362	0.000
ctApin	180000	usocket	26	cfgemb	5	0.000	0/5	0/5	5	362	0.000
ctApin	180000	usocket	27	cfg1	5	0.000	0/5	0/5	5	472	0.000
ctApin	180000	usocket	27	cfgemb	5	0.000	0/5	0/5	5	472	0.000
ctApin	180000	usocket	28	cfg1	5	0.000	0/5	0/5	5	548	0.000
ctApin	180000	usocket	28	cfgemb	5	0.000	0/5	0/5	5	548	0.000
ctApin	180000	usocket	29	cfg1	5	0.108	0/5	0/5	4	446	0.108
ctApin	180000	usocket	29	cfgemb	5	0.000	0/5	0/5	5	446	0.000
ctApin	180000	usocket	30	cfg1	5	0.084	0/5	0/5	4	399	0.084
ctApin	180000	usocket	30	cfgemb	5	0.000	0/5	0/5	5	399	0.000
ctApin	210000	chain	0	cfg1	80	0.487	17/80	13/80	26	688	0.466
ctApin	210000	chain	0	cfgemb	80	0.233	4/80	2/80	51	688	0.313
ctApin	210000	usocket	0	cfg1	80	0.593	27/80	20/80	19	318	0.580
ctApin	210000	usocket	0	cfgemb	80	0.526	23/80	11/80	25	318	0.535
ctApin	240000	chain	0	cfg1	80	0.534	19/80	14/80	22	688	0.522
ctApin	240000	chain	0	cfgemb	80	0.160	5/80	1/80	60	688	0.171
ctApin	240000	usocket	0	cfg1	80	0.563	25/80	16/80	23	318	0.563
ctApin	240000	usocket	0	cfgemb	80	0.545	23/80	12/80	21	318	0.497
ctApin	240000	usocket	1	cfg1	5	0.000	0/5	0/5	5	345	0.000
ctApin	240000	usocket	1	cfgemb	5	0.000	0/5	0/5	5	345	0.000
ctApin	240000	usocket	2	cfg1	5	0.000	0/5	0/5	5	307	0.000
ctApin	240000	usocket	2	cfgemb	5	0.000	0/5	0/5	5	307	0.000
ctApin	240000	usocket	3	cfg1	5	0.000	0/5	0/5	5	378	0.000
ctApin	240000	usocket	3	cfgemb	5	0.000	0/5	0/5	5	378	0.000
ctApin	240000	usocket	4	cfg1	5	0.000	0/5	0/5	5	333	0.000
ctApin	240000	usocket	4	cfgemb	5	0.000	0/5	0/5	5	333	0.000
ctApin	240000	usocket	5	cfg1	5	0.000	0/5	0/5	5	328	0.000
ctApin	240000	usocket	5	cfgemb	5	0.000	0/5	0/5	5	328	0.000
ctApin	240000	usocket	6	cfg1	5	0.000	0/5	0/5	5	367	0.000
ctApin	240000	usocket	6	cfgemb	5	0.000	0/5	0/5	5	367	0.000
ctApin	240000	usocket	7	cfg1	5	0.000	0/5	0/5	5	443	0.000
ctApin	240000	usocket	7	cfgemb	5	0.000	0/5	0/5	5	443	0.000
ctApin	240000	usocket	8	cfg1	5	0.000	0/5	0/5	5	420	0.000
ctApin	240000	usocket	8	cfgemb	5	0.000	0/5	0/5	5	420	0.000
ctApin	240000	usocket	9	cfg1	5	0.039	0/5	0/5	4	432	0.039
ctApin	240000	usocket	9	cfgemb	5	0.000	0/5	0/5	5	432	0.000
ctApin	240000	usocket	10	cfg1	5	0.000	0/5	0/5	5	368	0.000
ctApin	240000	usocket	10	cfgemb	5	0.000	0/5	0/5	5	368	0.000
ctApin	240000	usocket	11	cfg1	5	0.018	0/5	0/5	5	323	0.018
ctApin	240000	usocket	11	cfgemb	5	0.000	0/5	0/5	5	323	0.000
ctApin	240000	usocket	12	cfg1	5	0.047	0/5	0/5	4	338	0.047
ctApin	240000	usocket	12	cfgemb	5	0.000	0/5	0/5	5	338	0.000
ctApin	240000	usocket	13	cfg1	5	0.074	0/5	0/5	4	380	0.074
ctApin	240000	usocket	13	cfgemb	5	0.001	0/5	0/5	5	380	0.001
ctApin	240000	usocket	14	cfg1	5	0.034	0/5	0/5	5	348	0.034
ctApin	240000	usocket	14	cfgemb	5	0.006	0/5	0/5	5	348	0.006
ctApin	240000	usocket	15	cfg1	5	0.000	0/5	0/5	5	399	0.000
ctApin	240000	usocket	15	cfgemb	5	0.000	0/5	0/5	5	399	0.000
ctApin	240000	usocket	16	cfg1	5	0.000	0/5	0/5	5	463	0.000
ctApin	240000	usocket	16	cfgemb	5	0.000	0/5	0/5	5	463	0.000
ctApin	240000	usocket	17	cfg1	5	0.000	0/5	0/5	5	476	0.000
ctApin	240000	usocket	17	cfgemb	5	0.000	0/5	0/5	5	476	0.000
ctApin	240000	usocket	18	cfg1	5	0.000	0/5	0/5	5	501	0.000
ctApin	240000	usocket	18	cfgemb	5	0.000	0/5	0/5	5	501	0.000
ctApin	240000	usocket	19	cfg1	5	0.000	0/5	0/5	5	519	0.000
ctApin	240000	usocket	19	cfgemb	5	0.089	0/5	0/5	4	519	0.089
ctApin	240000	usocket	20	cfg1	5	0.000	0/5	0/5	5	564	0.000
ctApin	240000	usocket	20	cfgemb	5	0.000	0/5	0/5	5	564	0.000
ctApin	240000	usocket	21	cfg1	5	0.014	0/5	0/5	5	451	0.014
ctApin	240000	usocket	21	cfgemb	5	0.000	0/5	0/5	5	451	0.000
ctApin	240000	usocket	22	cfg1	5	0.000	0/5	0/5	5	389	0.000
ctApin	240000	usocket	22	cfgemb	5	0.000	0/5	0/5	5	389	0.000
ctApin	240000	usocket	23	cfg1	5	0.102	0/5	0/5	3	319	0.102
ctApin	240000	usocket	23	cfgemb	5	0.080	0/5	0/5	4	319	0.080
ctApin	240000	usocket	24	cfg1	5	0.060	0/5	0/5	3	291	0.060
ctApin	240000	usocket	24	cfgemb	5	0.082	0/5	0/5	4	291	0.082
ctApin	240000	usocket	25	cfg1	5	0.000	0/5	0/5	5	330	0.000
ctApin	240000	usocket	25	cfgemb	5	0.000	0/5	0/5	5	330	0.000
ctApin	240000	usocket	26	cfg1	5	0.033	0/5	0/5	4	362	0.033
ctApin	240000	usocket	26	cfgemb	5	0.000	0/5	0/5	5	362	0.000
ctApin	240000	usocket	27	cfg1	5	0.000	0/5	0/5	5	472	0.000
ctApin	240000	usocket	27	cfgemb	5	0.000	0/5	0/5	5	472	0.000
ctApin	240000	usocket	28	cfg1	5	0.000	0/5	0/5	5	548	0.000
ctApin	240000	usocket	28	cfgemb	5	0.000	0/5	0/5	5	548	0.000
ctApin	240000	usocket	29	cfg1	5	0.000	0/5	0/5	5	446	0.000
ctApin	240000	usocket	29	cfgemb	5	0.000	0/5	0/5	5	446	0.000
ctApin	240000	usocket	30	cfg1	5	0.000	0/5	0/5	5	399	0.000
ctApin	240000	usocket	30	cfgemb	5	0.000	0/5	0/5	5	399	0.000
ctApinAnn	30000	chain	0	cfgemb	40	0.134	0/40	0/40	30	688	0.134
ctApinAnn	30000	usocket	0	cfg1	40	0.410	4/40	1/40	14	318	0.410
ctApinAnn	30000	usocket	0	cfgemb	80	0.374	11/80	0/80	33	318	0.350
ctApinAnn	60000	chain	0	cfg1	40	0.554	6/40	2/40	8	688	nan
ctApinAnn	60000	chain	0	cfgemb	80	0.289	10/80	1/80	46	688	0.281
ctApinAnn	60000	usocket	0	cfg1	40	0.475	9/40	3/40	13	318	0.475
ctApinAnn	60000	usocket	0	cfgemb	40	0.549	16/40	5/40	10	318	nan
ctApinAnn	90000	chain	0	cfg1	80	0.520	15/80	9/80	20	688	0.597
ctApinAnn	90000	chain	0	cfgemb	80	0.199	9/80	2/80	57	688	0.223
ctApinAnn	90000	usocket	0	cfg1	80	0.587	26/80	16/80	18	318	0.579
ctApinAnn	90000	usocket	0	cfgemb	80	0.482	15/80	7/80	25	318	0.492
ctApinAnn	120000	chain	0	cfg1	80	0.483	15/80	5/80	25	688	0.446
ctApinAnn	120000	chain	0	cfgemb	80	0.323	6/80	2/80	39	688	0.331
ctApinAnn	120000	usocket	0	cfg1	80	0.614	22/80	17/80	14	318	0.574
ctApinAnn	120000	usocket	0	cfgemb	80	0.527	23/80	4/80	22	318	0.487
ctApinAnn	120000	usocket	1	cfg1	5	0.000	0/5	0/5	5	345	0.000
ctApinAnn	120000	usocket	1	cfgemb	5	0.000	0/5	0/5	5	345	0.000
ctApinAnn	120000	usocket	2	cfg1	5	0.000	0/5	0/5	5	307	0.000
ctApinAnn	120000	usocket	2	cfgemb	5	0.000	0/5	0/5	5	307	0.000
ctApinAnn	120000	usocket	3	cfg1	5	0.045	0/5	0/5	3	378	0.045
ctApinAnn	120000	usocket	3	cfgemb	5	0.000	0/5	0/5	5	378	0.000
ctApinAnn	120000	usocket	4	cfg1	5	0.000	0/5	0/5	5	333	0.000
ctApinAnn	120000	usocket	4	cfgemb	5	0.000	0/5	0/5	5	333	0.000
ctApinAnn	120000	usocket	5	cfg1	5	0.000	0/5	0/5	5	328	0.000
ctApinAnn	120000	usocket	5	cfgemb	5	0.000	0/5	0/5	5	328	0.000
ctApinAnn	120000	usocket	6	cfg1	5	0.000	0/5	0/5	5	367	0.000
ctApinAnn	120000	usocket	6	cfgemb	5	0.000	0/5	0/5	5	367	0.000
ctApinAnn	120000	usocket	7	cfg1	5	0.000	0/5	0/5	5	443	0.000
ctApinAnn	120000	usocket	7	cfgemb	5	0.000	0/5	0/5	5	443	0.000
ctApinAnn	120000	usocket	8	cfg1	5	0.000	0/5	0/5	5	420	0.000
ctApinAnn	120000	usocket	8	cfgemb	5	0.000	0/5	0/5	5	420	0.000
ctApinAnn	120000	usocket	9	cfg1	5	0.000	0/5	0/5	5	432	0.000
ctApinAnn	120000	usocket	9	cfgemb	5	0.000	0/5	0/5	5	432	0.000
ctApinAnn	120000	usocket	10	cfg1	5	0.000	0/5	0/5	5	368	0.000
ctApinAnn	120000	usocket	10	cfgemb	5	0.000	0/5	0/5	5	368	0.000
ctApinAnn	120000	usocket	11	cfg1	5	0.000	0/5	0/5	5	323	0.000
ctApinAnn	120000	usocket	11	cfgemb	5	0.000	0/5	0/5	5	323	0.000
ctApinAnn	120000	usocket	12	cfg1	5	0.165	1/5	0/5	4	338	0.165
ctApinAnn	120000	usocket	12	cfgemb	5	0.000	0/5	0/5	5	338	0.000
ctApinAnn	120000	usocket	13	cfg1	5	0.195	0/5	0/5	3	380	0.195
ctApinAnn	120000	usocket	13	cfgemb	5	0.000	0/5	0/5	5	380	0.000
ctApinAnn	120000	usocket	14	cfg1	5	0.041	0/5	0/5	4	348	0.041
ctApinAnn	120000	usocket	14	cfgemb	5	0.103	0/5	0/5	4	348	0.103
ctApinAnn	120000	usocket	15	cfg1	5	0.000	0/5	0/5	5	399	0.000
ctApinAnn	120000	usocket	15	cfgemb	5	0.000	0/5	0/5	5	399	0.000
ctApinAnn	120000	usocket	16	cfg1	5	0.000	0/5	0/5	5	463	0.000
ctApinAnn	120000	usocket	16	cfgemb	5	0.000	0/5	0/5	5	463	0.000
ctApinAnn	120000	usocket	17	cfg1	5	0.000	0/5	0/5	5	476	0.000
ctApinAnn	120000	usocket	17	cfgemb	5	0.000	0/5	0/5	5	476	0.000
ctApinAnn	120000	usocket	18	cfg1	5	0.000	0/5	0/5	5	501	0.000
ctApinAnn	120000	usocket	18	cfgemb	5	0.000	0/5	0/5	5	501	0.000
ctApinAnn	120000	usocket	19	cfg1	5	0.000	0/5	0/5	5	519	0.000
ctApinAnn	120000	usocket	19	cfgemb	5	0.000	0/5	0/5	5	519	0.000
ctApinAnn	120000	usocket	20	cfg1	5	0.000	0/5	0/5	5	564	0.000
ctApinAnn	120000	usocket	20	cfgemb	5	0.000	0/5	0/5	5	564	0.000
ctApinAnn	120000	usocket	21	cfg1	5	0.000	0/5	0/5	5	451	0.000
ctApinAnn	120000	usocket	21	cfgemb	5	0.000	0/5	0/5	5	451	0.000
ctApinAnn	120000	usocket	22	cfg1	5	0.004	0/5	0/5	5	389	0.004
ctApinAnn	120000	usocket	22	cfgemb	5	0.000	0/5	0/5	5	389	0.000
ctApinAnn	120000	usocket	23	cfg1	5	0.000	0/5	0/5	5	319	0.000
ctApinAnn	120000	usocket	23	cfgemb	5	0.043	0/5	0/5	4	319	0.043
ctApinAnn	120000	usocket	24	cfg1	5	0.000	0/5	0/5	5	291	0.000
ctApinAnn	120000	usocket	24	cfgemb	5	0.042	0/5	0/5	4	291	0.042
ctApinAnn	120000	usocket	25	cfg1	5	0.000	0/5	0/5	5	330	0.000
ctApinAnn	120000	usocket	25	cfgemb	5	0.000	0/5	0/5	5	330	0.000
ctApinAnn	120000	usocket	26	cfg1	5	0.000	0/5	0/5	5	362	0.000
ctApinAnn	120000	usocket	26	cfgemb	5	0.000	0/5	0/5	5	362	0.000
ctApinAnn	120000	usocket	27	cfg1	5	0.000	0/5	0/5	5	472	0.000
ctApinAnn	120000	usocket	27	cfgemb	5	0.000	0/5	0/5	5	472	0.000
ctApinAnn	120000	usocket	28	cfg1	5	0.000	0/5	0/5	5	548	0.000
ctApinAnn	120000	usocket	28	cfgemb	5	0.000	0/5	0/5	5	548	0.000
ctApinAnn	120000	usocket	29	cfg1	5	0.000	0/5	0/5	5	446	0.000
ctApinAnn	120000	usocket	29	cfgemb	5	0.023	0/5	0/5	4	446	0.023
ctApinAnn	120000	usocket	30	cfg1	5	0.000	0/5	0/5	5	399	0.000
ctApinAnn	120000	usocket	30	cfgemb	5	0.000	0/5	0/5	5	399	0.000
ctApinAnn	150000	chain	0	cfg1	80	0.485	10/80	4/80	22	688	0.557
ctApinAnn	150000	chain	0	cfgemb	80	0.241	7/80	2/80	51	688	0.271
ctApinAnn	150000	usocket	0	cfg1	80	0.638	31/80	22/80	16	318	0.576
ctApinAnn	150000	usocket	0	cfgemb	80	0.575	18/80	7/80	15	318	0.613
ctApinAnn	180000	chain	0	cfg1	80	0.535	16/80	12/80	21	688	0.556
ctApinAnn	180000	chain	0	cfgemb	80	0.238	6/80	2/80	51	688	0.237
ctApinAnn	180000	usocket	0	cfg1	80	0.583	22/80	17/80	17	318	0.520
ctApinAnn	180000	usocket	0	cfgemb	80	0.520	22/80	6/80	25	318	0.488
ctApinAnn	180000	usocket	1	cfg1	5	0.000	0/5	0/5	5	345	0.000
ctApinAnn	180000	usocket	1	cfgemb	5	0.000	0/5	0/5	5	345	0.000
ctApinAnn	180000	usocket	2	cfg1	5	0.000	0/5	0/5	5	307	0.000
ctApinAnn	180000	usocket	2	cfgemb	5	0.000	0/5	0/5	5	307	0.000
ctApinAnn	180000	usocket	3	cfg1	5	0.000	0/5	0/5	5	378	0.000
ctApinAnn	180000	usocket	3	cfgemb	5	0.000	0/5	0/5	5	378	0.000
ctApinAnn	180000	usocket	4	cfg1	5	0.000	0/5	0/5	5	333	0.000
ctApinAnn	180000	usocket	4	cfgemb	5	0.000	0/5	0/5	5	333	0.000
ctApinAnn	180000	usocket	5	cfg1	5	0.000	0/5	0/5	5	328	0.000
ctApinAnn	180000	usocket	5	cfgemb	5	0.000	0/5	0/5	5	328	0.000
ctApinAnn	180000	usocket	6	cfg1	5	0.000	0/5	0/5	5	367	0.000
ctApinAnn	180000	usocket	6	cfgemb	5	0.000	0/5	0/5	5	367	0.000
ctApinAnn	180000	usocket	7	cfg1	5	0.000	0/5	0/5	5	443	0.000
ctApinAnn	180000	usocket	7	cfgemb	5	0.000	0/5	0/5	5	443	0.000
ctApinAnn	180000	usocket	8	cfg1	5	0.000	0/5	0/5	5	420	0.000
ctApinAnn	180000	usocket	8	cfgemb	5	0.000	0/5	0/5	5	420	0.000
ctApinAnn	180000	usocket	9	cfg1	5	0.000	0/5	0/5	5	432	0.000
ctApinAnn	180000	usocket	9	cfgemb	5	0.000	0/5	0/5	5	432	0.000
ctApinAnn	180000	usocket	10	cfg1	5	0.000	0/5	0/5	5	368	0.000
ctApinAnn	180000	usocket	10	cfgemb	5	0.000	0/5	0/5	5	368	0.000
ctApinAnn	180000	usocket	11	cfg1	5	0.001	0/5	0/5	5	323	0.001
ctApinAnn	180000	usocket	11	cfgemb	5	0.000	0/5	0/5	5	323	0.000
ctApinAnn	180000	usocket	12	cfg1	5	0.081	0/5	0/5	4	338	0.081
ctApinAnn	180000	usocket	12	cfgemb	5	0.000	0/5	0/5	5	338	0.000
ctApinAnn	180000	usocket	13	cfg1	5	0.002	0/5	0/5	5	380	0.002
ctApinAnn	180000	usocket	13	cfgemb	5	0.000	0/5	0/5	5	380	0.000
ctApinAnn	180000	usocket	14	cfg1	5	0.087	0/5	0/5	3	348	0.087
ctApinAnn	180000	usocket	14	cfgemb	5	0.048	0/5	0/5	4	348	0.048
ctApinAnn	180000	usocket	15	cfg1	5	0.000	0/5	0/5	5	399	0.000
ctApinAnn	180000	usocket	15	cfgemb	5	0.000	0/5	0/5	5	399	0.000
ctApinAnn	180000	usocket	16	cfg1	5	0.000	0/5	0/5	5	463	0.000
ctApinAnn	180000	usocket	16	cfgemb	5	0.000	0/5	0/5	5	463	0.000
ctApinAnn	180000	usocket	17	cfg1	5	0.000	0/5	0/5	5	476	0.000
ctApinAnn	180000	usocket	17	cfgemb	5	0.000	0/5	0/5	5	476	0.000
ctApinAnn	180000	usocket	18	cfg1	5	0.000	0/5	0/5	5	501	0.000
ctApinAnn	180000	usocket	18	cfgemb	5	0.000	0/5	0/5	5	501	0.000
ctApinAnn	180000	usocket	19	cfg1	5	0.000	0/5	0/5	5	519	0.000
ctApinAnn	180000	usocket	19	cfgemb	5	0.000	0/5	0/5	5	519	0.000
ctApinAnn	180000	usocket	20	cfg1	5	0.000	0/5	0/5	5	564	0.000
ctApinAnn	180000	usocket	20	cfgemb	5	0.000	0/5	0/5	5	564	0.000
ctApinAnn	180000	usocket	21	cfg1	5	0.000	0/5	0/5	5	451	0.000
ctApinAnn	180000	usocket	21	cfgemb	5	0.000	0/5	0/5	5	451	0.000
ctApinAnn	180000	usocket	22	cfg1	5	0.000	0/5	0/5	5	389	0.000
ctApinAnn	180000	usocket	22	cfgemb	5	0.000	0/5	0/5	5	389	0.000
ctApinAnn	180000	usocket	23	cfg1	5	0.066	0/5	0/5	3	319	0.066
ctApinAnn	180000	usocket	23	cfgemb	5	0.051	0/5	0/5	4	319	0.051
ctApinAnn	180000	usocket	24	cfg1	5	0.049	0/5	0/5	4	291	0.049
ctApinAnn	180000	usocket	24	cfgemb	5	0.087	0/5	0/5	4	291	0.087
ctApinAnn	180000	usocket	25	cfg1	5	0.000	0/5	0/5	5	330	0.000
ctApinAnn	180000	usocket	25	cfgemb	5	0.000	0/5	0/5	5	330	0.000
ctApinAnn	180000	usocket	26	cfg1	5	0.131	0/5	0/5	4	362	0.131
ctApinAnn	180000	usocket	26	cfgemb	5	0.000	0/5	0/5	5	362	0.000
ctApinAnn	180000	usocket	27	cfg1	5	0.000	0/5	0/5	5	472	0.000
ctApinAnn	180000	usocket	27	cfgemb	5	0.000	0/5	0/5	5	472	0.000
ctApinAnn	180000	usocket	28	cfg1	5	0.000	0/5	0/5	5	548	0.000
ctApinAnn	180000	usocket	28	cfgemb	5	0.000	0/5	0/5	5	548	0.000
ctApinAnn	180000	usocket	29	cfg1	5	0.000	0/5	0/5	5	446	0.000
ctApinAnn	180000	usocket	29	cfgemb	5	0.000	0/5	0/5	5	446	0.000
ctApinAnn	180000	usocket	30	cfg1	5	0.000	0/5	0/5	5	399	0.000
ctApinAnn	180000	usocket	30	cfgemb	5	0.000	0/5	0/5	5	399	0.000
ctApinAnn	210000	chain	0	cfg1	80	0.542	19/80	10/80	21	688	0.529
ctApinAnn	210000	chain	0	cfgemb	80	0.192	5/80	1/80	56	688	0.209
ctApinAnn	210000	usocket	0	cfg1	80	0.588	25/80	18/80	18	318	0.595
ctApinAnn	210000	usocket	0	cfgemb	80	0.498	21/80	13/80	28	318	0.521
ctApinAnn	240000	chain	0	cfg1	80	0.503	21/80	15/80	25	688	0.502
ctApinAnn	240000	chain	0	cfgemb	80	0.207	7/80	2/80	54	688	0.247
ctApinAnn	240000	usocket	0	cfg1	80	0.607	28/80	23/80	18	318	0.579
ctApinAnn	240000	usocket	0	cfgemb	80	0.495	19/80	7/80	25	318	0.528
ctApinAnn	240000	usocket	1	cfg1	5	0.000	0/5	0/5	5	345	0.000
ctApinAnn	240000	usocket	1	cfgemb	5	0.000	0/5	0/5	5	345	0.000
ctApinAnn	240000	usocket	2	cfg1	5	0.000	0/5	0/5	5	307	0.000
ctApinAnn	240000	usocket	2	cfgemb	5	0.000	0/5	0/5	5	307	0.000
ctApinAnn	240000	usocket	3	cfg1	5	0.000	0/5	0/5	5	378	0.000
ctApinAnn	240000	usocket	3	cfgemb	5	0.000	0/5	0/5	5	378	0.000
ctApinAnn	240000	usocket	4	cfg1	5	0.000	0/5	0/5	5	333	0.000
ctApinAnn	240000	usocket	4	cfgemb	5	0.000	0/5	0/5	5	333	0.000
ctApinAnn	240000	usocket	5	cfg1	5	0.000	0/5	0/5	5	328	0.000
ctApinAnn	240000	usocket	5	cfgemb	5	0.000	0/5	0/5	5	328	0.000
ctApinAnn	240000	usocket	6	cfg1	5	0.000	0/5	0/5	5	367	0.000
ctApinAnn	240000	usocket	6	cfgemb	5	0.000	0/5	0/5	5	367	0.000
ctApinAnn	240000	usocket	7	cfg1	5	0.000	0/5	0/5	5	443	0.000
ctApinAnn	240000	usocket	7	cfgemb	5	0.000	0/5	0/5	5	443	0.000
ctApinAnn	240000	usocket	8	cfg1	5	0.000	0/5	0/5	5	420	0.000
ctApinAnn	240000	usocket	8	cfgemb	5	0.000	0/5	0/5	5	420	0.000
ctApinAnn	240000	usocket	9	cfg1	5	0.000	0/5	0/5	5	432	0.000
ctApinAnn	240000	usocket	9	cfgemb	5	0.000	0/5	0/5	5	432	0.000
ctApinAnn	240000	usocket	10	cfg1	5	0.002	0/5	0/5	5	368	0.002
ctApinAnn	240000	usocket	10	cfgemb	5	0.000	0/5	0/5	5	368	0.000
ctApinAnn	240000	usocket	11	cfg1	5	0.000	0/5	0/5	5	323	0.000
ctApinAnn	240000	usocket	11	cfgemb	5	0.000	0/5	0/5	5	323	0.000
ctApinAnn	240000	usocket	12	cfg1	5	0.000	0/5	0/5	5	338	0.000
ctApinAnn	240000	usocket	12	cfgemb	5	0.000	0/5	0/5	5	338	0.000
ctApinAnn	240000	usocket	13	cfg1	5	0.102	0/5	0/5	3	380	0.102
ctApinAnn	240000	usocket	13	cfgemb	5	0.000	0/5	0/5	5	380	0.000
ctApinAnn	240000	usocket	14	cfg1	5	0.058	0/5	0/5	4	348	0.058
ctApinAnn	240000	usocket	14	cfgemb	5	0.039	0/5	0/5	4	348	0.039
ctApinAnn	240000	usocket	15	cfg1	5	0.000	0/5	0/5	5	399	0.000
ctApinAnn	240000	usocket	15	cfgemb	5	0.000	0/5	0/5	5	399	0.000
ctApinAnn	240000	usocket	16	cfg1	5	0.000	0/5	0/5	5	463	0.000
ctApinAnn	240000	usocket	16	cfgemb	5	0.000	0/5	0/5	5	463	0.000
ctApinAnn	240000	usocket	17	cfg1	5	0.136	0/5	0/5	4	476	0.136
ctApinAnn	240000	usocket	17	cfgemb	5	0.000	0/5	0/5	5	476	0.000
ctApinAnn	240000	usocket	18	cfg1	5	0.000	0/5	0/5	5	501	0.000
ctApinAnn	240000	usocket	18	cfgemb	5	0.000	0/5	0/5	5	501	0.000
ctApinAnn	240000	usocket	19	cfg1	5	0.000	0/5	0/5	5	519	0.000
ctApinAnn	240000	usocket	19	cfgemb	5	0.000	0/5	0/5	5	519	0.000
ctApinAnn	240000	usocket	20	cfg1	5	0.000	0/5	0/5	5	564	0.000
ctApinAnn	240000	usocket	20	cfgemb	5	0.000	0/5	0/5	5	564	0.000
ctApinAnn	240000	usocket	21	cfg1	5	0.000	0/5	0/5	5	451	0.000
ctApinAnn	240000	usocket	21	cfgemb	5	0.000	0/5	0/5	5	451	0.000
ctApinAnn	240000	usocket	22	cfg1	5	0.010	0/5	0/5	5	389	0.010
ctApinAnn	240000	usocket	22	cfgemb	5	0.020	0/5	0/5	5	389	0.020
ctApinAnn	240000	usocket	23	cfg1	5	0.132	0/5	0/5	3	319	0.132
ctApinAnn	240000	usocket	23	cfgemb	5	0.044	0/5	0/5	4	319	0.044
ctApinAnn	240000	usocket	24	cfg1	5	0.035	0/5	0/5	5	291	0.035
ctApinAnn	240000	usocket	24	cfgemb	5	0.034	0/5	0/5	4	291	0.034
ctApinAnn	240000	usocket	25	cfg1	5	0.000	0/5	0/5	5	330	0.000
ctApinAnn	240000	usocket	25	cfgemb	5	0.000	0/5	0/5	5	330	0.000
ctApinAnn	240000	usocket	26	cfg1	5	0.000	0/5	0/5	5	362	0.000
ctApinAnn	240000	usocket	26	cfgemb	5	0.000	0/5	0/5	5	362	0.000
ctApinAnn	240000	usocket	27	cfg1	5	0.000	0/5	0/5	5	472	0.000
ctApinAnn	240000	usocket	27	cfgemb	5	0.000	0/5	0/5	5	472	0.000
ctApinAnn	240000	usocket	28	cfg1	5	0.000	0/5	0/5	5	548	0.000
ctApinAnn	240000	usocket	28	cfgemb	5	0.000	0/5	0/5	5	548	0.000
ctApinAnn	240000	usocket	29	cfg1	5	0.069	0/5	0/5	4	446	0.069
ctApinAnn	240000	usocket	29	cfgemb	5	0.000	0/5	0/5	5	446	0.000
ctApinAnn	240000	usocket	30	cfg1	5	0.000	0/5	0/5	5	399	0.000
ctApinAnn	240000	usocket	30	cfgemb	5	0.000	0/5	0/5	5	399	0.000
ctAwd	30000	chain	0	cfg1	40	0.377	4/40	3/40	16	688	nan
ctAwd	30000	usocket	0	cfg1	40	0.369	4/40	2/40	15	318	0.369
ctAwd	30000	usocket	0	cfgemb	40	0.473	10/40	2/40	13	318	nan
ctAwd	60000	chain	0	cfg1	80	0.595	20/80	6/80	13	688	0.596
ctAwd	60000	chain	0	cfgemb	80	0.392	13/80	1/80	36	688	0.409
ctAwd	60000	usocket	0	cfg1	80	0.491	20/80	10/80	25	318	0.533
ctAwd	60000	usocket	0	cfgemb	80	0.444	16/80	3/80	30	318	0.510
ctAwd	90000	chain	0	cfg1	80	0.589	20/80	9/80	15	688	0.594
ctAwd	90000	chain	0	cfgemb	80	0.391	11/80	1/80	35	688	0.362
ctAwd	90000	usocket	0	cfg1	80	0.565	21/80	16/80	20	318	0.543
ctAwd	90000	usocket	0	cfgemb	80	0.538	25/80	10/80	23	318	0.549
ctAwd	120000	chain	0	cfg1	80	0.634	25/80	15/80	12	688	0.605
ctAwd	120000	chain	0	cfgemb	80	0.337	8/80	1/80	41	688	0.351
ctAwd	120000	usocket	0	cfg1	80	0.610	25/80	14/80	16	318	0.582
ctAwd	120000	usocket	0	cfgemb	80	0.568	25/80	9/80	19	318	0.525
ctAwd	120000	usocket	1	cfg1	5	0.000	0/5	0/5	5	345	0.000
ctAwd	120000	usocket	1	cfgemb	5	0.000	0/5	0/5	5	345	0.000
ctAwd	120000	usocket	2	cfg1	5	0.000	0/5	0/5	5	307	0.000
ctAwd	120000	usocket	2	cfgemb	5	0.000	0/5	0/5	5	307	0.000
ctAwd	120000	usocket	3	cfg1	5	0.156	0/5	0/5	4	378	0.156
ctAwd	120000	usocket	3	cfgemb	5	0.140	0/5	0/5	4	378	0.140
ctAwd	120000	usocket	4	cfg1	5	0.000	0/5	0/5	5	333	0.000
ctAwd	120000	usocket	4	cfgemb	5	0.123	0/5	0/5	4	333	0.123
ctAwd	120000	usocket	5	cfg1	5	0.000	0/5	0/5	5	328	0.000
ctAwd	120000	usocket	5	cfgemb	5	0.000	0/5	0/5	5	328	0.000
ctAwd	120000	usocket	6	cfg1	5	0.000	0/5	0/5	5	367	0.000
ctAwd	120000	usocket	6	cfgemb	5	0.000	0/5	0/5	5	367	0.000
ctAwd	120000	usocket	7	cfg1	5	0.000	0/5	0/5	5	443	0.000
ctAwd	120000	usocket	7	cfgemb	5	0.000	0/5	0/5	5	443	0.000
ctAwd	120000	usocket	8	cfg1	5	0.000	0/5	0/5	5	420	0.000
ctAwd	120000	usocket	8	cfgemb	5	0.000	0/5	0/5	5	420	0.000
ctAwd	120000	usocket	9	cfg1	5	0.000	0/5	0/5	5	432	0.000
ctAwd	120000	usocket	9	cfgemb	5	0.000	0/5	0/5	5	432	0.000
ctAwd	120000	usocket	10	cfg1	5	0.000	0/5	0/5	5	368	0.000
ctAwd	120000	usocket	10	cfgemb	5	0.000	0/5	0/5	5	368	0.000
ctAwd	120000	usocket	11	cfg1	5	0.000	0/5	0/5	5	323	0.000
ctAwd	120000	usocket	11	cfgemb	5	0.000	0/5	0/5	5	323	0.000
ctAwd	120000	usocket	12	cfg1	5	0.138	0/5	0/5	4	338	0.138
ctAwd	120000	usocket	12	cfgemb	5	0.000	0/5	0/5	5	338	0.000
ctAwd	120000	usocket	13	cfg1	5	0.000	0/5	0/5	5	380	0.000
ctAwd	120000	usocket	13	cfgemb	5	0.001	0/5	0/5	5	380	0.001
ctAwd	120000	usocket	14	cfg1	5	0.000	0/5	0/5	5	348	0.000
ctAwd	120000	usocket	14	cfgemb	5	0.000	0/5	0/5	5	348	0.000
ctAwd	120000	usocket	15	cfg1	5	0.000	0/5	0/5	5	399	0.000
ctAwd	120000	usocket	15	cfgemb	5	0.000	0/5	0/5	5	399	0.000
ctAwd	120000	usocket	16	cfg1	5	0.000	0/5	0/5	5	463	0.000
ctAwd	120000	usocket	16	cfgemb	5	0.000	0/5	0/5	5	463	0.000
ctAwd	120000	usocket	17	cfg1	5	0.000	0/5	0/5	5	476	0.000
ctAwd	120000	usocket	17	cfgemb	5	0.000	0/5	0/5	5	476	0.000
ctAwd	120000	usocket	18	cfg1	5	0.000	0/5	0/5	5	501	0.000
ctAwd	120000	usocket	18	cfgemb	5	0.000	0/5	0/5	5	501	0.000
ctAwd	120000	usocket	19	cfg1	5	0.000	0/5	0/5	5	519	0.000
ctAwd	120000	usocket	19	cfgemb	5	0.000	0/5	0/5	5	519	0.000
ctAwd	120000	usocket	20	cfg1	5	0.000	0/5	0/5	5	564	0.000
ctAwd	120000	usocket	20	cfgemb	5	0.000	0/5	0/5	5	564	0.000
ctAwd	120000	usocket	21	cfg1	5	0.000	0/5	0/5	5	451	0.000
ctAwd	120000	usocket	21	cfgemb	5	0.000	0/5	0/5	5	451	0.000
ctAwd	120000	usocket	22	cfg1	5	0.006	0/5	0/5	5	389	0.006
ctAwd	120000	usocket	22	cfgemb	5	0.112	0/5	0/5	4	389	0.112
ctAwd	120000	usocket	23	cfg1	5	0.150	0/5	0/5	3	319	0.150
ctAwd	120000	usocket	23	cfgemb	5	0.005	0/5	0/5	5	319	0.005
ctAwd	120000	usocket	24	cfg1	5	0.002	0/5	0/5	5	291	0.002
ctAwd	120000	usocket	24	cfgemb	5	0.000	0/5	0/5	5	291	0.000
ctAwd	120000	usocket	25	cfg1	5	0.019	0/5	0/5	5	330	0.019
ctAwd	120000	usocket	25	cfgemb	5	0.044	0/5	0/5	4	330	0.044
ctAwd	120000	usocket	26	cfg1	5	0.000	0/5	0/5	5	362	0.000
ctAwd	120000	usocket	26	cfgemb	5	0.001	0/5	0/5	5	362	0.001
ctAwd	120000	usocket	27	cfg1	5	0.000	0/5	0/5	5	472	0.000
ctAwd	120000	usocket	27	cfgemb	5	0.000	0/5	0/5	5	472	0.000
ctAwd	120000	usocket	28	cfg1	5	0.000	0/5	0/5	5	548	0.000
ctAwd	120000	usocket	28	cfgemb	5	0.000	0/5	0/5	5	548	0.000
ctAwd	120000	usocket	29	cfg1	5	0.000	0/5	0/5	5	446	0.000
ctAwd	120000	usocket	29	cfgemb	5	0.003	0/5	0/5	5	446	0.003
ctAwd	120000	usocket	30	cfg1	5	0.000	0/5	0/5	5	399	0.000
ctAwd	120000	usocket	30	cfgemb	5	0.000	0/5	0/5	5	399	0.000
ctAwd	150000	chain	0	cfg1	80	0.577	26/80	16/80	18	688	0.572
ctAwd	150000	chain	0	cfgemb	80	0.356	9/80	2/80	39	688	0.364
ctAwd	150000	usocket	0	cfg1	80	0.603	28/80	22/80	17	318	0.626
ctAwd	150000	usocket	0	cfgemb	80	0.552	24/80	14/80	21	318	0.570
ctAwd	180000	chain	0	cfg1	80	0.586	20/80	14/80	16	688	0.595
ctAwd	180000	chain	0	cfgemb	80	0.422	17/80	7/80	34	688	0.435
ctAwd	180000	usocket	0	cfg1	80	0.709	30/80	23/80	7	318	0.672
ctAwd	180000	usocket	0	cfgemb	80	0.566	29/80	20/80	23	318	0.574
ctAwd	180000	usocket	1	cfg1	5	0.000	0/5	0/5	5	345	0.000
ctAwd	180000	usocket	1	cfgemb	5	0.000	0/5	0/5	5	345	0.000
ctAwd	180000	usocket	2	cfg1	5	0.000	0/5	0/5	5	307	0.000
ctAwd	180000	usocket	2	cfgemb	5	0.000	0/5	0/5	5	307	0.000
ctAwd	180000	usocket	3	cfg1	5	0.012	0/5	0/5	5	378	0.012
ctAwd	180000	usocket	3	cfgemb	5	0.011	0/5	0/5	5	378	0.011
ctAwd	180000	usocket	4	cfg1	5	0.000	0/5	0/5	5	333	0.000
ctAwd	180000	usocket	4	cfgemb	5	0.123	0/5	0/5	4	333	0.123
ctAwd	180000	usocket	5	cfg1	5	0.000	0/5	0/5	5	328	0.000
ctAwd	180000	usocket	5	cfgemb	5	0.000	0/5	0/5	5	328	0.000
ctAwd	180000	usocket	6	cfg1	5	0.000	0/5	0/5	5	367	0.000
ctAwd	180000	usocket	6	cfgemb	5	0.000	0/5	0/5	5	367	0.000
ctAwd	180000	usocket	7	cfg1	5	0.000	0/5	0/5	5	443	0.000
ctAwd	180000	usocket	7	cfgemb	5	0.000	0/5	0/5	5	443	0.000
ctAwd	180000	usocket	8	cfg1	5	0.000	0/5	0/5	5	420	0.000
ctAwd	180000	usocket	8	cfgemb	5	0.000	0/5	0/5	5	420	0.000
ctAwd	180000	usocket	9	cfg1	5	0.000	0/5	0/5	5	432	0.000
ctAwd	180000	usocket	9	cfgemb	5	0.000	0/5	0/5	5	432	0.000
ctAwd	180000	usocket	10	cfg1	5	0.000	0/5	0/5	5	368	0.000
ctAwd	180000	usocket	10	cfgemb	5	0.000	0/5	0/5	5	368	0.000
ctAwd	180000	usocket	11	cfg1	5	0.000	0/5	0/5	5	323	0.000
ctAwd	180000	usocket	11	cfgemb	5	0.000	0/5	0/5	5	323	0.000
ctAwd	180000	usocket	12	cfg1	5	0.253	0/5	0/5	3	338	0.253
ctAwd	180000	usocket	12	cfgemb	5	0.121	0/5	0/5	4	338	0.121
ctAwd	180000	usocket	13	cfg1	5	0.111	0/5	0/5	4	380	0.111
ctAwd	180000	usocket	13	cfgemb	5	0.076	0/5	0/5	4	380	0.076
ctAwd	180000	usocket	14	cfg1	5	0.089	0/5	0/5	4	348	0.089
ctAwd	180000	usocket	14	cfgemb	5	0.000	0/5	0/5	5	348	0.000
ctAwd	180000	usocket	15	cfg1	5	0.000	0/5	0/5	5	399	0.000
ctAwd	180000	usocket	15	cfgemb	5	0.000	0/5	0/5	5	399	0.000
ctAwd	180000	usocket	16	cfg1	5	0.000	0/5	0/5	5	463	0.000
ctAwd	180000	usocket	16	cfgemb	5	0.000	0/5	0/5	5	463	0.000
ctAwd	180000	usocket	17	cfg1	5	0.000	0/5	0/5	5	476	0.000
ctAwd	180000	usocket	17	cfgemb	5	0.000	0/5	0/5	5	476	0.000
ctAwd	180000	usocket	18	cfg1	5	0.000	0/5	0/5	5	501	0.000
ctAwd	180000	usocket	18	cfgemb	5	0.000	0/5	0/5	5	501	0.000
ctAwd	180000	usocket	19	cfg1	5	0.000	0/5	0/5	5	519	0.000
ctAwd	180000	usocket	19	cfgemb	5	0.000	0/5	0/5	5	519	0.000
ctAwd	180000	usocket	20	cfg1	5	0.000	0/5	0/5	5	564	0.000
ctAwd	180000	usocket	20	cfgemb	5	0.000	0/5	0/5	5	564	0.000
ctAwd	180000	usocket	21	cfg1	5	0.000	0/5	0/5	5	451	0.000
ctAwd	180000	usocket	21	cfgemb	5	0.000	0/5	0/5	5	451	0.000
ctAwd	180000	usocket	22	cfg1	5	0.114	0/5	0/5	4	389	0.114
ctAwd	180000	usocket	22	cfgemb	5	0.000	0/5	0/5	5	389	0.000
ctAwd	180000	usocket	23	cfg1	5	0.000	0/5	0/5	5	319	0.000
ctAwd	180000	usocket	23	cfgemb	5	0.000	0/5	0/5	5	319	0.000
ctAwd	180000	usocket	24	cfg1	5	0.000	0/5	0/5	5	291	0.000
ctAwd	180000	usocket	24	cfgemb	5	0.000	0/5	0/5	5	291	0.000
ctAwd	180000	usocket	25	cfg1	5	0.062	0/5	0/5	4	330	0.062
ctAwd	180000	usocket	25	cfgemb	5	0.086	0/5	0/5	4	330	0.086
ctAwd	180000	usocket	26	cfg1	5	0.000	0/5	0/5	5	362	0.000
ctAwd	180000	usocket	26	cfgemb	5	0.000	0/5	0/5	5	362	0.000
ctAwd	180000	usocket	27	cfg1	5	0.000	0/5	0/5	5	472	0.000
ctAwd	180000	usocket	27	cfgemb	5	0.000	0/5	0/5	5	472	0.000
ctAwd	180000	usocket	28	cfg1	5	0.051	0/5	0/5	4	548	0.051
ctAwd	180000	usocket	28	cfgemb	5	0.000	0/5	0/5	5	548	0.000
ctAwd	180000	usocket	29	cfg1	5	0.000	0/5	0/5	5	446	0.000
ctAwd	180000	usocket	29	cfgemb	5	0.000	0/5	0/5	5	446	0.000
ctAwd	180000	usocket	30	cfg1	5	0.000	0/5	0/5	5	399	0.000
ctAwd	180000	usocket	30	cfgemb	5	0.000	0/5	0/5	5	399	0.000
ctAwd	210000	chain	0	cfg1	80	0.652	20/80	14/80	8	688	0.667
ctAwd	210000	chain	0	cfgemb	80	0.404	18/80	4/80	37	688	0.373
ctAwd	210000	usocket	0	cfg1	80	0.649	28/80	22/80	12	318	0.648
ctAwd	210000	usocket	0	cfgemb	80	0.547	26/80	18/80	24	318	0.540
ctAwd	240000	chain	0	cfg1	80	0.630	19/80	13/80	11	688	0.632
ctAwd	240000	chain	0	cfgemb	80	0.317	9/80	2/80	44	688	0.372
ctAwd	240000	usocket	0	cfg1	80	0.617	28/80	24/80	17	318	0.612
ctAwd	240000	usocket	0	cfgemb	80	0.597	27/80	17/80	19	318	0.604
ctAwd	240000	usocket	1	cfg1	5	0.000	0/5	0/5	5	345	0.000
ctAwd	240000	usocket	1	cfgemb	5	0.000	0/5	0/5	5	345	0.000
ctAwd	240000	usocket	2	cfg1	5	0.010	0/5	0/5	5	307	0.010
ctAwd	240000	usocket	2	cfgemb	5	0.003	0/5	0/5	5	307	0.003
ctAwd	240000	usocket	3	cfg1	5	0.146	0/5	0/5	4	378	0.146
ctAwd	240000	usocket	3	cfgemb	5	0.151	0/5	0/5	4	378	0.151
ctAwd	240000	usocket	4	cfg1	5	0.000	0/5	0/5	5	333	0.000
ctAwd	240000	usocket	4	cfgemb	5	0.000	0/5	0/5	5	333	0.000
ctAwd	240000	usocket	5	cfg1	5	0.000	0/5	0/5	5	328	0.000
ctAwd	240000	usocket	5	cfgemb	5	0.000	0/5	0/5	5	328	0.000
ctAwd	240000	usocket	6	cfg1	5	0.000	0/5	0/5	5	367	0.000
ctAwd	240000	usocket	6	cfgemb	5	0.000	0/5	0/5	5	367	0.000
ctAwd	240000	usocket	7	cfg1	5	0.000	0/5	0/5	5	443	0.000
ctAwd	240000	usocket	7	cfgemb	5	0.000	0/5	0/5	5	443	0.000
ctAwd	240000	usocket	8	cfg1	5	0.000	0/5	0/5	5	420	0.000
ctAwd	240000	usocket	8	cfgemb	5	0.000	0/5	0/5	5	420	0.000
ctAwd	240000	usocket	9	cfg1	5	0.000	0/5	0/5	5	432	0.000
ctAwd	240000	usocket	9	cfgemb	5	0.000	0/5	0/5	5	432	0.000
ctAwd	240000	usocket	10	cfg1	5	0.129	0/5	0/5	4	368	0.129
ctAwd	240000	usocket	10	cfgemb	5	0.000	0/5	0/5	5	368	0.000
ctAwd	240000	usocket	11	cfg1	5	0.000	0/5	0/5	5	323	0.000
ctAwd	240000	usocket	11	cfgemb	5	0.000	0/5	0/5	5	323	0.000
ctAwd	240000	usocket	12	cfg1	5	0.157	0/5	0/5	4	338	0.157
ctAwd	240000	usocket	12	cfgemb	5	0.063	0/5	0/5	4	338	0.063
ctAwd	240000	usocket	13	cfg1	5	0.000	0/5	0/5	5	380	0.000
ctAwd	240000	usocket	13	cfgemb	5	0.081	0/5	0/5	4	380	0.081
ctAwd	240000	usocket	14	cfg1	5	0.000	0/5	0/5	5	348	0.000
ctAwd	240000	usocket	14	cfgemb	5	0.000	0/5	0/5	5	348	0.000
ctAwd	240000	usocket	15	cfg1	5	0.000	0/5	0/5	5	399	0.000
ctAwd	240000	usocket	15	cfgemb	5	0.000	0/5	0/5	5	399	0.000
ctAwd	240000	usocket	16	cfg1	5	0.000	0/5	0/5	5	463	0.000
ctAwd	240000	usocket	16	cfgemb	5	0.000	0/5	0/5	5	463	0.000
ctAwd	240000	usocket	17	cfg1	5	0.000	0/5	0/5	5	476	0.000
ctAwd	240000	usocket	17	cfgemb	5	0.000	0/5	0/5	5	476	0.000
ctAwd	240000	usocket	18	cfg1	5	0.000	0/5	0/5	5	501	0.000
ctAwd	240000	usocket	18	cfgemb	5	0.000	0/5	0/5	5	501	0.000
ctAwd	240000	usocket	19	cfg1	5	0.078	0/5	0/5	4	519	0.078
ctAwd	240000	usocket	19	cfgemb	5	0.000	0/5	0/5	5	519	0.000
ctAwd	240000	usocket	20	cfg1	5	0.000	0/5	0/5	5	564	0.000
ctAwd	240000	usocket	20	cfgemb	5	0.000	0/5	0/5	5	564	0.000
ctAwd	240000	usocket	21	cfg1	5	0.000	0/5	0/5	5	451	0.000
ctAwd	240000	usocket	21	cfgemb	5	0.035	0/5	0/5	4	451	0.035
ctAwd	240000	usocket	22	cfg1	5	0.077	0/5	0/5	4	389	0.077
ctAwd	240000	usocket	22	cfgemb	5	0.000	0/5	0/5	5	389	0.000
ctAwd	240000	usocket	23	cfg1	5	0.025	0/5	0/5	4	319	0.025
ctAwd	240000	usocket	23	cfgemb	5	0.000	0/5	0/5	5	319	0.000
ctAwd	240000	usocket	24	cfg1	5	0.119	0/5	0/5	4	291	0.119
ctAwd	240000	usocket	24	cfgemb	5	0.098	0/5	0/5	4	291	0.098
ctAwd	240000	usocket	25	cfg1	5	0.000	0/5	0/5	5	330	0.000
ctAwd	240000	usocket	25	cfgemb	5	0.000	0/5	0/5	5	330	0.000
ctAwd	240000	usocket	26	cfg1	5	0.000	0/5	0/5	5	362	0.000
ctAwd	240000	usocket	26	cfgemb	5	0.071	0/5	0/5	4	362	0.071
ctAwd	240000	usocket	27	cfg1	5	0.000	0/5	0/5	5	472	0.000
ctAwd	240000	usocket	27	cfgemb	5	0.000	0/5	0/5	5	472	0.000
ctAwd	240000	usocket	28	cfg1	5	0.000	0/5	0/5	5	548	0.000
ctAwd	240000	usocket	28	cfgemb	5	0.000	0/5	0/5	5	548	0.000
ctAwd	240000	usocket	29	cfg1	5	0.000	0/5	0/5	5	446	0.000
ctAwd	240000	usocket	29	cfgemb	5	0.000	0/5	0/5	5	446	0.000
ctAwd	240000	usocket	30	cfg1	5	0.000	0/5	0/5	5	399	0.000
ctAwd	240000	usocket	30	cfgemb	5	0.000	0/5	0/5	5	399	0.000
ctB	30000	chain	0	cfg1	80	0.435	8/80	2/80	24	688	0.441
ctB	30000	chain	0	cfgemb	80	0.226	2/80	0/80	49	688	0.254
ctB	30000	usocket	0	cfg1	80	0.302	6/80	0/80	39	318	0.283
ctB	30000	usocket	0	cfgemb	80	0.264	4/80	1/80	45	318	0.271
ctB	60000	chain	0	cfg1	80	0.462	15/80	6/80	29	688	0.441
ctB	60000	chain	0	cfgemb	80	0.373	8/80	0/80	34	688	0.401
ctB	60000	usocket	0	cfg1	80	0.452	14/80	6/80	22	318	0.471
ctB	60000	usocket	0	cfgemb	80	0.319	8/80	2/80	41	318	0.294
ctB	90000	chain	0	cfg1	80	0.491	15/80	8/80	26	688	0.473
ctB	90000	chain	0	cfgemb	80	0.367	14/80	3/80	39	688	0.316
ctB	90000	usocket	0	cfg1	80	0.532	20/80	13/80	22	318	0.489
ctB	90000	usocket	0	cfgemb	80	0.485	20/80	10/80	28	318	0.545
ctB	120000	chain	0	cfg1	80	0.513	19/80	12/80	23	688	0.470
ctB	120000	chain	0	cfgemb	80	0.221	9/80	0/80	56	688	0.195
ctB	120000	usocket	0	cfg1	80	0.617	21/80	15/80	13	318	0.580
ctB	120000	usocket	0	cfgemb	80	0.505	16/80	7/80	22	318	0.483
ctB	150000	chain	0	cfg1	80	0.547	18/80	13/80	19	688	0.523
ctB	150000	chain	0	cfgemb	80	0.347	14/80	4/80	39	688	0.264
ctB	150000	usocket	0	cfg1	80	0.629	25/80	19/80	13	318	0.651
ctB	150000	usocket	0	cfgemb	80	0.529	22/80	13/80	22	318	0.573
ctB	180000	chain	0	cfg1	80	0.585	25/80	16/80	18	688	0.582
ctB	180000	chain	0	cfgemb	80	0.256	9/80	3/80	51	688	0.312
ctB	180000	usocket	0	cfg1	40	0.588	14/40	9/40	9	318	nan
ctB	180000	usocket	0	cfgemb	80	0.565	18/80	15/80	19	318	0.596
ctB	210000	chain	0	cfg1	80	0.530	16/80	10/80	20	688	0.528
ctB	210000	chain	0	cfgemb	80	0.348	13/80	7/80	41	688	0.314
ctB	210000	usocket	0	cfg1	80	0.585	23/80	20/80	18	318	0.601
ctB	210000	usocket	0	cfgemb	80	0.567	26/80	14/80	21	318	0.572
ctB	240000	chain	0	cfg1	80	0.539	20/80	11/80	22	688	0.474
ctB	240000	chain	0	cfgemb	80	0.258	7/80	5/80	51	688	0.246
ctB	240000	usocket	0	cfg1	80	0.595	22/80	20/80	16	318	0.641
ctB	240000	usocket	0	cfgemb	80	0.512	17/80	11/80	25	318	0.532
dpch	30000	chain	0	cfgemb	80	0.317	4/80	1/80	36	688	0.329
dpch	60000	chain	0	cfgemb	80	0.380	6/80	1/80	29	688	0.384
dpch	90000	chain	0	cfgemb	80	0.428	8/80	1/80	23	688	0.457
dpch	120000	chain	0	cfgemb	80	0.485	11/80	2/80	18	688	0.479
dpch	150000	chain	0	cfgemb	80	0.465	11/80	3/80	19	688	0.482
dpch	180000	chain	0	cfgemb	80	0.567	12/80	4/80	10	688	0.541
dpch	210000	chain	0	cfgemb	80	0.522	11/80	5/80	14	688	0.538
dpch	240000	chain	0	cfgemb	80	0.552	14/80	6/80	12	688	0.583
dpct	30000	chain	0	cfgemb	80	0.408	6/80	2/80	26	688	0.399
dpct	30000	usocket	0	cfgemb	80	0.202	5/80	1/80	52	318	0.255
dpct	60000	chain	0	cfgemb	80	0.458	12/80	5/80	21	688	0.459
dpct	60000	usocket	0	cfgemb	80	0.360	6/80	0/80	33	318	0.379
dpct	90000	chain	0	cfgemb	80	0.482	10/80	2/80	15	688	0.540
dpct	90000	usocket	0	cfgemb	80	0.588	20/80	7/80	14	318	0.590
dpct	120000	chain	0	cfgemb	80	0.571	20/80	8/80	10	688	0.607
dpct	120000	usocket	0	cfgemb	80	0.617	18/80	7/80	9	318	0.607
dpct	120000	usocket	1	cfgemb	5	0.000	0/5	0/5	5	345	0.000
dpct	120000	usocket	2	cfgemb	5	0.000	0/5	0/5	5	307	0.000
dpct	120000	usocket	3	cfgemb	5	0.074	0/5	0/5	4	378	0.074
dpct	120000	usocket	4	cfgemb	5	0.102	0/5	0/5	4	333	0.102
dpct	120000	usocket	5	cfgemb	5	0.000	0/5	0/5	5	328	0.000
dpct	120000	usocket	6	cfgemb	5	0.000	0/5	0/5	5	367	0.000
dpct	120000	usocket	7	cfgemb	5	0.000	0/5	0/5	5	443	0.000
dpct	120000	usocket	8	cfgemb	5	0.000	0/5	0/5	5	420	0.000
dpct	120000	usocket	9	cfgemb	5	0.000	0/5	0/5	5	432	0.000
dpct	120000	usocket	10	cfgemb	5	0.000	0/5	0/5	5	368	0.000
dpct	120000	usocket	11	cfgemb	5	0.038	0/5	0/5	4	323	0.038
dpct	120000	usocket	12	cfgemb	5	0.464	0/5	0/5	0	338	0.464
dpct	120000	usocket	13	cfgemb	5	0.133	0/5	0/5	3	380	0.133
dpct	120000	usocket	14	cfgemb	5	0.193	0/5	0/5	3	348	0.193
dpct	120000	usocket	15	cfgemb	5	0.000	0/5	0/5	5	399	0.000
dpct	120000	usocket	16	cfgemb	5	0.000	0/5	0/5	5	463	0.000
dpct	120000	usocket	17	cfgemb	5	0.000	0/5	0/5	5	476	0.000
dpct	120000	usocket	18	cfgemb	5	0.000	0/5	0/5	5	501	0.000
dpct	120000	usocket	19	cfgemb	5	0.000	0/5	0/5	5	519	0.000
dpct	120000	usocket	20	cfgemb	5	0.000	0/5	0/5	5	564	0.000
dpct	120000	usocket	21	cfgemb	5	0.075	0/5	0/5	4	451	0.075
dpct	120000	usocket	22	cfgemb	5	0.000	0/5	0/5	5	389	0.000
dpct	120000	usocket	23	cfgemb	5	0.253	0/5	0/5	2	319	0.253
dpct	120000	usocket	24	cfgemb	5	0.426	0/5	0/5	0	291	0.426
dpct	120000	usocket	25	cfgemb	5	0.137	0/5	0/5	3	330	0.137
dpct	120000	usocket	26	cfgemb	5	0.148	0/5	0/5	3	362	0.148
dpct	120000	usocket	27	cfgemb	5	0.000	0/5	0/5	5	472	0.000
dpct	120000	usocket	28	cfgemb	5	0.000	0/5	0/5	5	548	0.000
dpct	120000	usocket	29	cfgemb	5	0.101	0/5	0/5	4	446	0.101
dpct	120000	usocket	30	cfgemb	5	0.000	0/5	0/5	5	399	0.000
dpct	150000	chain	0	cfgemb	80	0.546	16/80	4/80	13	688	0.521
dpct	150000	usocket	0	cfgemb	80	0.648	22/80	11/80	9	318	0.631
dpct	180000	chain	0	cfgemb	80	0.599	17/80	9/80	10	688	0.623
dpct	180000	usocket	0	cfgemb	80	0.688	26/80	19/80	8	318	0.688
dpct	180000	usocket	1	cfgemb	5	0.000	0/5	0/5	5	345	0.000
dpct	180000	usocket	2	cfgemb	5	0.000	0/5	0/5	5	307	0.000
dpct	180000	usocket	3	cfgemb	5	0.090	0/5	0/5	4	378	0.090
dpct	180000	usocket	4	cfgemb	5	0.093	0/5	0/5	4	333	0.093
dpct	180000	usocket	5	cfgemb	5	0.076	0/5	0/5	4	328	0.076
dpct	180000	usocket	6	cfgemb	5	0.000	0/5	0/5	5	367	0.000
dpct	180000	usocket	7	cfgemb	5	0.044	0/5	0/5	4	443	0.044
dpct	180000	usocket	8	cfgemb	5	0.000	0/5	0/5	5	420	0.000
dpct	180000	usocket	9	cfgemb	5	0.000	0/5	0/5	5	432	0.000
dpct	180000	usocket	10	cfgemb	5	0.101	0/5	0/5	4	368	0.101
dpct	180000	usocket	11	cfgemb	5	0.012	0/5	0/5	5	323	0.012
dpct	180000	usocket	12	cfgemb	5	0.247	0/5	0/5	2	338	0.247
dpct	180000	usocket	13	cfgemb	5	0.183	1/5	0/5	4	380	0.183
dpct	180000	usocket	14	cfgemb	5	0.079	0/5	0/5	4	348	0.079
dpct	180000	usocket	15	cfgemb	5	0.105	0/5	0/5	4	399	0.105
dpct	180000	usocket	16	cfgemb	5	0.000	0/5	0/5	5	463	0.000
dpct	180000	usocket	17	cfgemb	5	0.000	0/5	0/5	5	476	0.000
dpct	180000	usocket	18	cfgemb	5	0.000	0/5	0/5	5	501	0.000
dpct	180000	usocket	19	cfgemb	5	0.000	0/5	0/5	5	519	0.000
dpct	180000	usocket	20	cfgemb	5	0.000	0/5	0/5	5	564	0.000
dpct	180000	usocket	21	cfgemb	5	0.118	0/5	0/5	4	451	0.118
dpct	180000	usocket	22	cfgemb	5	0.006	0/5	0/5	5	389	0.006
dpct	180000	usocket	23	cfgemb	5	0.292	0/5	0/5	0	319	0.292
dpct	180000	usocket	24	cfgemb	5	0.273	0/5	0/5	2	291	0.273
dpct	180000	usocket	25	cfgemb	5	0.185	0/5	0/5	2	330	0.185
dpct	180000	usocket	26	cfgemb	5	0.103	0/5	0/5	2	362	0.103
dpct	180000	usocket	27	cfgemb	5	0.000	0/5	0/5	5	472	0.000
dpct	180000	usocket	28	cfgemb	5	0.000	0/5	0/5	5	548	0.000
dpct	180000	usocket	29	cfgemb	5	0.000	0/5	0/5	5	446	0.000
dpct	180000	usocket	30	cfgemb	5	0.000	0/5	0/5	5	399	0.000
dpct	210000	chain	0	cfgemb	80	0.608	25/80	14/80	11	688	0.595
dpct	210000	usocket	0	cfgemb	80	0.722	29/80	19/80	4	318	0.702
dpct	240000	chain	0	cfgemb	80	0.610	23/80	11/80	10	688	0.624
dpct	240000	usocket	0	cfgemb	80	0.735	28/80	20/80	3	318	0.748
dpct	240000	usocket	1	cfgemb	5	0.000	0/5	0/5	5	345	0.000
dpct	240000	usocket	2	cfgemb	5	0.000	0/5	0/5	5	307	0.000
dpct	240000	usocket	3	cfgemb	5	0.000	0/5	0/5	5	378	0.000
dpct	240000	usocket	4	cfgemb	5	0.000	0/5	0/5	5	333	0.000
dpct	240000	usocket	5	cfgemb	5	0.000	0/5	0/5	5	328	0.000
dpct	240000	usocket	6	cfgemb	5	0.000	0/5	0/5	5	367	0.000
dpct	240000	usocket	7	cfgemb	5	0.000	0/5	0/5	5	443	0.000
dpct	240000	usocket	8	cfgemb	5	0.000	0/5	0/5	5	420	0.000
dpct	240000	usocket	9	cfgemb	5	0.000	0/5	0/5	5	432	0.000
dpct	240000	usocket	10	cfgemb	5	0.000	0/5	0/5	5	368	0.000
dpct	240000	usocket	11	cfgemb	5	0.130	0/5	0/5	3	323	0.130
dpct	240000	usocket	12	cfgemb	5	0.114	0/5	0/5	4	338	0.114
dpct	240000	usocket	13	cfgemb	5	0.194	0/5	0/5	3	380	0.194
dpct	240000	usocket	14	cfgemb	5	0.083	0/5	0/5	4	348	0.083
dpct	240000	usocket	15	cfgemb	5	0.000	0/5	0/5	5	399	0.000
dpct	240000	usocket	16	cfgemb	5	0.000	0/5	0/5	5	463	0.000
dpct	240000	usocket	17	cfgemb	5	0.000	0/5	0/5	5	476	0.000
dpct	240000	usocket	18	cfgemb	5	0.000	0/5	0/5	5	501	0.000
dpct	240000	usocket	19	cfgemb	5	0.000	0/5	0/5	5	519	0.000
dpct	240000	usocket	20	cfgemb	5	0.000	0/5	0/5	5	564	0.000
dpct	240000	usocket	21	cfgemb	5	0.088	0/5	0/5	4	451	0.088
dpct	240000	usocket	22	cfgemb	5	0.000	0/5	0/5	5	389	0.000
dpct	240000	usocket	23	cfgemb	5	0.318	0/5	0/5	2	319	0.318
dpct	240000	usocket	24	cfgemb	5	0.384	0/5	0/5	1	291	0.384
dpct	240000	usocket	25	cfgemb	5	0.155	0/5	0/5	3	330	0.155
dpct	240000	usocket	26	cfgemb	5	0.142	0/5	0/5	2	362	0.142
dpct	240000	usocket	27	cfgemb	5	0.000	0/5	0/5	5	472	0.000
dpct	240000	usocket	28	cfgemb	5	0.000	0/5	0/5	5	548	0.000
dpct	240000	usocket	29	cfgemb	5	0.000	0/5	0/5	5	446	0.000
dpct	240000	usocket	30	cfgemb	5	0.000	0/5	0/5	5	399	0.000
dpus	30000	usocket	0	cfgemb	80	0.179	2/80	1/80	53	318	0.183
dpus	60000	usocket	0	cfgemb	80	0.429	9/80	2/80	26	318	0.431
dpus	90000	usocket	0	cfgemb	80	0.495	13/80	9/80	20	318	0.490
dpus	120000	usocket	0	cfgemb	80	0.599	21/80	7/80	14	318	0.557
dpus	120000	usocket	1	cfgemb	5	0.000	0/5	0/5	5	345	0.000
dpus	120000	usocket	2	cfgemb	5	0.046	0/5	0/5	4	307	0.046
dpus	120000	usocket	3	cfgemb	5	0.199	0/5	0/5	3	378	0.199
dpus	120000	usocket	4	cfgemb	5	0.136	0/5	0/5	4	333	0.136
dpus	120000	usocket	5	cfgemb	5	0.012	0/5	0/5	5	328	0.012
dpus	120000	usocket	6	cfgemb	5	0.000	0/5	0/5	5	367	0.000
dpus	120000	usocket	7	cfgemb	5	0.000	0/5	0/5	5	443	0.000
dpus	120000	usocket	8	cfgemb	5	0.000	0/5	0/5	5	420	0.000
dpus	120000	usocket	9	cfgemb	5	0.053	0/5	0/5	4	432	0.053
dpus	120000	usocket	10	cfgemb	5	0.026	0/5	0/5	4	368	0.026
dpus	120000	usocket	11	cfgemb	5	0.098	0/5	0/5	4	323	0.098
dpus	120000	usocket	12	cfgemb	5	0.235	0/5	0/5	3	338	0.235
dpus	120000	usocket	13	cfgemb	5	0.238	0/5	0/5	3	380	0.238
dpus	120000	usocket	14	cfgemb	5	0.200	0/5	0/5	2	348	0.200
dpus	120000	usocket	15	cfgemb	5	0.035	0/5	0/5	4	399	0.035
dpus	120000	usocket	16	cfgemb	5	0.096	0/5	0/5	4	463	0.096
dpus	120000	usocket	17	cfgemb	5	0.000	0/5	0/5	5	476	0.000
dpus	120000	usocket	18	cfgemb	5	0.000	0/5	0/5	5	501	0.000
dpus	120000	usocket	19	cfgemb	5	0.000	0/5	0/5	5	519	0.000
dpus	120000	usocket	20	cfgemb	5	0.000	0/5	0/5	5	564	0.000
dpus	120000	usocket	21	cfgemb	5	0.063	0/5	0/5	4	451	0.063
dpus	120000	usocket	22	cfgemb	5	0.000	0/5	0/5	5	389	0.000
dpus	120000	usocket	23	cfgemb	5	0.038	0/5	0/5	4	319	0.038
dpus	120000	usocket	24	cfgemb	5	0.155	0/5	0/5	3	291	0.155
dpus	120000	usocket	25	cfgemb	5	0.041	0/5	0/5	4	330	0.041
dpus	120000	usocket	26	cfgemb	5	0.044	0/5	0/5	4	362	0.044
dpus	120000	usocket	27	cfgemb	5	0.000	0/5	0/5	5	472	0.000
dpus	120000	usocket	28	cfgemb	5	0.000	0/5	0/5	5	548	0.000
dpus	120000	usocket	29	cfgemb	5	0.027	0/5	0/5	4	446	0.027
dpus	120000	usocket	30	cfgemb	5	0.153	0/5	0/5	4	399	0.153
dpus	150000	usocket	0	cfgemb	80	0.634	20/80	10/80	10	318	0.605
dpus	180000	usocket	0	cfgemb	80	0.682	27/80	19/80	8	318	0.678
dpus	180000	usocket	1	cfgemb	5	0.000	0/5	0/5	5	345	0.000
dpus	180000	usocket	2	cfgemb	5	0.000	0/5	0/5	5	307	0.000
dpus	180000	usocket	3	cfgemb	5	0.215	0/5	0/5	3	378	0.215
dpus	180000	usocket	4	cfgemb	5	0.000	0/5	0/5	5	333	0.000
dpus	180000	usocket	5	cfgemb	5	0.000	0/5	0/5	5	328	0.000
dpus	180000	usocket	6	cfgemb	5	0.000	0/5	0/5	5	367	0.000
dpus	180000	usocket	7	cfgemb	5	0.094	0/5	0/5	4	443	0.094
dpus	180000	usocket	8	cfgemb	5	0.082	0/5	0/5	4	420	0.082
dpus	180000	usocket	9	cfgemb	5	0.000	0/5	0/5	5	432	0.000
dpus	180000	usocket	10	cfgemb	5	0.072	0/5	0/5	4	368	0.072
dpus	180000	usocket	11	cfgemb	5	0.000	0/5	0/5	5	323	0.000
dpus	180000	usocket	12	cfgemb	5	0.238	0/5	0/5	2	338	0.238
dpus	180000	usocket	13	cfgemb	5	0.103	0/5	0/5	4	380	0.103
dpus	180000	usocket	14	cfgemb	5	0.032	0/5	0/5	4	348	0.032
dpus	180000	usocket	15	cfgemb	5	0.000	0/5	0/5	5	399	0.000
dpus	180000	usocket	16	cfgemb	5	0.092	0/5	0/5	4	463	0.092
dpus	180000	usocket	17	cfgemb	5	0.000	0/5	0/5	5	476	0.000
dpus	180000	usocket	18	cfgemb	5	0.026	0/5	0/5	4	501	0.026
dpus	180000	usocket	19	cfgemb	5	0.109	0/5	0/5	4	519	0.109
dpus	180000	usocket	20	cfgemb	5	0.000	0/5	0/5	5	564	0.000
dpus	180000	usocket	21	cfgemb	5	0.132	0/5	0/5	3	451	0.132
dpus	180000	usocket	22	cfgemb	5	0.133	0/5	0/5	3	389	0.133
dpus	180000	usocket	23	cfgemb	5	0.000	0/5	0/5	5	319	0.000
dpus	180000	usocket	24	cfgemb	5	0.112	0/5	0/5	4	291	0.112
dpus	180000	usocket	25	cfgemb	5	0.261	1/5	0/5	3	330	0.261
dpus	180000	usocket	26	cfgemb	5	0.015	0/5	0/5	5	362	0.015
dpus	180000	usocket	27	cfgemb	5	0.099	0/5	0/5	4	472	0.099
dpus	180000	usocket	28	cfgemb	5	0.000	0/5	0/5	5	548	0.000
dpus	180000	usocket	29	cfgemb	5	0.000	0/5	0/5	5	446	0.000
dpus	180000	usocket	30	cfgemb	5	0.000	0/5	0/5	5	399	0.000
dpus	210000	usocket	0	cfgemb	80	0.651	21/80	15/80	9	318	0.605
dpus	240000	usocket	0	cfgemb	80	0.655	24/80	20/80	10	318	0.599
dpus	240000	usocket	1	cfgemb	5	0.000	0/5	0/5	5	345	0.000
dpus	240000	usocket	2	cfgemb	5	0.045	0/5	0/5	4	307	0.045
dpus	240000	usocket	3	cfgemb	5	0.136	0/5	0/5	4	378	0.136
dpus	240000	usocket	4	cfgemb	5	0.112	0/5	0/5	4	333	0.112
dpus	240000	usocket	5	cfgemb	5	0.000	0/5	0/5	5	328	0.000
dpus	240000	usocket	6	cfgemb	5	0.000	0/5	0/5	5	367	0.000
dpus	240000	usocket	7	cfgemb	5	0.000	0/5	0/5	5	443	0.000
dpus	240000	usocket	8	cfgemb	5	0.000	0/5	0/5	5	420	0.000
dpus	240000	usocket	9	cfgemb	5	0.000	0/5	0/5	5	432	0.000
dpus	240000	usocket	10	cfgemb	5	0.052	0/5	0/5	4	368	0.052
dpus	240000	usocket	11	cfgemb	5	0.000	0/5	0/5	5	323	0.000
dpus	240000	usocket	12	cfgemb	5	0.345	0/5	0/5	2	338	0.345
dpus	240000	usocket	13	cfgemb	5	0.124	0/5	0/5	3	380	0.124
dpus	240000	usocket	14	cfgemb	5	0.159	0/5	0/5	2	348	0.159
dpus	240000	usocket	15	cfgemb	5	0.000	0/5	0/5	5	399	0.000
dpus	240000	usocket	16	cfgemb	5	0.000	0/5	0/5	5	463	0.000
dpus	240000	usocket	17	cfgemb	5	0.000	0/5	0/5	5	476	0.000
dpus	240000	usocket	18	cfgemb	5	0.000	0/5	0/5	5	501	0.000
dpus	240000	usocket	19	cfgemb	5	0.000	0/5	0/5	5	519	0.000
dpus	240000	usocket	20	cfgemb	5	0.000	0/5	0/5	5	564	0.000
dpus	240000	usocket	21	cfgemb	5	0.000	0/5	0/5	5	451	0.000
dpus	240000	usocket	22	cfgemb	5	0.057	0/5	0/5	4	389	0.057
dpus	240000	usocket	23	cfgemb	5	0.000	0/5	0/5	5	319	0.000
dpus	240000	usocket	24	cfgemb	5	0.223	0/5	0/5	3	291	0.223
dpus	240000	usocket	25	cfgemb	5	0.000	0/5	0/5	5	330	0.000
dpus	240000	usocket	26	cfgemb	5	0.000	0/5	0/5	5	362	0.000
dpus	240000	usocket	27	cfgemb	5	0.155	0/5	0/5	4	472	0.155
dpus	240000	usocket	28	cfgemb	5	0.000	0/5	0/5	5	548	0.000
dpus	240000	usocket	29	cfgemb	5	0.000	0/5	0/5	5	446	0.000
dpus	240000	usocket	30	cfgemb	5	0.000	0/5	0/5	5	399	0.000
s3ctA	30000	chain	0	cfg1	80	0.486	11/80	2/80	21	688	0.497
s3ctA	30000	chain	0	cfgemb	80	0.155	2/80	0/80	60	688	0.117
s3ctA	30000	usocket	0	cfg1	80	0.413	11/80	4/80	33	318	0.374
s3ctA	30000	usocket	0	cfgemb	80	0.373	8/80	0/80	33	318	0.400
s3ctA	60000	chain	0	cfg1	80	0.549	17/80	9/80	18	688	0.555
s3ctA	60000	chain	0	cfgemb	80	0.382	8/80	4/80	33	688	0.375
s3ctA	60000	usocket	0	cfg1	80	0.501	14/80	5/80	23	318	0.501
s3ctA	60000	usocket	0	cfgemb	80	0.449	13/80	6/80	28	318	0.471
s3ctA	90000	chain	0	cfg1	80	0.574	20/80	8/80	19	688	0.603
s3ctA	90000	chain	0	cfgemb	80	0.358	10/80	1/80	39	688	0.381
s3ctA	90000	usocket	0	cfg1	80	0.606	25/80	19/80	15	318	0.540
s3ctA	90000	usocket	0	cfgemb	80	0.580	23/80	9/80	17	318	0.612
s3ctA	120000	chain	0	cfg1	40	0.594	6/40	5/40	6	688	0.594
s3ctA	120000	chain	0	cfgemb	80	0.418	13/80	2/80	33	688	0.491
s3ctA	120000	chain	1	cfgemb	5	0.100	0/5	0/5	4	745	0.100
s3ctA	120000	chain	2	cfgemb	5	0.151	0/5	0/5	4	663	0.151
s3ctA	120000	chain	3	cfgemb	5	0.271	0/5	0/5	3	817	0.271
s3ctA	120000	chain	4	cfgemb	5	0.000	0/5	0/5	5	719	0.000
s3ctA	120000	chain	5	cfgemb	5	0.000	0/5	0/5	5	710	0.000
s3ctA	120000	chain	6	cfg1	5	0.709	1/5	1/5	0	792	0.709
s3ctA	120000	chain	6	cfgemb	5	0.000	0/5	0/5	5	792	0.000
s3ctA	120000	chain	7	cfg1	5	0.509	2/5	1/5	2	957	0.509
s3ctA	120000	chain	7	cfgemb	5	0.137	0/5	0/5	4	957	0.137
s3ctA	120000	chain	8	cfg1	5	0.003	0/5	0/5	5	908	0.003
s3ctA	120000	chain	8	cfgemb	5	0.174	1/5	0/5	4	908	0.174
s3ctA	120000	chain	9	cfg1	5	0.293	1/5	0/5	3	933	0.293
s3ctA	120000	chain	9	cfgemb	5	0.000	0/5	0/5	5	933	0.000
s3ctA	120000	chain	10	cfg1	5	0.469	1/5	0/5	2	794	0.469
s3ctA	120000	chain	10	cfgemb	5	0.326	0/5	0/5	2	794	0.326
s3ctA	120000	chain	11	cfg1	5	0.497	2/5	2/5	2	698	0.497
s3ctA	120000	chain	11	cfgemb	5	0.000	0/5	0/5	5	698	0.000
s3ctA	120000	chain	12	cfg1	5	0.390	0/5	0/5	1	730	0.390
s3ctA	120000	chain	12	cfgemb	5	0.122	0/5	0/5	4	730	0.122
s3ctA	120000	chain	13	cfg1	5	0.509	2/5	0/5	2	820	0.509
s3ctA	120000	chain	13	cfgemb	5	0.401	1/5	0/5	2	820	0.401
s3ctA	120000	chain	14	cfg1	5	0.414	1/5	0/5	2	751	0.414
s3ctA	120000	chain	14	cfgemb	5	0.272	0/5	0/5	3	751	0.272
s3ctA	120000	chain	15	cfg1	5	0.412	0/5	0/5	2	861	0.412
s3ctA	120000	chain	15	cfgemb	5	0.000	0/5	0/5	5	861	0.000
s3ctA	120000	chain	16	cfg1	5	0.468	1/5	1/5	2	1001	0.468
s3ctA	120000	chain	17	cfg1	5	0.258	1/5	1/5	3	1029	0.258
s3ctA	120000	chain	18	cfg1	5	0.648	2/5	1/5	1	1082	0.648
s3ctA	120000	chain	19	cfg1	5	0.558	3/5	1/5	2	1122	0.558
s3ctA	120000	chain	20	cfg1	5	0.276	0/5	0/5	3	1218	0.276
s3ctA	120000	chain	26	cfg1	5	0.577	1/5	0/5	1	783	0.577
s3ctA	120000	chain	26	cfgemb	5	0.272	0/5	0/5	3	783	0.272
s3ctA	120000	chain	27	cfg1	5	0.403	0/5	0/5	2	1020	0.403
s3ctA	120000	chain	27	cfgemb	5	0.130	0/5	0/5	4	1020	0.130
s3ctA	120000	chain	28	cfg1	5	0.332	1/5	1/5	3	1184	0.332
s3ctA	120000	chain	28	cfgemb	5	0.000	0/5	0/5	5	1184	0.000
s3ctA	120000	chain	29	cfg1	5	0.364	0/5	0/5	2	963	0.364
s3ctA	120000	chain	29	cfgemb	5	0.184	1/5	0/5	4	963	0.184
s3ctA	120000	chain	30	cfg1	5	0.163	1/5	0/5	4	862	0.163
s3ctA	120000	chain	30	cfgemb	5	0.000	0/5	0/5	5	862	0.000
s3ctA	120000	usocket	0	cfg1	80	0.633	27/80	20/80	13	318	0.608
s3ctA	120000	usocket	0	cfgemb	80	0.578	25/80	17/80	19	318	0.575
s3ctA	120000	usocket	1	cfg1	5	0.000	0/5	0/5	5	345	0.000
s3ctA	120000	usocket	1	cfgemb	5	0.000	0/5	0/5	5	345	0.000
s3ctA	120000	usocket	2	cfg1	5	0.069	0/5	0/5	4	307	0.069
s3ctA	120000	usocket	2	cfgemb	5	0.004	0/5	0/5	5	307	0.004
s3ctA	120000	usocket	3	cfg1	5	0.000	0/5	0/5	5	378	0.000
s3ctA	120000	usocket	3	cfgemb	5	0.000	0/5	0/5	5	378	0.000
s3ctA	120000	usocket	4	cfg1	5	0.000	0/5	0/5	5	333	0.000
s3ctA	120000	usocket	4	cfgemb	5	0.000	0/5	0/5	5	333	0.000
s3ctA	120000	usocket	5	cfg1	5	0.000	0/5	0/5	5	328	0.000
s3ctA	120000	usocket	5	cfgemb	5	0.000	0/5	0/5	5	328	0.000
s3ctA	120000	usocket	6	cfg1	5	0.000	0/5	0/5	5	367	0.000
s3ctA	120000	usocket	6	cfgemb	5	0.013	0/5	0/5	5	367	0.013
s3ctA	120000	usocket	7	cfg1	5	0.000	0/5	0/5	5	443	0.000
s3ctA	120000	usocket	7	cfgemb	5	0.000	0/5	0/5	5	443	0.000
s3ctA	120000	usocket	8	cfg1	5	0.000	0/5	0/5	5	420	0.000
s3ctA	120000	usocket	8	cfgemb	5	0.000	0/5	0/5	5	420	0.000
s3ctA	120000	usocket	9	cfg1	5	0.129	0/5	0/5	4	432	0.129
s3ctA	120000	usocket	9	cfgemb	5	0.000	0/5	0/5	5	432	0.000
s3ctA	120000	usocket	10	cfg1	5	0.103	0/5	0/5	4	368	0.103
s3ctA	120000	usocket	10	cfgemb	5	0.006	0/5	0/5	5	368	0.006
s3ctA	120000	usocket	11	cfg1	5	0.000	0/5	0/5	5	323	0.000
s3ctA	120000	usocket	11	cfgemb	5	0.000	0/5	0/5	5	323	0.000
s3ctA	120000	usocket	12	cfg1	5	0.054	0/5	0/5	4	338	0.054
s3ctA	120000	usocket	12	cfgemb	5	0.072	0/5	0/5	4	338	0.072
s3ctA	120000	usocket	13	cfg1	5	0.004	0/5	0/5	5	380	0.004
s3ctA	120000	usocket	13	cfgemb	5	0.000	0/5	0/5	5	380	0.000
s3ctA	120000	usocket	14	cfg1	5	0.000	0/5	0/5	5	348	0.000
s3ctA	120000	usocket	14	cfgemb	5	0.000	0/5	0/5	5	348	0.000
s3ctA	120000	usocket	15	cfg1	5	0.000	0/5	0/5	5	399	0.000
s3ctA	120000	usocket	15	cfgemb	5	0.000	0/5	0/5	5	399	0.000
s3ctA	120000	usocket	16	cfg1	5	0.000	0/5	0/5	5	463	0.000
s3ctA	120000	usocket	16	cfgemb	5	0.053	0/5	0/5	4	463	0.053
s3ctA	120000	usocket	17	cfg1	5	0.000	0/5	0/5	5	476	0.000
s3ctA	120000	usocket	17	cfgemb	5	0.000	0/5	0/5	5	476	0.000
s3ctA	120000	usocket	18	cfg1	5	0.000	0/5	0/5	5	501	0.000
s3ctA	120000	usocket	18	cfgemb	5	0.000	0/5	0/5	5	501	0.000
s3ctA	120000	usocket	19	cfg1	5	0.187	1/5	0/5	4	519	0.187
s3ctA	120000	usocket	19	cfgemb	5	0.000	0/5	0/5	5	519	0.000
s3ctA	120000	usocket	20	cfg1	5	0.000	0/5	0/5	5	564	0.000
s3ctA	120000	usocket	20	cfgemb	5	0.000	0/5	0/5	5	564	0.000
s3ctA	120000	usocket	21	cfg1	5	0.000	0/5	0/5	5	451	0.000
s3ctA	120000	usocket	21	cfgemb	5	0.000	0/5	0/5	5	451	0.000
s3ctA	120000	usocket	22	cfg1	5	0.134	0/5	0/5	4	389	0.134
s3ctA	120000	usocket	22	cfgemb	5	0.000	0/5	0/5	5	389	0.000
s3ctA	120000	usocket	23	cfg1	5	0.000	0/5	0/5	5	319	0.000
s3ctA	120000	usocket	23	cfgemb	5	0.000	0/5	0/5	5	319	0.000
s3ctA	120000	usocket	24	cfg1	5	0.138	0/5	0/5	4	291	0.138
s3ctA	120000	usocket	24	cfgemb	5	0.086	0/5	0/5	4	291	0.086
s3ctA	120000	usocket	25	cfg1	5	0.191	0/5	0/5	3	330	0.191
s3ctA	120000	usocket	25	cfgemb	5	0.000	0/5	0/5	5	330	0.000
s3ctA	120000	usocket	26	cfg1	5	0.019	0/5	0/5	5	362	0.019
s3ctA	120000	usocket	26	cfgemb	5	0.007	0/5	0/5	5	362	0.007
s3ctA	120000	usocket	27	cfg1	5	0.029	0/5	0/5	4	472	0.029
s3ctA	120000	usocket	27	cfgemb	5	0.000	0/5	0/5	5	472	0.000
s3ctA	120000	usocket	28	cfg1	5	0.000	0/5	0/5	5	548	0.000
s3ctA	120000	usocket	28	cfgemb	5	0.000	0/5	0/5	5	548	0.000
s3ctA	120000	usocket	29	cfg1	5	0.000	0/5	0/5	5	446	0.000
s3ctA	120000	usocket	29	cfgemb	5	0.000	0/5	0/5	5	446	0.000
s3ctA	120000	usocket	30	cfg1	5	0.166	1/5	0/5	4	399	0.166
s3ctA	120000	usocket	30	cfgemb	5	0.000	0/5	0/5	5	399	0.000
s3ctA	150000	chain	0	cfgemb	80	0.348	15/80	4/80	42	688	0.366
s3ctA	150000	usocket	0	cfg1	80	0.591	25/80	18/80	18	318	0.589
s3ctA	150000	usocket	0	cfgemb	40	0.574	8/40	5/40	8	318	0.574
s3ctA	180000	chain	0	cfg1	80	0.674	27/80	21/80	10	688	0.700
s3ctA	180000	chain	0	cfgemb	80	0.365	13/80	5/80	40	688	0.400
s3ctA	180000	chain	1	cfg1	5	0.273	0/5	0/5	3	745	0.273
s3ctA	180000	chain	1	cfgemb	5	0.128	0/5	0/5	4	745	0.128
s3ctA	180000	chain	2	cfg1	5	0.138	0/5	0/5	4	663	0.138
s3ctA	180000	chain	2	cfgemb	5	0.138	0/5	0/5	4	663	0.138
s3ctA	180000	chain	3	cfg1	5	0.138	0/5	0/5	4	817	0.138
s3ctA	180000	chain	3	cfgemb	5	0.000	0/5	0/5	5	817	0.000
s3ctA	180000	chain	4	cfg1	5	0.413	0/5	0/5	2	719	0.413
s3ctA	180000	chain	4	cfgemb	5	0.118	0/5	0/5	4	719	0.118
s3ctA	180000	chain	5	cfg1	5	0.423	1/5	1/5	2	710	0.423
s3ctA	180000	chain	5	cfgemb	5	0.136	0/5	0/5	4	710	0.136
s3ctA	180000	chain	6	cfg1	5	0.500	2/5	1/5	2	792	0.500
s3ctA	180000	chain	6	cfgemb	5	0.125	0/5	0/5	4	792	0.125
s3ctA	180000	chain	7	cfg1	5	0.189	1/5	0/5	4	957	0.189
s3ctA	180000	chain	7	cfgemb	5	0.119	0/5	0/5	4	957	0.119
s3ctA	180000	chain	8	cfg1	5	0.499	2/5	1/5	2	908	0.499
s3ctA	180000	chain	8	cfgemb	5	0.134	0/5	0/5	4	908	0.134
s3ctA	180000	chain	9	cfg1	5	0.321	1/5	0/5	3	933	0.321
s3ctA	180000	chain	9	cfgemb	5	0.000	0/5	0/5	5	933	0.000
s3ctA	180000	chain	10	cfg1	5	0.326	1/5	1/5	3	794	0.326
s3ctA	180000	chain	10	cfgemb	5	0.000	0/5	0/5	5	794	0.000
s3ctA	180000	chain	11	cfg1	5	0.659	3/5	1/5	1	698	0.659
s3ctA	180000	chain	11	cfgemb	5	0.211	1/5	0/5	3	698	0.211
s3ctA	180000	chain	12	cfg1	5	0.733	1/5	1/5	0	730	0.733
s3ctA	180000	chain	12	cfgemb	5	0.000	0/5	0/5	5	730	0.000
s3ctA	180000	chain	13	cfg1	5	0.588	1/5	1/5	1	820	0.588
s3ctA	180000	chain	13	cfgemb	5	0.119	0/5	0/5	4	820	0.119
s3ctA	180000	chain	14	cfg1	5	0.690	3/5	1/5	1	751	0.690
s3ctA	180000	chain	14	cfgemb	5	0.345	0/5	0/5	2	751	0.345
s3ctA	180000	chain	15	cfg1	5	0.267	0/5	0/5	3	861	0.267
s3ctA	180000	chain	15	cfgemb	5	0.000	0/5	0/5	5	861	0.000
s3ctA	180000	chain	16	cfg1	5	0.470	1/5	1/5	2	1001	0.470
s3ctA	180000	chain	16	cfgemb	5	0.083	0/5	0/5	4	1001	0.083
s3ctA	180000	chain	17	cfg1	5	0.190	1/5	1/5	4	1029	0.190
s3ctA	180000	chain	17	cfgemb	5	0.000	0/5	0/5	5	1029	0.000
s3ctA	180000	chain	18	cfg1	5	0.611	1/5	1/5	1	1082	0.611
s3ctA	180000	chain	18	cfgemb	5	0.138	0/5	0/5	4	1082	0.138
s3ctA	180000	chain	19	cfg1	5	0.332	1/5	1/5	3	1122	0.332
s3ctA	180000	chain	19	cfgemb	5	0.136	0/5	0/5	4	1122	0.136
s3ctA	180000	chain	20	cfg1	5	0.138	0/5	0/5	4	1218	0.138
s3ctA	180000	chain	20	cfgemb	5	0.332	1/5	1/5	3	1218	0.332
s3ctA	180000	chain	21	cfg1	5	0.271	0/5	0/5	3	974	0.271
s3ctA	180000	chain	21	cfgemb	5	0.272	0/5	0/5	3	974	0.272
s3ctA	180000	chain	22	cfg1	5	0.269	0/5	0/5	3	840	0.269
s3ctA	180000	chain	22	cfgemb	5	0.276	0/5	0/5	3	840	0.276
s3ctA	180000	chain	23	cfg1	5	0.634	2/5	1/5	1	688	0.634
s3ctA	180000	chain	23	cfgemb	5	0.318	1/5	0/5	3	688	0.318
s3ctA	180000	chain	24	cfg1	5	0.238	0/5	0/5	3	629	0.238
s3ctA	180000	chain	24	cfgemb	5	0.393	0/5	0/5	2	629	0.393
s3ctA	180000	chain	25	cfg1	5	0.276	0/5	0/5	3	712	0.276
s3ctA	180000	chain	25	cfgemb	5	0.137	0/5	0/5	4	712	0.137
s3ctA	180000	chain	26	cfg1	5	0.540	3/5	0/5	2	783	0.540
s3ctA	180000	chain	26	cfgemb	5	0.275	0/5	0/5	3	783	0.275
s3ctA	180000	chain	27	cfg1	5	0.467	2/5	0/5	2	1020	0.467
s3ctA	180000	chain	27	cfgemb	5	0.186	1/5	0/5	4	1020	0.186
s3ctA	180000	chain	28	cfg1	5	0.427	1/5	0/5	2	1184	0.427
s3ctA	180000	chain	28	cfgemb	5	0.008	0/5	0/5	5	1184	0.008
s3ctA	180000	chain	29	cfg1	5	0.220	0/5	0/5	3	963	0.220
s3ctA	180000	chain	29	cfgemb	5	0.316	1/5	1/5	3	963	0.316
s3ctA	180000	chain	30	cfg1	5	0.408	1/5	1/5	2	862	0.408
s3ctA	180000	chain	30	cfgemb	5	0.000	0/5	0/5	5	862	0.000
s3ctA	180000	usocket	0	cfg1	80	0.588	26/80	21/80	18	318	0.585
s3ctA	180000	usocket	0	cfgemb	80	0.495	19/80	8/80	24	318	0.482
s3ctA	180000	usocket	1	cfg1	5	0.007	0/5	0/5	5	345	0.007
s3ctA	180000	usocket	1	cfgemb	5	0.147	0/5	0/5	4	345	0.147
s3ctA	180000	usocket	2	cfg1	5	0.000	0/5	0/5	5	307	0.000
s3ctA	180000	usocket	2	cfgemb	5	0.050	0/5	0/5	4	307	0.050
s3ctA	180000	usocket	3	cfg1	5	0.000	0/5	0/5	5	378	0.000
s3ctA	180000	usocket	3	cfgemb	5	0.000	0/5	0/5	5	378	0.000
s3ctA	180000	usocket	4	cfg1	5	0.000	0/5	0/5	5	333	0.000
s3ctA	180000	usocket	4	cfgemb	5	0.138	0/5	0/5	4	333	0.138
s3ctA	180000	usocket	5	cfg1	5	0.000	0/5	0/5	5	328	0.000
s3ctA	180000	usocket	5	cfgemb	5	0.000	0/5	0/5	5	328	0.000
s3ctA	180000	usocket	6	cfg1	5	0.000	0/5	0/5	5	367	0.000
s3ctA	180000	usocket	6	cfgemb	5	0.000	0/5	0/5	5	367	0.000
s3ctA	180000	usocket	7	cfg1	5	0.000	0/5	0/5	5	443	0.000
s3ctA	180000	usocket	7	cfgemb	5	0.000	0/5	0/5	5	443	0.000
s3ctA	180000	usocket	8	cfg1	5	0.000	0/5	0/5	5	420	0.000
s3ctA	180000	usocket	8	cfgemb	5	0.000	0/5	0/5	5	420	0.000
s3ctA	180000	usocket	9	cfg1	5	0.162	1/5	0/5	4	432	0.162
s3ctA	180000	usocket	9	cfgemb	5	0.000	0/5	0/5	5	432	0.000
s3ctA	180000	usocket	10	cfg1	5	0.000	0/5	0/5	5	368	0.000
s3ctA	180000	usocket	10	cfgemb	5	0.084	0/5	0/5	4	368	0.084
s3ctA	180000	usocket	11	cfg1	5	0.000	0/5	0/5	5	323	0.000
s3ctA	180000	usocket	11	cfgemb	5	0.000	0/5	0/5	5	323	0.000
s3ctA	180000	usocket	12	cfg1	5	0.192	1/5	1/5	4	338	0.192
s3ctA	180000	usocket	12	cfgemb	5	0.000	0/5	0/5	5	338	0.000
s3ctA	180000	usocket	13	cfg1	5	0.000	0/5	0/5	5	380	0.000
s3ctA	180000	usocket	13	cfgemb	5	0.120	0/5	0/5	4	380	0.120
s3ctA	180000	usocket	14	cfg1	5	0.000	0/5	0/5	5	348	0.000
s3ctA	180000	usocket	14	cfgemb	5	0.000	0/5	0/5	5	348	0.000
s3ctA	180000	usocket	15	cfg1	5	0.000	0/5	0/5	5	399	0.000
s3ctA	180000	usocket	15	cfgemb	5	0.000	0/5	0/5	5	399	0.000
s3ctA	180000	usocket	16	cfg1	5	0.000	0/5	0/5	5	463	0.000
s3ctA	180000	usocket	16	cfgemb	5	0.007	0/5	0/5	5	463	0.007
s3ctA	180000	usocket	17	cfg1	5	0.000	0/5	0/5	5	476	0.000
s3ctA	180000	usocket	17	cfgemb	5	0.000	0/5	0/5	5	476	0.000
s3ctA	180000	usocket	18	cfg1	5	0.000	0/5	0/5	5	501	0.000
s3ctA	180000	usocket	18	cfgemb	5	0.000	0/5	0/5	5	501	0.000
s3ctA	180000	usocket	19	cfg1	5	0.170	1/5	0/5	4	519	0.170
s3ctA	180000	usocket	19	cfgemb	5	0.079	0/5	0/5	4	519	0.079
s3ctA	180000	usocket	20	cfg1	5	0.000	0/5	0/5	5	564	0.000
s3ctA	180000	usocket	20	cfgemb	5	0.057	0/5	0/5	4	564	0.057
s3ctA	180000	usocket	21	cfg1	5	0.000	0/5	0/5	5	451	0.000
s3ctA	180000	usocket	21	cfgemb	5	0.181	0/5	0/5	3	451	0.181
s3ctA	180000	usocket	22	cfg1	5	0.000	0/5	0/5	5	389	0.000
s3ctA	180000	usocket	22	cfgemb	5	0.000	0/5	0/5	5	389	0.000
s3ctA	180000	usocket	23	cfg1	5	0.000	0/5	0/5	5	319	0.000
s3ctA	180000	usocket	23	cfgemb	5	0.000	0/5	0/5	5	319	0.000
s3ctA	180000	usocket	24	cfg1	5	0.316	1/5	0/5	3	291	0.316
s3ctA	180000	usocket	24	cfgemb	5	0.139	0/5	0/5	4	291	0.139
s3ctA	180000	usocket	25	cfg1	5	0.341	0/5	0/5	2	330	0.341
s3ctA	180000	usocket	25	cfgemb	5	0.000	0/5	0/5	5	330	0.000
s3ctA	180000	usocket	26	cfg1	5	0.000	0/5	0/5	5	362	0.000
s3ctA	180000	usocket	26	cfgemb	5	0.000	0/5	0/5	5	362	0.000
s3ctA	180000	usocket	27	cfg1	5	0.000	0/5	0/5	5	472	0.000
s3ctA	180000	usocket	27	cfgemb	5	0.000	0/5	0/5	5	472	0.000
s3ctA	180000	usocket	28	cfg1	5	0.000	0/5	0/5	5	548	0.000
s3ctA	180000	usocket	28	cfgemb	5	0.000	0/5	0/5	5	548	0.000
s3ctA	180000	usocket	29	cfg1	5	0.000	0/5	0/5	5	446	0.000
s3ctA	180000	usocket	29	cfgemb	5	0.000	0/5	0/5	5	446	0.000
s3ctA	180000	usocket	30	cfg1	5	0.000	0/5	0/5	5	399	0.000
s3ctA	180000	usocket	30	cfgemb	5	0.000	0/5	0/5	5	399	0.000
s3ctA	210000	chain	0	cfg1	80	0.649	24/80	20/80	11	688	0.714
s3ctA	210000	chain	0	cfgemb	80	0.421	16/80	9/80	34	688	0.466
s3ctA	210000	usocket	0	cfg1	80	0.658	25/80	17/80	11	318	0.715
s3ctA	210000	usocket	0	cfgemb	80	0.576	26/80	17/80	20	318	0.603
s3ctA	240000	chain	0	cfg1	80	0.676	26/80	21/80	9	688	0.667
s3ctA	240000	chain	0	cfgemb	80	0.346	13/80	6/80	42	688	0.402
s3ctA	240000	chain	1	cfg1	5	0.550	0/5	0/5	1	745	0.550
s3ctA	240000	chain	1	cfgemb	5	0.200	0/5	0/5	3	745	0.200
s3ctA	240000	chain	2	cfg1	5	0.378	2/5	1/5	3	663	0.378
s3ctA	240000	chain	2	cfgemb	5	0.431	1/5	0/5	2	663	0.431
s3ctA	240000	chain	3	cfg1	5	0.188	1/5	0/5	4	817	0.188
s3ctA	240000	chain	3	cfgemb	5	0.133	0/5	0/5	4	817	0.133
s3ctA	240000	chain	4	cfg1	5	0.414	0/5	0/5	2	719	0.414
s3ctA	240000	chain	4	cfgemb	5	0.025	0/5	0/5	4	719	0.025
s3ctA	240000	chain	5	cfg1	5	0.388	1/5	0/5	2	710	0.388
s3ctA	240000	chain	5	cfgemb	5	0.137	0/5	0/5	4	710	0.137
s3ctA	240000	chain	6	cfg1	5	0.535	0/5	0/5	1	792	0.535
s3ctA	240000	chain	6	cfgemb	5	0.274	0/5	0/5	3	792	0.274
s3ctA	240000	chain	7	cfg1	5	0.595	1/5	0/5	1	957	0.595
s3ctA	240000	chain	7	cfgemb	5	0.000	0/5	0/5	5	957	0.000
s3ctA	240000	chain	8	cfg1	5	0.352	0/5	0/5	2	908	0.352
s3ctA	240000	chain	8	cfgemb	5	0.000	0/5	0/5	5	908	0.000
s3ctA	240000	chain	9	cfg1	5	0.223	0/5	0/5	3	933	0.223
s3ctA	240000	chain	9	cfgemb	5	0.074	0/5	0/5	4	933	0.074
s3ctA	240000	chain	10	cfg1	5	0.335	1/5	1/5	3	794	0.335
s3ctA	240000	chain	10	cfgemb	5	0.317	1/5	0/5	3	794	0.317
s3ctA	240000	chain	11	cfg1	5	0.195	0/5	0/5	3	698	0.195
s3ctA	240000	chain	11	cfgemb	5	0.325	1/5	1/5	3	698	0.325
s3ctA	240000	chain	12	cfg1	5	0.263	0/5	0/5	3	730	0.263
s3ctA	240000	chain	12	cfgemb	5	0.159	0/5	0/5	4	730	0.159
s3ctA	240000	chain	13	cfg1	5	0.183	1/5	0/5	4	820	0.183
s3ctA	240000	chain	13	cfgemb	5	0.000	0/5	0/5	5	820	0.000
s3ctA	240000	chain	14	cfg1	5	0.511	2/5	1/5	2	751	0.511
s3ctA	240000	chain	14	cfgemb	5	0.164	1/5	0/5	4	751	0.164
s3ctA	240000	chain	15	cfg1	5	0.304	1/5	0/5	3	861	0.304
s3ctA	240000	chain	15	cfgemb	5	0.000	0/5	0/5	5	861	0.000
s3ctA	240000	chain	16	cfg1	5	0.326	1/5	0/5	3	1001	0.326
s3ctA	240000	chain	16	cfgemb	5	0.129	0/5	0/5	4	1001	0.129
s3ctA	240000	chain	17	cfg1	5	0.389	2/5	2/5	3	1029	0.389
s3ctA	240000	chain	17	cfgemb	5	0.000	0/5	0/5	5	1029	0.000
s3ctA	240000	chain	18	cfg1	5	0.601	1/5	1/5	1	1082	0.601
s3ctA	240000	chain	18	cfgemb	5	0.324	1/5	0/5	3	1082	0.324
s3ctA	240000	chain	19	cfg1	5	0.268	0/5	0/5	3	1122	0.268
s3ctA	240000	chain	19	cfgemb	5	0.000	0/5	0/5	5	1122	0.000
s3ctA	240000	chain	20	cfg1	5	0.330	1/5	1/5	3	1218	0.330
s3ctA	240000	chain	20	cfgemb	5	0.000	0/5	0/5	5	1218	0.000
s3ctA	240000	chain	21	cfg1	5	0.240	0/5	0/5	3	974	0.240
s3ctA	240000	chain	21	cfgemb	5	0.000	0/5	0/5	5	974	0.000
s3ctA	240000	chain	22	cfg1	5	0.160	0/5	0/5	4	840	0.160
s3ctA	240000	chain	22	cfgemb	5	0.011	0/5	0/5	5	840	0.011
s3ctA	240000	chain	23	cfg1	5	0.646	2/5	1/5	1	688	0.646
s3ctA	240000	chain	23	cfgemb	5	0.133	0/5	0/5	4	688	0.133
s3ctA	240000	chain	24	cfg1	5	0.275	0/5	0/5	3	629	0.275
s3ctA	240000	chain	24	cfgemb	5	0.260	1/5	0/5	3	629	0.260
s3ctA	240000	chain	25	cfg1	5	0.469	1/5	1/5	2	712	0.469
s3ctA	240000	chain	25	cfgemb	5	0.138	0/5	0/5	4	712	0.138
s3ctA	240000	chain	26	cfg1	5	0.322	1/5	0/5	3	783	0.322
s3ctA	240000	chain	26	cfgemb	5	0.136	0/5	0/5	4	783	0.136
s3ctA	240000	chain	27	cfg1	5	0.276	0/5	0/5	3	1020	0.276
s3ctA	240000	chain	27	cfgemb	5	0.128	0/5	0/5	4	1020	0.128
s3ctA	240000	chain	28	cfg1	5	0.508	1/5	1/5	1	1184	0.508
s3ctA	240000	chain	28	cfgemb	5	0.174	1/5	0/5	4	1184	0.174
s3ctA	240000	chain	29	cfg1	5	0.275	0/5	0/5	3	963	0.275
s3ctA	240000	chain	29	cfgemb	5	0.102	0/5	0/5	4	963	0.102
s3ctA	240000	chain	30	cfg1	5	0.001	0/5	0/5	5	862	0.001
s3ctA	240000	chain	30	cfgemb	5	0.000	0/5	0/5	5	862	0.000
s3ctA	240000	usocket	0	cfg1	80	0.630	25/80	20/80	14	318	0.636
s3ctA	240000	usocket	0	cfgemb	80	0.562	22/80	11/80	20	318	0.532
s3ctA	240000	usocket	1	cfg1	5	0.000	0/5	0/5	5	345	0.000
s3ctA	240000	usocket	1	cfgemb	5	0.000	0/5	0/5	5	345	0.000
s3ctA	240000	usocket	2	cfg1	5	0.000	0/5	0/5	5	307	0.000
s3ctA	240000	usocket	2	cfgemb	5	0.000	0/5	0/5	5	307	0.000
s3ctA	240000	usocket	3	cfg1	5	0.069	0/5	0/5	4	378	0.069
s3ctA	240000	usocket	3	cfgemb	5	0.000	0/5	0/5	5	378	0.000
s3ctA	240000	usocket	4	cfg1	5	0.000	0/5	0/5	5	333	0.000
s3ctA	240000	usocket	4	cfgemb	5	0.000	0/5	0/5	5	333	0.000
s3ctA	240000	usocket	5	cfg1	5	0.000	0/5	0/5	5	328	0.000
s3ctA	240000	usocket	5	cfgemb	5	0.000	0/5	0/5	5	328	0.000
s3ctA	240000	usocket	6	cfg1	5	0.000	0/5	0/5	5	367	0.000
s3ctA	240000	usocket	6	cfgemb	5	0.000	0/5	0/5	5	367	0.000
s3ctA	240000	usocket	7	cfg1	5	0.000	0/5	0/5	5	443	0.000
s3ctA	240000	usocket	7	cfgemb	5	0.000	0/5	0/5	5	443	0.000
s3ctA	240000	usocket	8	cfg1	5	0.117	0/5	0/5	4	420	0.117
s3ctA	240000	usocket	8	cfgemb	5	0.000	0/5	0/5	5	420	0.000
s3ctA	240000	usocket	9	cfg1	5	0.000	0/5	0/5	5	432	0.000
s3ctA	240000	usocket	9	cfgemb	5	0.000	0/5	0/5	5	432	0.000
s3ctA	240000	usocket	10	cfg1	5	0.115	0/5	0/5	4	368	0.115
s3ctA	240000	usocket	10	cfgemb	5	0.000	0/5	0/5	5	368	0.000
s3ctA	240000	usocket	11	cfg1	5	0.000	0/5	0/5	5	323	0.000
s3ctA	240000	usocket	11	cfgemb	5	0.000	0/5	0/5	5	323	0.000
s3ctA	240000	usocket	12	cfg1	5	0.000	0/5	0/5	5	338	0.000
s3ctA	240000	usocket	12	cfgemb	5	0.000	0/5	0/5	5	338	0.000
s3ctA	240000	usocket	13	cfg1	5	0.133	0/5	0/5	4	380	0.133
s3ctA	240000	usocket	13	cfgemb	5	0.000	0/5	0/5	5	380	0.000
s3ctA	240000	usocket	14	cfg1	5	0.179	1/5	0/5	4	348	0.179
s3ctA	240000	usocket	14	cfgemb	5	0.000	0/5	0/5	5	348	0.000
s3ctA	240000	usocket	15	cfg1	5	0.000	0/5	0/5	5	399	0.000
s3ctA	240000	usocket	15	cfgemb	5	0.000	0/5	0/5	5	399	0.000
s3ctA	240000	usocket	16	cfg1	5	0.000	0/5	0/5	5	463	0.000
s3ctA	240000	usocket	16	cfgemb	5	0.000	0/5	0/5	5	463	0.000
s3ctA	240000	usocket	17	cfg1	5	0.000	0/5	0/5	5	476	0.000
s3ctA	240000	usocket	17	cfgemb	5	0.000	0/5	0/5	5	476	0.000
s3ctA	240000	usocket	18	cfg1	5	0.000	0/5	0/5	5	501	0.000
s3ctA	240000	usocket	18	cfgemb	5	0.000	0/5	0/5	5	501	0.000
s3ctA	240000	usocket	19	cfg1	5	0.315	1/5	1/5	3	519	0.315
s3ctA	240000	usocket	19	cfgemb	5	0.000	0/5	0/5	5	519	0.000
s3ctA	240000	usocket	20	cfg1	5	0.000	0/5	0/5	5	564	0.000
s3ctA	240000	usocket	20	cfgemb	5	0.000	0/5	0/5	5	564	0.000
s3ctA	240000	usocket	21	cfg1	5	0.000	0/5	0/5	5	451	0.000
s3ctA	240000	usocket	21	cfgemb	5	0.130	0/5	0/5	4	451	0.130
s3ctA	240000	usocket	22	cfg1	5	0.000	0/5	0/5	5	389	0.000
s3ctA	240000	usocket	22	cfgemb	5	0.000	0/5	0/5	5	389	0.000
s3ctA	240000	usocket	23	cfg1	5	0.191	1/5	1/5	4	319	0.191
s3ctA	240000	usocket	23	cfgemb	5	0.000	0/5	0/5	5	319	0.000
s3ctA	240000	usocket	24	cfg1	5	0.397	0/5	0/5	2	291	0.397
s3ctA	240000	usocket	24	cfgemb	5	0.324	1/5	1/5	3	291	0.324
s3ctA	240000	usocket	25	cfg1	5	0.271	1/5	0/5	3	330	0.271
s3ctA	240000	usocket	25	cfgemb	5	0.000	0/5	0/5	5	330	0.000
s3ctA	240000	usocket	26	cfg1	5	0.194	1/5	1/5	4	362	0.194
s3ctA	240000	usocket	26	cfgemb	5	0.128	0/5	0/5	4	362	0.128
s3ctA	240000	usocket	27	cfg1	5	0.000	0/5	0/5	5	472	0.000
s3ctA	240000	usocket	27	cfgemb	5	0.000	0/5	0/5	5	472	0.000
s3ctA	240000	usocket	28	cfg1	5	0.000	0/5	0/5	5	548	0.000
s3ctA	240000	usocket	28	cfgemb	5	0.000	0/5	0/5	5	548	0.000
s3ctA	240000	usocket	29	cfg1	5	0.000	0/5	0/5	5	446	0.000
s3ctA	240000	usocket	29	cfgemb	5	0.000	0/5	0/5	5	446	0.000
s3ctA	240000	usocket	30	cfg1	5	0.000	0/5	0/5	5	399	0.000
s3ctA	240000	usocket	30	cfgemb	5	0.000	0/5	0/5	5	399	0.000
s3ctA768	30000	chain	0	cfg1	80	0.542	10/80	4/80	12	688	0.585
s3ctA768	30000	chain	0	cfgemb	80	0.120	1/80	0/80	62	688	0.114
s3ctA768	30000	usocket	0	cfg1	80	0.429	12/80	4/80	31	318	0.452
s3ctA768	30000	usocket	0	cfgemb	80	0.363	10/80	2/80	37	318	0.382
s3ctA768	60000	chain	0	cfg1	80	0.574	15/80	5/80	12	688	0.507
s3ctA768	60000	chain	0	cfgemb	80	0.259	3/80	0/80	46	688	0.264
s3ctA768	60000	usocket	0	cfg1	80	0.523	17/80	8/80	19	318	0.478
s3ctA768	60000	usocket	0	cfgemb	80	0.494	19/80	8/80	24	318	0.449
s3ctA768	90000	chain	0	cfg1	80	0.579	17/80	7/80	12	688	0.621
s3ctA768	90000	chain	0	cfgemb	80	0.235	5/80	1/80	51	688	0.199
s3ctA768	90000	usocket	0	cfg1	80	0.558	20/80	13/80	20	318	0.554
s3ctA768	90000	usocket	0	cfgemb	80	0.465	14/80	6/80	27	318	0.422
s3ctA768	120000	chain	0	cfg1	80	0.583	23/80	13/80	14	688	0.651
s3ctA768	120000	chain	0	cfgemb	80	0.306	7/80	2/80	41	688	0.371
s3ctA768	120000	chain	1	cfg1	5	0.228	0/5	0/5	3	745	0.228
s3ctA768	120000	chain	1	cfgemb	5	0.176	1/5	0/5	4	745	0.176
s3ctA768	120000	chain	2	cfg1	5	0.608	1/5	0/5	1	663	0.608
s3ctA768	120000	chain	2	cfgemb	5	0.038	0/5	0/5	4	663	0.038
s3ctA768	120000	chain	3	cfg1	5	0.276	0/5	0/5	3	817	0.276
s3ctA768	120000	chain	3	cfgemb	5	0.188	1/5	0/5	4	817	0.188
s3ctA768	120000	chain	4	cfg1	5	0.216	1/5	0/5	3	719	0.216
s3ctA768	120000	chain	4	cfgemb	5	0.158	0/5	0/5	4	719	0.158
s3ctA768	120000	chain	5	cfg1	5	0.463	0/5	0/5	1	710	0.463
s3ctA768	120000	chain	5	cfgemb	5	0.106	0/5	0/5	4	710	0.106
s3ctA768	120000	chain	6	cfgemb	5	0.097	0/5	0/5	4	792	0.097
s3ctA768	120000	chain	7	cfgemb	5	0.323	1/5	0/5	3	957	0.323
s3ctA768	120000	chain	8	cfgemb	5	0.000	0/5	0/5	5	908	0.000
s3ctA768	120000	chain	9	cfgemb	5	0.082	0/5	0/5	4	933	0.082
s3ctA768	120000	chain	10	cfgemb	5	0.377	0/5	0/5	2	794	0.377
s3ctA768	120000	chain	11	cfg1	5	0.367	0/5	0/5	2	698	0.367
s3ctA768	120000	chain	11	cfgemb	5	0.000	0/5	0/5	5	698	0.000
s3ctA768	120000	chain	12	cfg1	5	0.494	2/5	1/5	2	730	0.494
s3ctA768	120000	chain	12	cfgemb	5	0.109	0/5	0/5	4	730	0.109
s3ctA768	120000	chain	13	cfg1	5	0.000	0/5	0/5	5	820	0.000
s3ctA768	120000	chain	13	cfgemb	5	0.000	0/5	0/5	5	820	0.000
s3ctA768	120000	chain	14	cfg1	5	0.247	0/5	0/5	3	751	0.247
s3ctA768	120000	chain	14	cfgemb	5	0.216	0/5	0/5	3	751	0.216
s3ctA768	120000	chain	15	cfg1	5	0.000	0/5	0/5	5	861	0.000
s3ctA768	120000	chain	15	cfgemb	5	0.000	0/5	0/5	5	861	0.000
s3ctA768	120000	chain	16	cfg1	5	0.480	2/5	0/5	2	1001	0.480
s3ctA768	120000	chain	16	cfgemb	5	0.134	0/5	0/5	4	1001	0.134
s3ctA768	120000	chain	17	cfg1	5	0.370	1/5	1/5	2	1029	0.370
s3ctA768	120000	chain	17	cfgemb	5	0.000	0/5	0/5	5	1029	0.000
s3ctA768	120000	chain	18	cfg1	5	0.429	1/5	0/5	2	1082	0.429
s3ctA768	120000	chain	18	cfgemb	5	0.130	0/5	0/5	4	1082	0.130
s3ctA768	120000	chain	19	cfg1	5	0.245	0/5	0/5	3	1122	0.245
s3ctA768	120000	chain	19	cfgemb	5	0.000	0/5	0/5	5	1122	0.000
s3ctA768	120000	chain	20	cfg1	5	0.260	0/5	0/5	3	1218	0.260
s3ctA768	120000	chain	20	cfgemb	5	0.000	0/5	0/5	5	1218	0.000
s3ctA768	120000	chain	21	cfgemb	5	0.135	0/5	0/5	4	974	0.135
s3ctA768	120000	chain	22	cfgemb	5	0.000	0/5	0/5	5	840	0.000
s3ctA768	120000	chain	23	cfgemb	5	0.168	1/5	0/5	4	688	0.168
s3ctA768	120000	chain	24	cfgemb	5	0.246	0/5	0/5	3	629	0.246
s3ctA768	120000	chain	25	cfgemb	5	0.242	0/5	0/5	3	712	0.242
s3ctA768	120000	chain	26	cfg1	5	0.345	0/5	0/5	2	783	0.345
s3ctA768	120000	chain	26	cfgemb	5	0.269	0/5	0/5	3	783	0.269
s3ctA768	120000	chain	27	cfg1	5	0.194	1/5	1/5	4	1020	0.194
s3ctA768	120000	chain	27	cfgemb	5	0.000	0/5	0/5	5	1020	0.000
s3ctA768	120000	chain	28	cfg1	5	0.301	1/5	1/5	3	1184	0.301
s3ctA768	120000	chain	28	cfgemb	5	0.367	2/5	1/5	3	1184	0.367
s3ctA768	120000	chain	29	cfg1	5	0.355	0/5	0/5	2	963	0.355
s3ctA768	120000	chain	29	cfgemb	5	0.000	0/5	0/5	5	963	0.000
s3ctA768	120000	chain	30	cfg1	5	0.126	0/5	0/5	4	862	0.126
s3ctA768	120000	chain	30	cfgemb	5	0.150	0/5	0/5	4	862	0.150
s3ctA768	120000	usocket	0	cfgemb	80	0.568	22/80	9/80	17	318	0.557
s3ctA768	120000	usocket	1	cfg1	5	0.050	0/5	0/5	4	345	0.050
s3ctA768	120000	usocket	2	cfg1	5	0.000	0/5	0/5	5	307	0.000
s3ctA768	120000	usocket	3	cfg1	5	0.000	0/5	0/5	5	378	0.000
s3ctA768	120000	usocket	4	cfg1	5	0.000	0/5	0/5	5	333	0.000
s3ctA768	120000	usocket	5	cfg1	5	0.000	0/5	0/5	5	328	0.000
s3ctA768	120000	usocket	6	cfg1	5	0.164	1/5	0/5	4	367	0.164
s3ctA768	120000	usocket	7	cfg1	5	0.000	0/5	0/5	5	443	0.000
s3ctA768	120000	usocket	8	cfg1	5	0.000	0/5	0/5	5	420	0.000
s3ctA768	120000	usocket	9	cfg1	5	0.000	0/5	0/5	5	432	0.000
s3ctA768	120000	usocket	10	cfg1	5	0.117	0/5	0/5	4	368	0.117
s3ctA768	120000	usocket	11	cfg1	5	0.000	0/5	0/5	5	323	0.000
s3ctA768	120000	usocket	12	cfg1	5	0.000	0/5	0/5	5	338	0.000
s3ctA768	120000	usocket	13	cfg1	5	0.201	0/5	0/5	3	380	0.201
s3ctA768	120000	usocket	14	cfg1	5	0.000	0/5	0/5	5	348	0.000
s3ctA768	120000	usocket	15	cfg1	5	0.000	0/5	0/5	5	399	0.000
s3ctA768	120000	usocket	16	cfg1	5	0.087	0/5	0/5	4	463	0.087
s3ctA768	120000	usocket	16	cfgemb	5	0.000	0/5	0/5	5	463	0.000
s3ctA768	120000	usocket	17	cfg1	5	0.000	0/5	0/5	5	476	0.000
s3ctA768	120000	usocket	17	cfgemb	5	0.000	0/5	0/5	5	476	0.000
s3ctA768	120000	usocket	18	cfg1	5	0.000	0/5	0/5	5	501	0.000
s3ctA768	120000	usocket	18	cfgemb	5	0.000	0/5	0/5	5	501	0.000
s3ctA768	120000	usocket	19	cfg1	5	0.000	0/5	0/5	5	519	0.000
s3ctA768	120000	usocket	19	cfgemb	5	0.000	0/5	0/5	5	519	0.000
s3ctA768	120000	usocket	20	cfg1	5	0.000	0/5	0/5	5	564	0.000
s3ctA768	120000	usocket	20	cfgemb	5	0.000	0/5	0/5	5	564	0.000
s3ctA768	120000	usocket	21	cfgemb	5	0.000	0/5	0/5	5	451	0.000
s3ctA768	120000	usocket	22	cfgemb	5	0.000	0/5	0/5	5	389	0.000
s3ctA768	120000	usocket	23	cfgemb	5	0.000	0/5	0/5	5	319	0.000
s3ctA768	120000	usocket	24	cfgemb	5	0.234	0/5	0/5	3	291	0.234
s3ctA768	120000	usocket	25	cfgemb	5	0.031	0/5	0/5	4	330	0.031
s3ctA768	120000	usocket	26	cfg1	5	0.219	0/5	0/5	3	362	0.219
s3ctA768	120000	usocket	27	cfg1	5	0.000	0/5	0/5	5	472	0.000
s3ctA768	120000	usocket	28	cfg1	5	0.000	0/5	0/5	5	548	0.000
s3ctA768	120000	usocket	29	cfg1	5	0.270	0/5	0/5	3	446	0.270
s3ctA768	120000	usocket	30	cfg1	5	0.000	0/5	0/5	5	399	0.000
s3ctA768	150000	chain	0	cfg1	80	0.541	12/80	6/80	16	688	0.540
s3ctA768	150000	chain	0	cfgemb	80	0.291	9/80	6/80	47	688	0.294
s3ctA768	150000	usocket	0	cfg1	80	0.629	25/80	18/80	14	318	0.579
s3ctA768	150000	usocket	0	cfgemb	80	0.533	21/80	10/80	23	318	0.521
s3ctA768	180000	chain	0	cfg1	80	0.508	15/80	6/80	19	688	0.530
s3ctA768	180000	chain	0	cfgemb	80	0.353	8/80	4/80	37	688	0.336
s3ctA768	180000	chain	1	cfg1	5	0.238	0/5	0/5	3	745	0.238
s3ctA768	180000	chain	1	cfgemb	5	0.000	0/5	0/5	5	745	0.000
s3ctA768	180000	chain	2	cfg1	5	0.316	1/5	0/5	3	663	0.316
s3ctA768	180000	chain	2	cfgemb	5	0.133	0/5	0/5	4	663	0.133
s3ctA768	180000	chain	3	cfg1	5	0.135	0/5	0/5	4	817	0.135
s3ctA768	180000	chain	3	cfgemb	5	0.000	0/5	0/5	5	817	0.000
s3ctA768	180000	chain	4	cfg1	5	0.000	0/5	0/5	5	719	0.000
s3ctA768	180000	chain	4	cfgemb	5	0.000	0/5	0/5	5	719	0.000
s3ctA768	180000	chain	5	cfg1	5	0.000	0/5	0/5	5	710	0.000
s3ctA768	180000	chain	5	cfgemb	5	0.102	0/5	0/5	4	710	0.102
s3ctA768	180000	chain	6	cfg1	5	0.126	0/5	0/5	4	792	0.126
s3ctA768	180000	chain	6	cfgemb	5	0.000	0/5	0/5	5	792	0.000
s3ctA768	180000	chain	7	cfg1	5	0.134	0/5	0/5	4	957	0.134
s3ctA768	180000	chain	7	cfgemb	5	0.097	0/5	0/5	4	957	0.097
s3ctA768	180000	chain	8	cfg1	5	0.261	0/5	0/5	3	908	0.261
s3ctA768	180000	chain	8	cfgemb	5	0.167	1/5	0/5	4	908	0.167
s3ctA768	180000	chain	9	cfg1	5	0.460	0/5	0/5	1	933	0.460
s3ctA768	180000	chain	9	cfgemb	5	0.125	0/5	0/5	4	933	0.125
s3ctA768	180000	chain	10	cfg1	5	0.469	1/5	0/5	1	794	0.469
s3ctA768	180000	chain	10	cfgemb	5	0.064	0/5	0/5	4	794	0.064
s3ctA768	180000	chain	11	cfg1	5	0.108	0/5	0/5	4	698	0.108
s3ctA768	180000	chain	11	cfgemb	5	0.000	0/5	0/5	5	698	0.000
s3ctA768	180000	chain	12	cfg1	5	0.249	0/5	0/5	3	730	0.249
s3ctA768	180000	chain	12	cfgemb	5	0.106	0/5	0/5	4	730	0.106
s3ctA768	180000	chain	13	cfg1	5	0.083	0/5	0/5	4	820	0.083
s3ctA768	180000	chain	13	cfgemb	5	0.000	0/5	0/5	5	820	0.000
s3ctA768	180000	chain	14	cfg1	5	0.000	0/5	0/5	5	751	0.000
s3ctA768	180000	chain	14	cfgemb	5	0.220	0/5	0/5	3	751	0.220
s3ctA768	180000	chain	15	cfg1	5	0.000	0/5	0/5	5	861	0.000
s3ctA768	180000	chain	15	cfgemb	5	0.000	0/5	0/5	5	861	0.000
s3ctA768	180000	chain	16	cfg1	5	0.397	1/5	0/5	2	1001	0.397
s3ctA768	180000	chain	16	cfgemb	5	0.000	0/5	0/5	5	1001	0.000
s3ctA768	180000	chain	17	cfg1	5	0.222	0/5	0/5	3	1029	0.222
s3ctA768	180000	chain	17	cfgemb	5	0.120	0/5	0/5	4	1029	0.120
s3ctA768	180000	chain	18	cfg1	5	0.635	2/5	1/5	1	1082	0.635
s3ctA768	180000	chain	18	cfgemb	5	0.127	0/5	0/5	4	1082	0.127
s3ctA768	180000	chain	19	cfg1	5	0.061	0/5	0/5	4	1122	0.061
s3ctA768	180000	chain	19	cfgemb	5	0.115	0/5	0/5	4	1122	0.115
s3ctA768	180000	chain	20	cfg1	5	0.465	2/5	0/5	2	1218	0.465
s3ctA768	180000	chain	20	cfgemb	5	0.134	0/5	0/5	4	1218	0.134
s3ctA768	180000	chain	21	cfg1	5	0.505	0/5	0/5	1	974	0.505
s3ctA768	180000	chain	21	cfgemb	5	0.000	0/5	0/5	5	974	0.000
s3ctA768	180000	chain	22	cfg1	5	0.256	0/5	0/5	3	840	0.256
s3ctA768	180000	chain	22	cfgemb	5	0.000	0/5	0/5	5	840	0.000
s3ctA768	180000	chain	23	cfg1	5	0.498	1/5	0/5	1	688	0.498
s3ctA768	180000	chain	23	cfgemb	5	0.155	0/5	0/5	4	688	0.155
s3ctA768	180000	chain	24	cfg1	5	0.225	0/5	0/5	3	629	0.225
s3ctA768	180000	chain	24	cfgemb	5	0.109	0/5	0/5	4	629	0.109
s3ctA768	180000	chain	25	cfg1	5	0.370	1/5	1/5	2	712	0.370
s3ctA768	180000	chain	25	cfgemb	5	0.000	0/5	0/5	5	712	0.000
s3ctA768	180000	chain	26	cfg1	5	0.511	2/5	1/5	2	783	0.511
s3ctA768	180000	chain	26	cfgemb	5	0.274	1/5	1/5	3	783	0.274
s3ctA768	180000	chain	27	cfg1	5	0.449	1/5	1/5	2	1020	0.449
s3ctA768	180000	chain	27	cfgemb	5	0.000	0/5	0/5	5	1020	0.000
s3ctA768	180000	chain	28	cfg1	5	0.578	1/5	1/5	1	1184	0.578
s3ctA768	180000	chain	28	cfgemb	5	0.000	0/5	0/5	5	1184	0.000
s3ctA768	180000	chain	29	cfg1	5	0.093	0/5	0/5	4	963	0.093
s3ctA768	180000	chain	29	cfgemb	5	0.245	0/5	0/5	3	963	0.245
s3ctA768	180000	chain	30	cfg1	5	0.124	0/5	0/5	4	862	0.124
s3ctA768	180000	chain	30	cfgemb	5	0.000	0/5	0/5	5	862	0.000
s3ctA768	180000	usocket	0	cfg1	80	0.555	15/80	12/80	17	318	0.542
s3ctA768	180000	usocket	0	cfgemb	80	0.536	21/80	11/80	21	318	0.482
s3ctA768	180000	usocket	1	cfg1	5	0.098	0/5	0/5	4	345	0.098
s3ctA768	180000	usocket	1	cfgemb	5	0.000	0/5	0/5	5	345	0.000
s3ctA768	180000	usocket	2	cfg1	5	0.132	0/5	0/5	4	307	0.132
s3ctA768	180000	usocket	2	cfgemb	5	0.000	0/5	0/5	5	307	0.000
s3ctA768	180000	usocket	3	cfg1	5	0.000	0/5	0/5	5	378	0.000
s3ctA768	180000	usocket	3	cfgemb	5	0.000	0/5	0/5	5	378	0.000
s3ctA768	180000	usocket	4	cfg1	5	0.000	0/5	0/5	5	333	0.000
s3ctA768	180000	usocket	4	cfgemb	5	0.000	0/5	0/5	5	333	0.000
s3ctA768	180000	usocket	5	cfg1	5	0.000	0/5	0/5	5	328	0.000
s3ctA768	180000	usocket	5	cfgemb	5	0.000	0/5	0/5	5	328	0.000
s3ctA768	180000	usocket	6	cfg1	5	0.072	0/5	0/5	4	367	0.072
s3ctA768	180000	usocket	6	cfgemb	5	0.000	0/5	0/5	5	367	0.000
s3ctA768	180000	usocket	7	cfg1	5	0.000	0/5	0/5	5	443	0.000
s3ctA768	180000	usocket	7	cfgemb	5	0.000	0/5	0/5	5	443	0.000
s3ctA768	180000	usocket	8	cfg1	5	0.000	0/5	0/5	5	420	0.000
s3ctA768	180000	usocket	8	cfgemb	5	0.000	0/5	0/5	5	420	0.000
s3ctA768	180000	usocket	9	cfg1	5	0.000	0/5	0/5	5	432	0.000
s3ctA768	180000	usocket	9	cfgemb	5	0.000	0/5	0/5	5	432	0.000
s3ctA768	180000	usocket	10	cfg1	5	0.000	0/5	0/5	5	368	0.000
s3ctA768	180000	usocket	10	cfgemb	5	0.000	0/5	0/5	5	368	0.000
s3ctA768	180000	usocket	11	cfg1	5	0.015	0/5	0/5	5	323	0.015
s3ctA768	180000	usocket	11	cfgemb	5	0.000	0/5	0/5	5	323	0.000
s3ctA768	180000	usocket	12	cfg1	5	0.000	0/5	0/5	5	338	0.000
s3ctA768	180000	usocket	12	cfgemb	5	0.000	0/5	0/5	5	338	0.000
s3ctA768	180000	usocket	13	cfg1	5	0.127	0/5	0/5	4	380	0.127
s3ctA768	180000	usocket	13	cfgemb	5	0.000	0/5	0/5	5	380	0.000
s3ctA768	180000	usocket	14	cfg1	5	0.000	0/5	0/5	5	348	0.000
s3ctA768	180000	usocket	14	cfgemb	5	0.000	0/5	0/5	5	348	0.000
s3ctA768	180000	usocket	15	cfg1	5	0.000	0/5	0/5	5	399	0.000
s3ctA768	180000	usocket	15	cfgemb	5	0.000	0/5	0/5	5	399	0.000
s3ctA768	180000	usocket	16	cfg1	5	0.000	0/5	0/5	5	463	0.000
s3ctA768	180000	usocket	16	cfgemb	5	0.000	0/5	0/5	5	463	0.000
s3ctA768	180000	usocket	17	cfg1	5	0.000	0/5	0/5	5	476	0.000
s3ctA768	180000	usocket	17	cfgemb	5	0.000	0/5	0/5	5	476	0.000
s3ctA768	180000	usocket	18	cfg1	5	0.000	0/5	0/5	5	501	0.000
s3ctA768	180000	usocket	18	cfgemb	5	0.000	0/5	0/5	5	501	0.000
s3ctA768	180000	usocket	19	cfg1	5	0.000	0/5	0/5	5	519	0.000
s3ctA768	180000	usocket	19	cfgemb	5	0.000	0/5	0/5	5	519	0.000
s3ctA768	180000	usocket	20	cfg1	5	0.000	0/5	0/5	5	564	0.000
s3ctA768	180000	usocket	20	cfgemb	5	0.000	0/5	0/5	5	564	0.000
s3ctA768	180000	usocket	21	cfg1	5	0.000	0/5	0/5	5	451	0.000
s3ctA768	180000	usocket	21	cfgemb	5	0.182	1/5	0/5	4	451	0.182
s3ctA768	180000	usocket	22	cfg1	5	0.000	0/5	0/5	5	389	0.000
s3ctA768	180000	usocket	22	cfgemb	5	0.000	0/5	0/5	5	389	0.000
s3ctA768	180000	usocket	23	cfg1	5	0.000	0/5	0/5	5	319	0.000
s3ctA768	180000	usocket	23	cfgemb	5	0.000	0/5	0/5	5	319	0.000
s3ctA768	180000	usocket	24	cfg1	5	0.154	0/5	0/5	3	291	0.154
s3ctA768	180000	usocket	24	cfgemb	5	0.320	0/5	0/5	2	291	0.320
s3ctA768	180000	usocket	25	cfg1	5	0.135	0/5	0/5	4	330	0.135
s3ctA768	180000	usocket	25	cfgemb	5	0.130	0/5	0/5	4	330	0.130
s3ctA768	180000	usocket	26	cfg1	5	0.107	0/5	0/5	4	362	0.107
s3ctA768	180000	usocket	26	cfgemb	5	0.000	0/5	0/5	5	362	0.000
s3ctA768	180000	usocket	27	cfg1	5	0.000	0/5	0/5	5	472	0.000
s3ctA768	180000	usocket	27	cfgemb	5	0.000	0/5	0/5	5	472	0.000
s3ctA768	180000	usocket	28	cfg1	5	0.000	0/5	0/5	5	548	0.000
s3ctA768	180000	usocket	28	cfgemb	5	0.000	0/5	0/5	5	548	0.000
s3ctA768	180000	usocket	29	cfg1	5	0.000	0/5	0/5	5	446	0.000
s3ctA768	180000	usocket	29	cfgemb	5	0.000	0/5	0/5	5	446	0.000
s3ctA768	180000	usocket	30	cfg1	5	0.000	0/5	0/5	5	399	0.000
s3ctA768	180000	usocket	30	cfgemb	5	0.000	0/5	0/5	5	399	0.000
s3ctA768	210000	chain	0	cfg1	80	0.503	20/80	10/80	25	688	0.578
s3ctA768	210000	chain	0	cfgemb	80	0.297	3/80	1/80	42	688	0.269
s3ctA768	210000	usocket	0	cfg1	80	0.581	23/80	17/80	19	318	0.576
s3ctA768	210000	usocket	0	cfgemb	80	0.525	22/80	12/80	23	318	0.457
s3ctA768	240000	chain	0	cfg1	80	0.527	19/80	9/80	21	688	0.531
s3ctA768	240000	chain	0	cfgemb	80	0.346	14/80	6/80	41	688	0.333
s3ctA768	240000	chain	1	cfg1	5	0.367	0/5	0/5	2	745	0.367
s3ctA768	240000	chain	1	cfgemb	5	0.134	0/5	0/5	4	745	0.134
s3ctA768	240000	chain	2	cfg1	5	0.176	1/5	0/5	4	663	0.176
s3ctA768	240000	chain	2	cfgemb	5	0.181	1/5	0/5	4	663	0.181
s3ctA768	240000	chain	3	cfg1	5	0.179	1/5	0/5	4	817	0.179
s3ctA768	240000	chain	3	cfgemb	5	0.000	0/5	0/5	5	817	0.000
s3ctA768	240000	chain	4	cfg1	5	0.348	1/5	1/5	3	719	0.348
s3ctA768	240000	chain	4	cfgemb	5	0.000	0/5	0/5	5	719	0.000
s3ctA768	240000	chain	5	cfg1	5	0.152	0/5	0/5	4	710	0.152
s3ctA768	240000	chain	5	cfgemb	5	0.248	0/5	0/5	3	710	0.248
s3ctA768	240000	chain	6	cfg1	5	0.346	0/5	0/5	2	792	0.346
s3ctA768	240000	chain	6	cfgemb	5	0.289	1/5	0/5	3	792	0.289
s3ctA768	240000	chain	7	cfg1	5	0.360	0/5	0/5	2	957	0.360
s3ctA768	240000	chain	7	cfgemb	5	0.000	0/5	0/5	5	957	0.000
s3ctA768	240000	chain	8	cfg1	5	0.279	1/5	1/5	3	908	0.279
s3ctA768	240000	chain	8	cfgemb	5	0.105	0/5	0/5	4	908	0.105
s3ctA768	240000	chain	9	cfg1	5	0.535	1/5	0/5	1	933	0.535
s3ctA768	240000	chain	9	cfgemb	5	0.015	0/5	0/5	5	933	0.015
s3ctA768	240000	chain	10	cfg1	5	0.400	0/5	0/5	2	794	0.400
s3ctA768	240000	chain	10	cfgemb	5	0.354	0/5	0/5	2	794	0.354
s3ctA768	240000	chain	11	cfg1	5	0.007	0/5	0/5	5	698	0.007
s3ctA768	240000	chain	11	cfgemb	5	0.297	1/5	0/5	3	698	0.297
s3ctA768	240000	chain	12	cfg1	5	0.324	0/5	0/5	2	730	0.324
s3ctA768	240000	chain	12	cfgemb	5	0.208	0/5	0/5	3	730	0.208
s3ctA768	240000	chain	13	cfg1	5	0.318	0/5	0/5	2	820	0.318
s3ctA768	240000	chain	13	cfgemb	5	0.000	0/5	0/5	5	820	0.000
s3ctA768	240000	chain	14	cfg1	5	0.220	1/5	1/5	3	751	0.220
s3ctA768	240000	chain	14	cfgemb	5	0.117	0/5	0/5	4	751	0.117
s3ctA768	240000	chain	15	cfg1	5	0.274	1/5	0/5	3	861	0.274
s3ctA768	240000	chain	15	cfgemb	5	0.000	0/5	0/5	5	861	0.000
s3ctA768	240000	chain	16	cfg1	5	0.236	0/5	0/5	3	1001	0.236
s3ctA768	240000	chain	16	cfgemb	5	0.000	0/5	0/5	5	1001	0.000
s3ctA768	240000	chain	17	cfg1	5	0.000	0/5	0/5	5	1029	0.000
s3ctA768	240000	chain	17	cfgemb	5	0.000	0/5	0/5	5	1029	0.000
s3ctA768	240000	chain	18	cfg1	5	0.315	1/5	0/5	3	1082	0.315
s3ctA768	240000	chain	18	cfgemb	5	0.190	1/5	0/5	4	1082	0.190
s3ctA768	240000	chain	19	cfg1	5	0.000	0/5	0/5	5	1122	0.000
s3ctA768	240000	chain	19	cfgemb	5	0.000	0/5	0/5	5	1122	0.000
s3ctA768	240000	chain	20	cfg1	5	0.673	1/5	0/5	0	1218	0.673
s3ctA768	240000	chain	20	cfgemb	5	0.135	0/5	0/5	4	1218	0.135
s3ctA768	240000	chain	21	cfg1	5	0.482	0/5	0/5	1	974	0.482
s3ctA768	240000	chain	21	cfgemb	5	0.000	0/5	0/5	5	974	0.000
s3ctA768	240000	chain	22	cfg1	5	0.097	0/5	0/5	4	840	0.097
s3ctA768	240000	chain	22	cfgemb	5	0.000	0/5	0/5	5	840	0.000
s3ctA768	240000	chain	23	cfg1	5	0.424	2/5	0/5	2	688	0.424
s3ctA768	240000	chain	23	cfgemb	5	0.096	0/5	0/5	4	688	0.096
s3ctA768	240000	chain	24	cfg1	5	0.576	2/5	0/5	1	629	0.576
s3ctA768	240000	chain	24	cfgemb	5	0.368	1/5	0/5	2	629	0.368
s3ctA768	240000	chain	25	cfg1	5	0.324	1/5	1/5	3	712	0.324
s3ctA768	240000	chain	25	cfgemb	5	0.196	1/5	1/5	4	712	0.196
s3ctA768	240000	chain	26	cfg1	5	0.244	0/5	0/5	3	783	0.244
s3ctA768	240000	chain	26	cfgemb	5	0.138	0/5	0/5	4	783	0.138
s3ctA768	240000	chain	27	cfg1	5	0.321	1/5	1/5	3	1020	0.321
s3ctA768	240000	chain	27	cfgemb	5	0.000	0/5	0/5	5	1020	0.000
s3ctA768	240000	chain	28	cfg1	5	0.316	0/5	0/5	2	1184	0.316
s3ctA768	240000	chain	28	cfgemb	5	0.096	0/5	0/5	4	1184	0.096
s3ctA768	240000	chain	29	cfg1	5	0.124	0/5	0/5	4	963	0.124
s3ctA768	240000	chain	29	cfgemb	5	0.000	0/5	0/5	5	963	0.000
s3ctA768	240000	chain	30	cfg1	5	0.140	0/5	0/5	4	862	0.140
s3ctA768	240000	chain	30	cfgemb	5	0.000	0/5	0/5	5	862	0.000
s3ctA768	240000	usocket	0	cfg1	80	0.472	16/80	12/80	27	318	0.414
s3ctA768	240000	usocket	0	cfgemb	80	0.448	15/80	8/80	31	318	0.392
s3ctA768	240000	usocket	1	cfg1	5	0.000	0/5	0/5	5	345	0.000
s3ctA768	240000	usocket	1	cfgemb	5	0.108	0/5	0/5	4	345	0.108
s3ctA768	240000	usocket	2	cfg1	5	0.221	0/5	0/5	3	307	0.221
s3ctA768	240000	usocket	2	cfgemb	5	0.086	0/5	0/5	4	307	0.086
s3ctA768	240000	usocket	3	cfg1	5	0.000	0/5	0/5	5	378	0.000
s3ctA768	240000	usocket	3	cfgemb	5	0.000	0/5	0/5	5	378	0.000
s3ctA768	240000	usocket	4	cfg1	5	0.000	0/5	0/5	5	333	0.000
s3ctA768	240000	usocket	4	cfgemb	5	0.000	0/5	0/5	5	333	0.000
s3ctA768	240000	usocket	5	cfg1	5	0.000	0/5	0/5	5	328	0.000
s3ctA768	240000	usocket	5	cfgemb	5	0.000	0/5	0/5	5	328	0.000
s3ctA768	240000	usocket	6	cfg1	5	0.104	0/5	0/5	4	367	0.104
s3ctA768	240000	usocket	6	cfgemb	5	0.138	0/5	0/5	4	367	0.138
s3ctA768	240000	usocket	7	cfg1	5	0.000	0/5	0/5	5	443	0.000
s3ctA768	240000	usocket	7	cfgemb	5	0.000	0/5	0/5	5	443	0.000
s3ctA768	240000	usocket	8	cfg1	5	0.000	0/5	0/5	5	420	0.000
s3ctA768	240000	usocket	8	cfgemb	5	0.000	0/5	0/5	5	420	0.000
s3ctA768	240000	usocket	9	cfg1	5	0.000	0/5	0/5	5	432	0.000
s3ctA768	240000	usocket	9	cfgemb	5	0.000	0/5	0/5	5	432	0.000
s3ctA768	240000	usocket	10	cfg1	5	0.000	0/5	0/5	5	368	0.000
s3ctA768	240000	usocket	10	cfgemb	5	0.000	0/5	0/5	5	368	0.000
s3ctA768	240000	usocket	11	cfg1	5	0.000	0/5	0/5	5	323	0.000
s3ctA768	240000	usocket	11	cfgemb	5	0.104	0/5	0/5	4	323	0.104
s3ctA768	240000	usocket	12	cfg1	5	0.000	0/5	0/5	5	338	0.000
s3ctA768	240000	usocket	12	cfgemb	5	0.000	0/5	0/5	5	338	0.000
s3ctA768	240000	usocket	13	cfg1	5	0.097	0/5	0/5	4	380	0.097
s3ctA768	240000	usocket	13	cfgemb	5	0.157	0/5	0/5	3	380	0.157
s3ctA768	240000	usocket	14	cfg1	5	0.000	0/5	0/5	5	348	0.000
s3ctA768	240000	usocket	14	cfgemb	5	0.000	0/5	0/5	5	348	0.000
s3ctA768	240000	usocket	15	cfg1	5	0.000	0/5	0/5	5	399	0.000
s3ctA768	240000	usocket	15	cfgemb	5	0.000	0/5	0/5	5	399	0.000
s3ctA768	240000	usocket	16	cfg1	5	0.000	0/5	0/5	5	463	0.000
s3ctA768	240000	usocket	16	cfgemb	5	0.000	0/5	0/5	5	463	0.000
s3ctA768	240000	usocket	17	cfg1	5	0.000	0/5	0/5	5	476	0.000
s3ctA768	240000	usocket	17	cfgemb	5	0.000	0/5	0/5	5	476	0.000
s3ctA768	240000	usocket	18	cfg1	5	0.000	0/5	0/5	5	501	0.000
s3ctA768	240000	usocket	18	cfgemb	5	0.000	0/5	0/5	5	501	0.000
s3ctA768	240000	usocket	19	cfg1	5	0.000	0/5	0/5	5	519	0.000
s3ctA768	240000	usocket	19	cfgemb	5	0.000	0/5	0/5	5	519	0.000
s3ctA768	240000	usocket	20	cfg1	5	0.000	0/5	0/5	5	564	0.000
s3ctA768	240000	usocket	20	cfgemb	5	0.000	0/5	0/5	5	564	0.000
s3ctA768	240000	usocket	21	cfg1	5	0.134	0/5	0/5	4	451	0.134
s3ctA768	240000	usocket	21	cfgemb	5	0.164	1/5	0/5	4	451	0.164
s3ctA768	240000	usocket	22	cfg1	5	0.000	0/5	0/5	5	389	0.000
s3ctA768	240000	usocket	22	cfgemb	5	0.000	0/5	0/5	5	389	0.000
s3ctA768	240000	usocket	23	cfg1	5	0.084	0/5	0/5	4	319	0.084
s3ctA768	240000	usocket	23	cfgemb	5	0.120	0/5	0/5	4	319	0.120
s3ctA768	240000	usocket	24	cfg1	5	0.472	2/5	0/5	2	291	0.472
s3ctA768	240000	usocket	24	cfgemb	5	0.195	1/5	0/5	4	291	0.195
s3ctA768	240000	usocket	25	cfg1	5	0.000	0/5	0/5	5	330	0.000
s3ctA768	240000	usocket	25	cfgemb	5	0.000	0/5	0/5	5	330	0.000
s3ctA768	240000	usocket	26	cfg1	5	0.000	0/5	0/5	5	362	0.000
s3ctA768	240000	usocket	26	cfgemb	5	0.002	0/5	0/5	5	362	0.002
s3ctA768	240000	usocket	27	cfg1	5	0.000	0/5	0/5	5	472	0.000
s3ctA768	240000	usocket	27	cfgemb	5	0.000	0/5	0/5	5	472	0.000
s3ctA768	240000	usocket	28	cfg1	5	0.000	0/5	0/5	5	548	0.000
s3ctA768	240000	usocket	28	cfgemb	5	0.000	0/5	0/5	5	548	0.000
s3ctA768	240000	usocket	29	cfg1	5	0.325	1/5	1/5	3	446	0.325
s3ctA768	240000	usocket	29	cfgemb	5	0.000	0/5	0/5	5	446	0.000
s3ctA768	240000	usocket	30	cfg1	5	0.000	0/5	0/5	5	399	0.000
s3ctA768	240000	usocket	30	cfgemb	5	0.000	0/5	0/5	5	399	0.000
s3ctApin	30000	chain	0	cfg1	40	0.422	6/40	1/40	15	688	nan
s3ctApin	30000	chain	0	cfgemb	80	0.202	3/80	0/80	53	688	0.199
s3ctApin	30000	usocket	0	cfg1	80	0.348	14/80	4/80	40	318	0.308
s3ctApin	30000	usocket	0	cfgemb	40	0.410	7/40	0/40	16	318	nan
s3ctApin	60000	chain	0	cfg1	40	0.536	11/40	3/40	10	688	nan
s3ctApin	60000	chain	0	cfgemb	40	0.260	2/40	0/40	23	688	nan
s3ctApin	60000	usocket	0	cfg1	80	0.503	18/80	9/80	22	318	0.528
s3ctApin	60000	usocket	0	cfgemb	80	0.400	14/80	3/80	34	318	0.446
s3ctApin	90000	chain	0	cfg1	80	0.527	13/80	5/80	19	688	0.533
s3ctApin	90000	chain	0	cfgemb	80	0.285	9/80	1/80	46	688	0.288
s3ctApin	90000	usocket	0	cfg1	80	0.546	21/80	9/80	21	318	0.559
s3ctApin	90000	usocket	0	cfgemb	80	0.421	19/80	3/80	34	318	0.381
s3ctApin	120000	chain	0	cfg1	80	0.567	22/80	10/80	17	688	0.638
s3ctApin	120000	chain	0	cfgemb	80	0.316	9/80	0/80	43	688	0.332
s3ctApin	120000	chain	1	cfg1	5	0.100	0/5	0/5	4	745	0.100
s3ctApin	120000	chain	1	cfgemb	5	0.000	0/5	0/5	5	745	0.000
s3ctApin	120000	chain	2	cfg1	5	0.263	0/5	0/5	3	663	0.263
s3ctApin	120000	chain	2	cfgemb	5	0.174	1/5	0/5	4	663	0.174
s3ctApin	120000	chain	3	cfg1	5	0.130	0/5	0/5	4	817	0.130
s3ctApin	120000	chain	3	cfgemb	5	0.133	0/5	0/5	4	817	0.133
s3ctApin	120000	chain	4	cfg1	5	0.319	0/5	0/5	2	719	0.319
s3ctApin	120000	chain	4	cfgemb	5	0.136	0/5	0/5	4	719	0.136
s3ctApin	120000	chain	5	cfg1	5	0.357	0/5	0/5	2	710	0.357
s3ctApin	120000	chain	5	cfgemb	5	0.330	1/5	1/5	3	710	0.330
s3ctApin	120000	chain	6	cfg1	5	0.698	1/5	0/5	0	792	0.698
s3ctApin	120000	chain	6	cfgemb	5	0.091	0/5	0/5	4	792	0.091
s3ctApin	120000	chain	7	cfg1	5	0.244	1/5	1/5	3	957	0.244
s3ctApin	120000	chain	7	cfgemb	5	0.138	0/5	0/5	4	957	0.138
s3ctApin	120000	chain	8	cfg1	5	0.138	0/5	0/5	4	908	0.138
s3ctApin	120000	chain	8	cfgemb	5	0.196	0/5	0/5	3	908	0.196
s3ctApin	120000	chain	9	cfg1	5	0.552	1/5	0/5	1	933	0.552
s3ctApin	120000	chain	9	cfgemb	5	0.167	1/5	0/5	4	933	0.167
s3ctApin	120000	chain	10	cfg1	5	0.341	0/5	0/5	2	794	0.341
s3ctApin	120000	chain	10	cfgemb	5	0.159	0/5	0/5	4	794	0.159
s3ctApin	120000	chain	11	cfg1	5	0.000	0/5	0/5	5	698	0.000
s3ctApin	120000	chain	11	cfgemb	5	0.000	0/5	0/5	5	698	0.000
s3ctApin	120000	chain	12	cfg1	5	0.506	1/5	0/5	1	730	0.506
s3ctApin	120000	chain	12	cfgemb	5	0.115	0/5	0/5	4	730	0.115
s3ctApin	120000	chain	13	cfg1	5	0.411	1/5	1/5	2	820	0.411
s3ctApin	120000	chain	13	cfgemb	5	0.000	0/5	0/5	5	820	0.000
s3ctApin	120000	chain	14	cfg1	5	0.000	0/5	0/5	5	751	0.000
s3ctApin	120000	chain	14	cfgemb	5	0.129	0/5	0/5	4	751	0.129
s3ctApin	120000	chain	15	cfg1	5	0.301	1/5	0/5	3	861	0.301
s3ctApin	120000	chain	15	cfgemb	5	0.000	0/5	0/5	5	861	0.000
s3ctApin	120000	chain	16	cfg1	5	0.423	2/5	0/5	2	1001	0.423
s3ctApin	120000	chain	16	cfgemb	5	0.154	0/5	0/5	4	1001	0.154
s3ctApin	120000	chain	17	cfg1	5	0.437	1/5	0/5	2	1029	0.437
s3ctApin	120000	chain	17	cfgemb	5	0.000	0/5	0/5	5	1029	0.000
s3ctApin	120000	chain	18	cfg1	5	0.383	0/5	0/5	2	1082	0.383
s3ctApin	120000	chain	18	cfgemb	5	0.105	0/5	0/5	4	1082	0.105
s3ctApin	120000	chain	19	cfg1	5	0.118	0/5	0/5	4	1122	0.118
s3ctApin	120000	chain	19	cfgemb	5	0.000	0/5	0/5	5	1122	0.000
s3ctApin	120000	chain	20	cfg1	5	0.566	0/5	0/5	1	1218	0.566
s3ctApin	120000	chain	20	cfgemb	5	0.187	1/5	0/5	4	1218	0.187
s3ctApin	120000	chain	21	cfg1	5	0.273	0/5	0/5	3	974	0.273
s3ctApin	120000	chain	21	cfgemb	5	0.107	0/5	0/5	4	974	0.107
s3ctApin	120000	chain	22	cfg1	5	0.509	2/5	1/5	2	840	0.509
s3ctApin	120000	chain	22	cfgemb	5	0.000	0/5	0/5	5	840	0.000
s3ctApin	120000	chain	23	cfg1	5	0.339	1/5	0/5	3	688	0.339
s3ctApin	120000	chain	23	cfgemb	5	0.492	2/5	1/5	2	688	0.492
s3ctApin	120000	chain	24	cfg1	5	0.124	0/5	0/5	4	629	0.124
s3ctApin	120000	chain	24	cfgemb	5	0.274	1/5	0/5	3	629	0.274
s3ctApin	120000	chain	25	cfg1	5	0.391	0/5	0/5	2	712	0.391
s3ctApin	120000	chain	25	cfgemb	5	0.000	0/5	0/5	5	712	0.000
s3ctApin	120000	chain	26	cfg1	5	0.371	0/5	0/5	2	783	0.371
s3ctApin	120000	chain	26	cfgemb	5	0.000	0/5	0/5	5	783	0.000
s3ctApin	120000	chain	27	cfg1	5	0.163	1/5	0/5	4	1020	0.163
s3ctApin	120000	chain	27	cfgemb	5	0.000	0/5	0/5	5	1020	0.000
s3ctApin	120000	chain	28	cfg1	5	0.511	2/5	1/5	2	1184	0.511
s3ctApin	120000	chain	28	cfgemb	5	0.135	0/5	0/5	4	1184	0.135
s3ctApin	120000	chain	29	cfg1	5	0.334	0/5	0/5	2	963	0.334
s3ctApin	120000	chain	29	cfgemb	5	0.000	0/5	0/5	5	963	0.000
s3ctApin	120000	chain	30	cfg1	5	0.079	0/5	0/5	4	862	0.079
s3ctApin	120000	chain	30	cfgemb	5	0.000	0/5	0/5	5	862	0.000
s3ctApin	120000	usocket	0	cfg1	80	0.609	29/80	18/80	16	318	0.599
s3ctApin	120000	usocket	0	cfgemb	80	0.503	19/80	6/80	22	318	0.566
s3ctApin	120000	usocket	1	cfg1	5	0.000	0/5	0/5	5	345	0.000
s3ctApin	120000	usocket	1	cfgemb	5	0.000	0/5	0/5	5	345	0.000
s3ctApin	120000	usocket	2	cfg1	5	0.000	0/5	0/5	5	307	0.000
s3ctApin	120000	usocket	2	cfgemb	5	0.000	0/5	0/5	5	307	0.000
s3ctApin	120000	usocket	3	cfg1	5	0.124	0/5	0/5	4	378	0.124
s3ctApin	120000	usocket	3	cfgemb	5	0.000	0/5	0/5	5	378	0.000
s3ctApin	120000	usocket	4	cfg1	5	0.000	0/5	0/5	5	333	0.000
s3ctApin	120000	usocket	4	cfgemb	5	0.000	0/5	0/5	5	333	0.000
s3ctApin	120000	usocket	5	cfg1	5	0.000	0/5	0/5	5	328	0.000
s3ctApin	120000	usocket	5	cfgemb	5	0.000	0/5	0/5	5	328	0.000
s3ctApin	120000	usocket	6	cfg1	5	0.000	0/5	0/5	5	367	0.000
s3ctApin	120000	usocket	6	cfgemb	5	0.000	0/5	0/5	5	367	0.000
s3ctApin	120000	usocket	7	cfg1	5	0.000	0/5	0/5	5	443	0.000
s3ctApin	120000	usocket	7	cfgemb	5	0.000	0/5	0/5	5	443	0.000
s3ctApin	120000	usocket	8	cfg1	5	0.000	0/5	0/5	5	420	0.000
s3ctApin	120000	usocket	8	cfgemb	5	0.000	0/5	0/5	5	420	0.000
s3ctApin	120000	usocket	9	cfg1	5	0.000	0/5	0/5	5	432	0.000
s3ctApin	120000	usocket	9	cfgemb	5	0.000	0/5	0/5	5	432	0.000
s3ctApin	120000	usocket	10	cfg1	5	0.077	0/5	0/5	4	368	0.077
s3ctApin	120000	usocket	10	cfgemb	5	0.191	1/5	1/5	4	368	0.191
s3ctApin	120000	usocket	11	cfg1	5	0.101	0/5	0/5	4	323	0.101
s3ctApin	120000	usocket	11	cfgemb	5	0.000	0/5	0/5	5	323	0.000
s3ctApin	120000	usocket	12	cfg1	5	0.138	0/5	0/5	4	338	0.138
s3ctApin	120000	usocket	12	cfgemb	5	0.000	0/5	0/5	5	338	0.000
s3ctApin	120000	usocket	13	cfg1	5	0.000	0/5	0/5	5	380	0.000
s3ctApin	120000	usocket	13	cfgemb	5	0.000	0/5	0/5	5	380	0.000
s3ctApin	120000	usocket	14	cfg1	5	0.168	1/5	0/5	4	348	0.168
s3ctApin	120000	usocket	14	cfgemb	5	0.106	0/5	0/5	4	348	0.106
s3ctApin	120000	usocket	15	cfg1	5	0.000	0/5	0/5	5	399	0.000
s3ctApin	120000	usocket	15	cfgemb	5	0.000	0/5	0/5	5	399	0.000
s3ctApin	120000	usocket	16	cfg1	5	0.000	0/5	0/5	5	463	0.000
s3ctApin	120000	usocket	16	cfgemb	5	0.000	0/5	0/5	5	463	0.000
s3ctApin	120000	usocket	17	cfg1	5	0.000	0/5	0/5	5	476	0.000
s3ctApin	120000	usocket	17	cfgemb	5	0.000	0/5	0/5	5	476	0.000
s3ctApin	120000	usocket	18	cfg1	5	0.000	0/5	0/5	5	501	0.000
s3ctApin	120000	usocket	18	cfgemb	5	0.000	0/5	0/5	5	501	0.000
s3ctApin	120000	usocket	19	cfg1	5	0.104	0/5	0/5	4	519	0.104
s3ctApin	120000	usocket	19	cfgemb	5	0.000	0/5	0/5	5	519	0.000
s3ctApin	120000	usocket	20	cfg1	5	0.000	0/5	0/5	5	564	0.000
s3ctApin	120000	usocket	20	cfgemb	5	0.000	0/5	0/5	5	564	0.000
s3ctApin	120000	usocket	21	cfg1	5	0.163	1/5	0/5	4	451	0.163
s3ctApin	120000	usocket	21	cfgemb	5	0.000	0/5	0/5	5	451	0.000
s3ctApin	120000	usocket	22	cfg1	5	0.000	0/5	0/5	5	389	0.000
s3ctApin	120000	usocket	22	cfgemb	5	0.000	0/5	0/5	5	389	0.000
s3ctApin	120000	usocket	23	cfg1	5	0.000	0/5	0/5	5	319	0.000
s3ctApin	120000	usocket	23	cfgemb	5	0.000	0/5	0/5	5	319	0.000
s3ctApin	120000	usocket	24	cfg1	5	0.088	0/5	0/5	4	291	0.088
s3ctApin	120000	usocket	24	cfgemb	5	0.127	0/5	0/5	4	291	0.127
s3ctApin	120000	usocket	25	cfg1	5	0.002	0/5	0/5	5	330	0.002
s3ctApin	120000	usocket	25	cfgemb	5	0.000	0/5	0/5	5	330	0.000
s3ctApin	120000	usocket	26	cfg1	5	0.000	0/5	0/5	5	362	0.000
s3ctApin	120000	usocket	26	cfgemb	5	0.000	0/5	0/5	5	362	0.000
s3ctApin	120000	usocket	27	cfg1	5	0.000	0/5	0/5	5	472	0.000
s3ctApin	120000	usocket	27	cfgemb	5	0.000	0/5	0/5	5	472	0.000
s3ctApin	120000	usocket	28	cfg1	5	0.000	0/5	0/5	5	548	0.000
s3ctApin	120000	usocket	28	cfgemb	5	0.000	0/5	0/5	5	548	0.000
s3ctApin	120000	usocket	29	cfg1	5	0.063	0/5	0/5	4	446	0.063
s3ctApin	120000	usocket	29	cfgemb	5	0.000	0/5	0/5	5	446	0.000
s3ctApin	120000	usocket	30	cfg1	5	0.077	0/5	0/5	4	399	0.077
s3ctApin	120000	usocket	30	cfgemb	5	0.000	0/5	0/5	5	399	0.000
s3ctApin	150000	chain	0	cfg1	80	0.614	23/80	13/80	13	688	0.612
s3ctApin	150000	chain	0	cfgemb	80	0.421	16/80	6/80	34	688	0.356
s3ctApin	150000	usocket	0	cfg1	80	0.674	34/80	21/80	13	318	0.660
s3ctApin	150000	usocket	0	cfgemb	80	0.503	24/80	7/80	25	318	0.458
s3ctApin	180000	chain	0	cfg1	80	0.582	22/80	16/80	19	688	0.563
s3ctApin	180000	chain	0	cfgemb	80	0.365	12/80	2/80	38	688	0.362
s3ctApin	180000	chain	1	cfg1	5	0.555	1/5	0/5	1	745	0.555
s3ctApin	180000	chain	1	cfgemb	5	0.122	0/5	0/5	4	745	0.122
s3ctApin	180000	chain	2	cfg1	5	0.495	0/5	0/5	1	663	0.495
s3ctApin	180000	chain	2	cfgemb	5	0.000	0/5	0/5	5	663	0.000
s3ctApin	180000	chain	3	cfg1	5	0.321	1/5	0/5	3	817	0.321
s3ctApin	180000	chain	3	cfgemb	5	0.000	0/5	0/5	5	817	0.000
s3ctApin	180000	chain	4	cfg1	5	0.389	0/5	0/5	2	719	0.389
s3ctApin	180000	chain	4	cfgemb	5	0.000	0/5	0/5	5	719	0.000
s3ctApin	180000	chain	5	cfg1	5	0.309	1/5	0/5	3	710	0.309
s3ctApin	180000	chain	5	cfgemb	5	0.000	0/5	0/5	5	710	0.000
s3ctApin	180000	chain	6	cfg1	5	0.276	0/5	0/5	3	792	0.276
s3ctApin	180000	chain	6	cfgemb	5	0.000	0/5	0/5	5	792	0.000
s3ctApin	180000	chain	7	cfg1	5	0.531	0/5	0/5	1	957	0.531
s3ctApin	180000	chain	7	cfgemb	5	0.000	0/5	0/5	5	957	0.000
s3ctApin	180000	chain	8	cfg1	5	0.138	0/5	0/5	4	908	0.138
s3ctApin	180000	chain	8	cfgemb	5	0.132	0/5	0/5	4	908	0.132
s3ctApin	180000	chain	9	cfg1	5	0.447	1/5	0/5	2	933	0.447
s3ctApin	180000	chain	9	cfgemb	5	0.000	0/5	0/5	5	933	0.000
s3ctApin	180000	chain	10	cfg1	5	0.312	1/5	0/5	3	794	0.312
s3ctApin	180000	chain	10	cfgemb	5	0.132	0/5	0/5	4	794	0.132
s3ctApin	180000	chain	11	cfg1	5	0.148	0/5	0/5	4	698	0.148
s3ctApin	180000	chain	11	cfgemb	5	0.092	0/5	0/5	4	698	0.092
s3ctApin	180000	chain	12	cfg1	5	0.445	0/5	0/5	1	730	0.445
s3ctApin	180000	chain	12	cfgemb	5	0.238	0/5	0/5	3	730	0.238
s3ctApin	180000	chain	13	cfg1	5	0.299	1/5	0/5	3	820	0.299
s3ctApin	180000	chain	13	cfgemb	5	0.000	0/5	0/5	5	820	0.000
s3ctApin	180000	chain	14	cfg1	5	0.217	0/5	0/5	3	751	0.217
s3ctApin	180000	chain	14	cfgemb	5	0.000	0/5	0/5	5	751	0.000
s3ctApin	180000	chain	15	cfg1	5	0.383	1/5	0/5	2	861	0.383
s3ctApin	180000	chain	15	cfgemb	5	0.000	0/5	0/5	5	861	0.000
s3ctApin	180000	chain	16	cfg1	5	0.387	1/5	0/5	2	1001	0.387
s3ctApin	180000	chain	16	cfgemb	5	0.000	0/5	0/5	5	1001	0.000
s3ctApin	180000	chain	17	cfg1	5	0.230	0/5	0/5	3	1029	0.230
s3ctApin	180000	chain	17	cfgemb	5	0.189	1/5	0/5	4	1029	0.189
s3ctApin	180000	chain	18	cfg1	5	0.267	0/5	0/5	3	1082	0.267
s3ctApin	180000	chain	18	cfgemb	5	0.136	0/5	0/5	4	1082	0.136
s3ctApin	180000	chain	19	cfg1	5	0.130	0/5	0/5	4	1122	0.130
s3ctApin	180000	chain	19	cfgemb	5	0.000	0/5	0/5	5	1122	0.000
s3ctApin	180000	chain	20	cfg1	5	0.365	0/5	0/5	2	1218	0.365
s3ctApin	180000	chain	20	cfgemb	5	0.000	0/5	0/5	5	1218	0.000
s3ctApin	180000	chain	21	cfg1	5	0.233	0/5	0/5	3	974	0.233
s3ctApin	180000	chain	21	cfgemb	5	0.000	0/5	0/5	5	974	0.000
s3ctApin	180000	chain	22	cfg1	5	0.225	0/5	0/5	3	840	0.225
s3ctApin	180000	chain	22	cfgemb	5	0.000	0/5	0/5	5	840	0.000
s3ctApin	180000	chain	23	cfg1	5	0.381	0/5	0/5	2	688	0.381
s3ctApin	180000	chain	23	cfgemb	5	0.186	1/5	0/5	4	688	0.186
s3ctApin	180000	chain	24	cfg1	5	0.336	0/5	0/5	2	629	0.336
s3ctApin	180000	chain	24	cfgemb	5	0.299	1/5	0/5	3	629	0.299
s3ctApin	180000	chain	25	cfg1	5	0.500	0/5	0/5	1	712	0.500
s3ctApin	180000	chain	25	cfgemb	5	0.321	1/5	0/5	3	712	0.321
s3ctApin	180000	chain	26	cfg1	5	0.256	0/5	0/5	3	783	0.256
s3ctApin	180000	chain	26	cfgemb	5	0.109	0/5	0/5	4	783	0.109
s3ctApin	180000	chain	27	cfg1	5	0.138	0/5	0/5	4	1020	0.138
s3ctApin	180000	chain	27	cfgemb	5	0.033	0/5	0/5	4	1020	0.033
s3ctApin	180000	chain	28	cfg1	5	0.236	0/5	0/5	3	1184	0.236
s3ctApin	180000	chain	28	cfgemb	5	0.182	1/5	0/5	4	1184	0.182
s3ctApin	180000	chain	29	cfg1	5	0.333	0/5	0/5	2	963	0.333
s3ctApin	180000	chain	29	cfgemb	5	0.133	0/5	0/5	4	963	0.133
s3ctApin	180000	chain	30	cfg1	5	0.218	1/5	1/5	3	862	0.218
s3ctApin	180000	chain	30	cfgemb	5	0.000	0/5	0/5	5	862	0.000
s3ctApin	180000	usocket	0	cfg1	80	0.592	21/80	17/80	18	318	0.595
s3ctApin	180000	usocket	0	cfgemb	80	0.508	19/80	7/80	23	318	0.479
s3ctApin	180000	usocket	1	cfg1	5	0.000	0/5	0/5	5	345	0.000
s3ctApin	180000	usocket	1	cfgemb	5	0.121	0/5	0/5	4	345	0.121
s3ctApin	180000	usocket	2	cfg1	5	0.067	0/5	0/5	4	307	0.067
s3ctApin	180000	usocket	2	cfgemb	5	0.000	0/5	0/5	5	307	0.000
s3ctApin	180000	usocket	3	cfg1	5	0.185	1/5	0/5	4	378	0.185
s3ctApin	180000	usocket	3	cfgemb	5	0.000	0/5	0/5	5	378	0.000
s3ctApin	180000	usocket	4	cfg1	5	0.000	0/5	0/5	5	333	0.000
s3ctApin	180000	usocket	4	cfgemb	5	0.000	0/5	0/5	5	333	0.000
s3ctApin	180000	usocket	5	cfg1	5	0.000	0/5	0/5	5	328	0.000
s3ctApin	180000	usocket	5	cfgemb	5	0.000	0/5	0/5	5	328	0.000
s3ctApin	180000	usocket	6	cfg1	5	0.000	0/5	0/5	5	367	0.000
s3ctApin	180000	usocket	6	cfgemb	5	0.000	0/5	0/5	5	367	0.000
s3ctApin	180000	usocket	7	cfg1	5	0.000	0/5	0/5	5	443	0.000
s3ctApin	180000	usocket	7	cfgemb	5	0.000	0/5	0/5	5	443	0.000
s3ctApin	180000	usocket	8	cfg1	5	0.000	0/5	0/5	5	420	0.000
s3ctApin	180000	usocket	8	cfgemb	5	0.000	0/5	0/5	5	420	0.000
s3ctApin	180000	usocket	9	cfg1	5	0.000	0/5	0/5	5	432	0.000
s3ctApin	180000	usocket	9	cfgemb	5	0.193	1/5	1/5	4	432	0.193
s3ctApin	180000	usocket	10	cfg1	5	0.000	0/5	0/5	5	368	0.000
s3ctApin	180000	usocket	10	cfgemb	5	0.000	0/5	0/5	5	368	0.000
s3ctApin	180000	usocket	11	cfg1	5	0.100	0/5	0/5	4	323	0.100
s3ctApin	180000	usocket	11	cfgemb	5	0.000	0/5	0/5	5	323	0.000
s3ctApin	180000	usocket	12	cfg1	5	0.138	0/5	0/5	4	338	0.138
s3ctApin	180000	usocket	12	cfgemb	5	0.010	0/5	0/5	5	338	0.010
s3ctApin	180000	usocket	13	cfg1	5	0.126	0/5	0/5	4	380	0.126
s3ctApin	180000	usocket	13	cfgemb	5	0.000	0/5	0/5	5	380	0.000
s3ctApin	180000	usocket	14	cfg1	5	0.125	0/5	0/5	4	348	0.125
s3ctApin	180000	usocket	14	cfgemb	5	0.000	0/5	0/5	5	348	0.000
s3ctApin	180000	usocket	15	cfg1	5	0.000	0/5	0/5	5	399	0.000
s3ctApin	180000	usocket	15	cfgemb	5	0.000	0/5	0/5	5	399	0.000
s3ctApin	180000	usocket	16	cfg1	5	0.000	0/5	0/5	5	463	0.000
s3ctApin	180000	usocket	16	cfgemb	5	0.000	0/5	0/5	5	463	0.000
s3ctApin	180000	usocket	17	cfg1	5	0.000	0/5	0/5	5	476	0.000
s3ctApin	180000	usocket	17	cfgemb	5	0.000	0/5	0/5	5	476	0.000
s3ctApin	180000	usocket	18	cfg1	5	0.000	0/5	0/5	5	501	0.000
s3ctApin	180000	usocket	18	cfgemb	5	0.000	0/5	0/5	5	501	0.000
s3ctApin	180000	usocket	19	cfg1	5	0.000	0/5	0/5	5	519	0.000
s3ctApin	180000	usocket	19	cfgemb	5	0.000	0/5	0/5	5	519	0.000
s3ctApin	180000	usocket	20	cfg1	5	0.000	0/5	0/5	5	564	0.000
s3ctApin	180000	usocket	20	cfgemb	5	0.000	0/5	0/5	5	564	0.000
s3ctApin	180000	usocket	21	cfg1	5	0.000	0/5	0/5	5	451	0.000
s3ctApin	180000	usocket	21	cfgemb	5	0.000	0/5	0/5	5	451	0.000
s3ctApin	180000	usocket	22	cfg1	5	0.030	0/5	0/5	4	389	0.030
s3ctApin	180000	usocket	22	cfgemb	5	0.000	0/5	0/5	5	389	0.000
s3ctApin	180000	usocket	23	cfg1	5	0.000	0/5	0/5	5	319	0.000
s3ctApin	180000	usocket	23	cfgemb	5	0.000	0/5	0/5	5	319	0.000
s3ctApin	180000	usocket	24	cfg1	5	0.181	0/5	0/5	3	291	0.181
s3ctApin	180000	usocket	24	cfgemb	5	0.081	0/5	0/5	4	291	0.081
s3ctApin	180000	usocket	25	cfg1	5	0.000	0/5	0/5	5	330	0.000
s3ctApin	180000	usocket	25	cfgemb	5	0.000	0/5	0/5	5	330	0.000
s3ctApin	180000	usocket	26	cfg1	5	0.134	0/5	0/5	4	362	0.134
s3ctApin	180000	usocket	26	cfgemb	5	0.000	0/5	0/5	5	362	0.000
s3ctApin	180000	usocket	27	cfg1	5	0.000	0/5	0/5	5	472	0.000
s3ctApin	180000	usocket	27	cfgemb	5	0.000	0/5	0/5	5	472	0.000
s3ctApin	180000	usocket	28	cfg1	5	0.131	0/5	0/5	4	548	0.131
s3ctApin	180000	usocket	28	cfgemb	5	0.000	0/5	0/5	5	548	0.000
s3ctApin	180000	usocket	29	cfg1	5	0.000	0/5	0/5	5	446	0.000
s3ctApin	180000	usocket	29	cfgemb	5	0.000	0/5	0/5	5	446	0.000
s3ctApin	180000	usocket	30	cfg1	5	0.000	0/5	0/5	5	399	0.000
s3ctApin	180000	usocket	30	cfgemb	5	0.103	0/5	0/5	4	399	0.103
s3ctApin	210000	chain	0	cfg1	80	0.640	24/80	13/80	13	688	0.647
s3ctApin	210000	chain	0	cfgemb	80	0.325	15/80	3/80	45	688	0.366
s3ctApin	210000	usocket	0	cfg1	80	0.643	30/80	21/80	12	318	0.663
s3ctApin	210000	usocket	0	cfgemb	80	0.542	22/80	12/80	23	318	0.517
s3ctApin	240000	chain	0	cfg1	80	0.637	26/80	22/80	14	688	0.657
s3ctApin	240000	chain	0	cfgemb	80	0.443	18/80	4/80	32	688	0.439
s3ctApin	240000	chain	1	cfg1	5	0.137	0/5	0/5	4	745	0.137
s3ctApin	240000	chain	1	cfgemb	5	0.000	0/5	0/5	5	745	0.000
s3ctApin	240000	chain	2	cfg1	5	0.323	2/5	0/5	3	663	0.323
s3ctApin	240000	chain	2	cfgemb	5	0.000	0/5	0/5	5	663	0.000
s3ctApin	240000	chain	3	cfg1	5	0.337	1/5	1/5	3	817	0.337
s3ctApin	240000	chain	3	cfgemb	5	0.000	0/5	0/5	5	817	0.000
s3ctApin	240000	chain	4	cfg1	5	0.181	1/5	0/5	4	719	0.181
s3ctApin	240000	chain	4	cfgemb	5	0.000	0/5	0/5	5	719	0.000
s3ctApin	240000	chain	5	cfg1	5	0.566	1/5	1/5	1	710	0.566
s3ctApin	240000	chain	5	cfgemb	5	0.301	1/5	0/5	3	710	0.301
s3ctApin	240000	chain	6	cfg1	5	0.389	0/5	0/5	2	792	0.389
s3ctApin	240000	chain	6	cfgemb	5	0.194	1/5	1/5	4	792	0.194
s3ctApin	240000	chain	7	cfg1	5	0.359	0/5	0/5	2	957	0.359
s3ctApin	240000	chain	7	cfgemb	5	0.074	0/5	0/5	4	957	0.074
s3ctApin	240000	chain	8	cfg1	5	0.367	0/5	0/5	2	908	0.367
s3ctApin	240000	chain	8	cfgemb	5	0.000	0/5	0/5	5	908	0.000
s3ctApin	240000	chain	9	cfg1	5	0.410	0/5	0/5	2	933	0.410
s3ctApin	240000	chain	9	cfgemb	5	0.271	1/5	0/5	3	933	0.271
s3ctApin	240000	chain	10	cfg1	5	0.327	1/5	1/5	3	794	0.327
s3ctApin	240000	chain	10	cfgemb	5	0.000	0/5	0/5	5	794	0.000
s3ctApin	240000	chain	11	cfg1	5	0.212	1/5	1/5	4	698	0.212
s3ctApin	240000	chain	11	cfgemb	5	0.000	0/5	0/5	5	698	0.000
s3ctApin	240000	chain	12	cfg1	5	0.227	0/5	0/5	3	730	0.227
s3ctApin	240000	chain	12	cfgemb	5	0.000	0/5	0/5	5	730	0.000
s3ctApin	240000	chain	13	cfg1	5	0.293	1/5	0/5	3	820	0.293
s3ctApin	240000	chain	13	cfgemb	5	0.264	0/5	0/5	3	820	0.264
s3ctApin	240000	chain	14	cfg1	5	0.135	0/5	0/5	4	751	0.135
s3ctApin	240000	chain	14	cfgemb	5	0.180	1/5	0/5	4	751	0.180
s3ctApin	240000	chain	15	cfg1	5	0.245	0/5	0/5	3	861	0.245
s3ctApin	240000	chain	15	cfgemb	5	0.000	0/5	0/5	5	861	0.000
s3ctApin	240000	chain	16	cfg1	5	0.628	0/5	0/5	0	1001	0.628
s3ctApin	240000	chain	16	cfgemb	5	0.263	0/5	0/5	3	1001	0.263
s3ctApin	240000	chain	17	cfg1	5	0.348	1/5	0/5	3	1029	0.348
s3ctApin	240000	chain	17	cfgemb	5	0.000	0/5	0/5	5	1029	0.000
s3ctApin	240000	chain	18	cfg1	5	0.130	0/5	0/5	4	1082	0.130
s3ctApin	240000	chain	18	cfgemb	5	0.381	0/5	0/5	2	1082	0.381
s3ctApin	240000	chain	19	cfg1	5	0.515	0/5	0/5	1	1122	0.515
s3ctApin	240000	chain	19	cfgemb	5	0.437	1/5	0/5	2	1122	0.437
s3ctApin	240000	chain	20	cfg1	5	0.179	1/5	0/5	4	1218	0.179
s3ctApin	240000	chain	20	cfgemb	5	0.138	0/5	0/5	4	1218	0.138
s3ctApin	240000	chain	21	cfg1	5	0.266	0/5	0/5	3	974	0.266
s3ctApin	240000	chain	21	cfgemb	5	0.105	0/5	0/5	4	974	0.105
s3ctApin	240000	chain	22	cfg1	5	0.600	1/5	0/5	1	840	0.600
s3ctApin	240000	chain	22	cfgemb	5	0.137	0/5	0/5	4	840	0.137
s3ctApin	240000	chain	23	cfg1	5	0.271	0/5	0/5	3	688	0.271
s3ctApin	240000	chain	23	cfgemb	5	0.138	0/5	0/5	4	688	0.138
s3ctApin	240000	chain	24	cfg1	5	0.470	2/5	0/5	2	629	0.470
s3ctApin	240000	chain	24	cfgemb	5	0.272	0/5	0/5	3	629	0.272
s3ctApin	240000	chain	25	cfg1	5	0.294	0/5	0/5	3	712	0.294
s3ctApin	240000	chain	25	cfgemb	5	0.137	0/5	0/5	4	712	0.137
s3ctApin	240000	chain	26	cfg1	5	0.422	1/5	0/5	2	783	0.422
s3ctApin	240000	chain	26	cfgemb	5	0.385	0/5	0/5	2	783	0.385
s3ctApin	240000	chain	27	cfg1	5	0.374	1/5	1/5	2	1020	0.374
s3ctApin	240000	chain	27	cfgemb	5	0.000	0/5	0/5	5	1020	0.000
s3ctApin	240000	chain	28	cfg1	5	0.660	2/5	2/5	1	1184	0.660
s3ctApin	240000	chain	28	cfgemb	5	0.000	0/5	0/5	5	1184	0.000
s3ctApin	240000	chain	29	cfg1	5	0.159	0/5	0/5	3	963	0.159
s3ctApin	240000	chain	29	cfgemb	5	0.000	0/5	0/5	5	963	0.000
s3ctApin	240000	chain	30	cfg1	5	0.332	1/5	1/5	3	862	0.332
s3ctApin	240000	chain	30	cfgemb	5	0.138	0/5	0/5	4	862	0.138
s3ctApin	240000	usocket	0	cfg1	80	0.616	26/80	20/80	16	318	0.589
s3ctApin	240000	usocket	0	cfgemb	80	0.499	16/80	6/80	24	318	0.504
s3ctApin	240000	usocket	1	cfg1	5	0.000	0/5	0/5	5	345	0.000
s3ctApin	240000	usocket	1	cfgemb	5	0.000	0/5	0/5	5	345	0.000
s3ctApin	240000	usocket	2	cfg1	5	0.054	0/5	0/5	4	307	0.054
s3ctApin	240000	usocket	2	cfgemb	5	0.000	0/5	0/5	5	307	0.000
s3ctApin	240000	usocket	3	cfg1	5	0.000	0/5	0/5	5	378	0.000
s3ctApin	240000	usocket	3	cfgemb	5	0.000	0/5	0/5	5	378	0.000
s3ctApin	240000	usocket	4	cfg1	5	0.000	0/5	0/5	5	333	0.000
s3ctApin	240000	usocket	4	cfgemb	5	0.000	0/5	0/5	5	333	0.000
s3ctApin	240000	usocket	5	cfg1	5	0.000	0/5	0/5	5	328	0.000
s3ctApin	240000	usocket	5	cfgemb	5	0.000	0/5	0/5	5	328	0.000
s3ctApin	240000	usocket	6	cfg1	5	0.000	0/5	0/5	5	367	0.000
s3ctApin	240000	usocket	6	cfgemb	5	0.000	0/5	0/5	5	367	0.000
s3ctApin	240000	usocket	7	cfg1	5	0.000	0/5	0/5	5	443	0.000
s3ctApin	240000	usocket	7	cfgemb	5	0.000	0/5	0/5	5	443	0.000
s3ctApin	240000	usocket	8	cfg1	5	0.000	0/5	0/5	5	420	0.000
s3ctApin	240000	usocket	8	cfgemb	5	0.000	0/5	0/5	5	420	0.000
s3ctApin	240000	usocket	9	cfg1	5	0.000	0/5	0/5	5	432	0.000
s3ctApin	240000	usocket	9	cfgemb	5	0.000	0/5	0/5	5	432	0.000
s3ctApin	240000	usocket	10	cfg1	5	0.088	0/5	0/5	4	368	0.088
s3ctApin	240000	usocket	10	cfgemb	5	0.169	1/5	0/5	4	368	0.169
s3ctApin	240000	usocket	11	cfg1	5	0.000	0/5	0/5	5	323	0.000
s3ctApin	240000	usocket	11	cfgemb	5	0.076	0/5	0/5	4	323	0.076
s3ctApin	240000	usocket	12	cfg1	5	0.339	1/5	1/5	3	338	0.339
s3ctApin	240000	usocket	12	cfgemb	5	0.000	0/5	0/5	5	338	0.000
s3ctApin	240000	usocket	13	cfg1	5	0.000	0/5	0/5	5	380	0.000
s3ctApin	240000	usocket	13	cfgemb	5	0.000	0/5	0/5	5	380	0.000
s3ctApin	240000	usocket	14	cfg1	5	0.195	1/5	1/5	4	348	0.195
s3ctApin	240000	usocket	14	cfgemb	5	0.170	1/5	0/5	4	348	0.170
s3ctApin	240000	usocket	15	cfg1	5	0.000	0/5	0/5	5	399	0.000
s3ctApin	240000	usocket	15	cfgemb	5	0.000	0/5	0/5	5	399	0.000
s3ctApin	240000	usocket	16	cfg1	5	0.000	0/5	0/5	5	463	0.000
s3ctApin	240000	usocket	16	cfgemb	5	0.000	0/5	0/5	5	463	0.000
s3ctApin	240000	usocket	17	cfg1	5	0.000	0/5	0/5	5	476	0.000
s3ctApin	240000	usocket	17	cfgemb	5	0.000	0/5	0/5	5	476	0.000
s3ctApin	240000	usocket	18	cfg1	5	0.125	0/5	0/5	4	501	0.125
s3ctApin	240000	usocket	18	cfgemb	5	0.000	0/5	0/5	5	501	0.000
s3ctApin	240000	usocket	19	cfg1	5	0.000	0/5	0/5	5	519	0.000
s3ctApin	240000	usocket	19	cfgemb	5	0.000	0/5	0/5	5	519	0.000
s3ctApin	240000	usocket	20	cfg1	5	0.000	0/5	0/5	5	564	0.000
s3ctApin	240000	usocket	20	cfgemb	5	0.000	0/5	0/5	5	564	0.000
s3ctApin	240000	usocket	21	cfg1	5	0.000	0/5	0/5	5	451	0.000
s3ctApin	240000	usocket	21	cfgemb	5	0.000	0/5	0/5	5	451	0.000
s3ctApin	240000	usocket	22	cfg1	5	0.089	0/5	0/5	4	389	0.089
s3ctApin	240000	usocket	22	cfgemb	5	0.000	0/5	0/5	5	389	0.000
s3ctApin	240000	usocket	23	cfg1	5	0.309	1/5	0/5	3	319	0.309
s3ctApin	240000	usocket	23	cfgemb	5	0.000	0/5	0/5	5	319	0.000
s3ctApin	240000	usocket	24	cfg1	5	0.262	0/5	0/5	3	291	0.262
s3ctApin	240000	usocket	24	cfgemb	5	0.243	0/5	0/5	3	291	0.243
s3ctApin	240000	usocket	25	cfg1	5	0.044	0/5	0/5	4	330	0.044
s3ctApin	240000	usocket	25	cfgemb	5	0.000	0/5	0/5	5	330	0.000
s3ctApin	240000	usocket	26	cfg1	5	0.138	0/5	0/5	4	362	0.138
s3ctApin	240000	usocket	26	cfgemb	5	0.127	0/5	0/5	4	362	0.127
s3ctApin	240000	usocket	27	cfg1	5	0.029	0/5	0/5	4	472	0.029
s3ctApin	240000	usocket	27	cfgemb	5	0.000	0/5	0/5	5	472	0.000
s3ctApin	240000	usocket	28	cfg1	5	0.000	0/5	0/5	5	548	0.000
s3ctApin	240000	usocket	28	cfgemb	5	0.000	0/5	0/5	5	548	0.000
s3ctApin	240000	usocket	29	cfg1	5	0.167	1/5	0/5	4	446	0.167
s3ctApin	240000	usocket	29	cfgemb	5	0.000	0/5	0/5	5	446	0.000
s3ctApin	240000	usocket	30	cfg1	5	0.000	0/5	0/5	5	399	0.000
s3ctApin	240000	usocket	30	cfgemb	5	0.000	0/5	0/5	5	399	0.000
s3ctApinAnn	30000	chain	0	cfg1	80	0.473	12/80	3/80	22	688	0.483
s3ctApinAnn	30000	chain	0	cfgemb	80	0.217	3/80	0/80	51	688	0.228
s3ctApinAnn	30000	usocket	0	cfg1	80	0.365	12/80	1/80	36	318	0.358
s3ctApinAnn	30000	usocket	0	cfgemb	80	0.347	12/80	1/80	40	318	0.330
s3ctApinAnn	60000	chain	0	cfg1	80	0.531	13/80	3/80	18	688	0.504
s3ctApinAnn	60000	chain	0	cfgemb	80	0.291	5/80	1/80	44	688	0.293
s3ctApinAnn	60000	usocket	0	cfg1	80	0.500	16/80	7/80	22	318	0.463
s3ctApinAnn	60000	usocket	0	cfgemb	80	0.343	15/80	4/80	41	318	0.321
s3ctApinAnn	90000	chain	0	cfg1	80	0.587	26/80	8/80	17	688	0.579
s3ctApinAnn	90000	chain	0	cfgemb	80	0.287	7/80	1/80	47	688	0.224
s3ctApinAnn	90000	usocket	0	cfg1	80	0.584	23/80	10/80	17	318	0.522
s3ctApinAnn	90000	usocket	0	cfgemb	80	0.497	17/80	6/80	24	318	0.518
s3ctApinAnn	120000	chain	0	cfg1	80	0.548	17/80	10/80	20	688	0.552
s3ctApinAnn	120000	chain	0	cfgemb	80	0.324	11/80	3/80	43	688	0.282
s3ctApinAnn	120000	chain	1	cfg1	5	0.369	0/5	0/5	2	745	0.369
s3ctApinAnn	120000	chain	1	cfgemb	5	0.000	0/5	0/5	5	745	0.000
s3ctApinAnn	120000	chain	2	cfg1	5	0.603	2/5	2/5	1	663	0.603
s3ctApinAnn	120000	chain	2	cfgemb	5	0.178	1/5	0/5	4	663	0.178
s3ctApinAnn	120000	chain	3	cfg1	5	0.274	0/5	0/5	3	817	0.274
s3ctApinAnn	120000	chain	3	cfgemb	5	0.150	0/5	0/5	3	817	0.150
s3ctApinAnn	120000	chain	4	cfg1	5	0.440	1/5	0/5	1	719	0.440
s3ctApinAnn	120000	chain	4	cfgemb	5	0.000	0/5	0/5	5	719	0.000
s3ctApinAnn	120000	chain	5	cfg1	5	0.136	0/5	0/5	4	710	0.136
s3ctApinAnn	120000	chain	5	cfgemb	5	0.382	0/5	0/5	2	710	0.382
s3ctApinAnn	120000	chain	6	cfg1	5	0.145	0/5	0/5	4	792	0.145
s3ctApinAnn	120000	chain	6	cfgemb	5	0.134	0/5	0/5	4	792	0.134
s3ctApinAnn	120000	chain	7	cfg1	5	0.171	0/5	0/5	3	957	0.171
s3ctApinAnn	120000	chain	7	cfgemb	5	0.133	0/5	0/5	4	957	0.133
s3ctApinAnn	120000	chain	8	cfg1	5	0.120	0/5	0/5	4	908	0.120
s3ctApinAnn	120000	chain	8	cfgemb	5	0.000	0/5	0/5	5	908	0.000
s3ctApinAnn	120000	chain	9	cfg1	5	0.439	1/5	0/5	2	933	0.439
s3ctApinAnn	120000	chain	9	cfgemb	5	0.062	0/5	0/5	4	933	0.062
s3ctApinAnn	120000	chain	10	cfg1	5	0.275	0/5	0/5	3	794	0.275
s3ctApinAnn	120000	chain	10	cfgemb	5	0.306	1/5	0/5	3	794	0.306
s3ctApinAnn	120000	chain	11	cfg1	5	0.381	1/5	1/5	2	698	0.381
s3ctApinAnn	120000	chain	11	cfgemb	5	0.000	0/5	0/5	5	698	0.000
s3ctApinAnn	120000	chain	12	cfg1	5	0.582	2/5	0/5	1	730	0.582
s3ctApinAnn	120000	chain	12	cfgemb	5	0.180	1/5	0/5	4	730	0.180
s3ctApinAnn	120000	chain	13	cfg1	5	0.170	1/5	0/5	4	820	0.170
s3ctApinAnn	120000	chain	13	cfgemb	5	0.000	0/5	0/5	5	820	0.000
s3ctApinAnn	120000	chain	14	cfg1	5	0.134	0/5	0/5	4	751	0.134
s3ctApinAnn	120000	chain	14	cfgemb	5	0.003	0/5	0/5	5	751	0.003
s3ctApinAnn	120000	chain	15	cfg1	5	0.262	1/5	0/5	3	861	0.262
s3ctApinAnn	120000	chain	15	cfgemb	5	0.000	0/5	0/5	5	861	0.000
s3ctApinAnn	120000	chain	16	cfg1	5	0.454	1/5	0/5	2	1001	0.454
s3ctApinAnn	120000	chain	16	cfgemb	5	0.239	0/5	0/5	3	1001	0.239
s3ctApinAnn	120000	chain	17	cfg1	5	0.134	0/5	0/5	4	1029	0.134
s3ctApinAnn	120000	chain	17	cfgemb	5	0.000	0/5	0/5	5	1029	0.000
s3ctApinAnn	120000	chain	18	cfg1	5	0.428	1/5	1/5	2	1082	0.428
s3ctApinAnn	120000	chain	18	cfgemb	5	0.281	0/5	0/5	3	1082	0.281
s3ctApinAnn	120000	chain	19	cfg1	5	0.476	1/5	1/5	2	1122	0.476
s3ctApinAnn	120000	chain	19	cfgemb	5	0.000	0/5	0/5	5	1122	0.000
s3ctApinAnn	120000	chain	20	cfg1	5	0.137	0/5	0/5	4	1218	0.137
s3ctApinAnn	120000	chain	20	cfgemb	5	0.000	0/5	0/5	5	1218	0.000
s3ctApinAnn	120000	chain	21	cfg1	5	0.242	0/5	0/5	3	974	0.242
s3ctApinAnn	120000	chain	21	cfgemb	5	0.318	1/5	0/5	3	974	0.318
s3ctApinAnn	120000	chain	22	cfg1	5	0.558	1/5	0/5	1	840	0.558
s3ctApinAnn	120000	chain	22	cfgemb	5	0.000	0/5	0/5	5	840	0.000
s3ctApinAnn	120000	chain	23	cfg1	5	0.449	1/5	0/5	2	688	0.449
s3ctApinAnn	120000	chain	23	cfgemb	5	0.126	0/5	0/5	4	688	0.126
s3ctApinAnn	120000	chain	24	cfg1	5	0.271	0/5	0/5	3	629	0.271
s3ctApinAnn	120000	chain	24	cfgemb	5	0.000	0/5	0/5	5	629	0.000
s3ctApinAnn	120000	chain	25	cfg1	5	0.263	0/5	0/5	3	712	0.263
s3ctApinAnn	120000	chain	25	cfgemb	5	0.236	0/5	0/5	3	712	0.236
s3ctApinAnn	120000	chain	26	cfg1	5	0.275	0/5	0/5	3	783	0.275
s3ctApinAnn	120000	chain	26	cfgemb	5	0.138	0/5	0/5	4	783	0.138
s3ctApinAnn	120000	chain	27	cfg1	5	0.125	0/5	0/5	4	1020	0.125
s3ctApinAnn	120000	chain	27	cfgemb	5	0.003	0/5	0/5	5	1020	0.003
s3ctApinAnn	120000	chain	28	cfg1	5	0.390	2/5	2/5	3	1184	0.390
s3ctApinAnn	120000	chain	28	cfgemb	5	0.000	0/5	0/5	5	1184	0.000
s3ctApinAnn	120000	chain	29	cfg1	5	0.563	1/5	1/5	1	963	0.563
s3ctApinAnn	120000	chain	29	cfgemb	5	0.255	0/5	0/5	3	963	0.255
s3ctApinAnn	120000	chain	30	cfg1	5	0.189	1/5	0/5	4	862	0.189
s3ctApinAnn	120000	chain	30	cfgemb	5	0.000	0/5	0/5	5	862	0.000
s3ctApinAnn	120000	usocket	0	cfg1	80	0.628	28/80	15/80	16	318	0.574
s3ctApinAnn	120000	usocket	0	cfgemb	80	0.533	25/80	5/80	23	318	0.549
s3ctApinAnn	120000	usocket	1	cfg1	5	0.134	0/5	0/5	4	345	0.134
s3ctApinAnn	120000	usocket	1	cfgemb	5	0.000	0/5	0/5	5	345	0.000
s3ctApinAnn	120000	usocket	2	cfg1	5	0.000	0/5	0/5	5	307	0.000
s3ctApinAnn	120000	usocket	2	cfgemb	5	0.000	0/5	0/5	5	307	0.000
s3ctApinAnn	120000	usocket	3	cfg1	5	0.098	0/5	0/5	4	378	0.098
s3ctApinAnn	120000	usocket	3	cfgemb	5	0.000	0/5	0/5	5	378	0.000
s3ctApinAnn	120000	usocket	4	cfg1	5	0.000	0/5	0/5	5	333	0.000
s3ctApinAnn	120000	usocket	4	cfgemb	5	0.000	0/5	0/5	5	333	0.000
s3ctApinAnn	120000	usocket	5	cfg1	5	0.000	0/5	0/5	5	328	0.000
s3ctApinAnn	120000	usocket	5	cfgemb	5	0.000	0/5	0/5	5	328	0.000
s3ctApinAnn	120000	usocket	6	cfg1	5	0.000	0/5	0/5	5	367	0.000
s3ctApinAnn	120000	usocket	6	cfgemb	5	0.000	0/5	0/5	5	367	0.000
s3ctApinAnn	120000	usocket	7	cfg1	5	0.000	0/5	0/5	5	443	0.000
s3ctApinAnn	120000	usocket	7	cfgemb	5	0.000	0/5	0/5	5	443	0.000
s3ctApinAnn	120000	usocket	8	cfg1	5	0.000	0/5	0/5	5	420	0.000
s3ctApinAnn	120000	usocket	8	cfgemb	5	0.000	0/5	0/5	5	420	0.000
s3ctApinAnn	120000	usocket	9	cfg1	5	0.000	0/5	0/5	5	432	0.000
s3ctApinAnn	120000	usocket	9	cfgemb	5	0.000	0/5	0/5	5	432	0.000
s3ctApinAnn	120000	usocket	10	cfg1	5	0.026	0/5	0/5	4	368	0.026
s3ctApinAnn	120000	usocket	10	cfgemb	5	0.000	0/5	0/5	5	368	0.000
s3ctApinAnn	120000	usocket	11	cfg1	5	0.203	0/5	0/5	3	323	0.203
s3ctApinAnn	120000	usocket	11	cfgemb	5	0.000	0/5	0/5	5	323	0.000
s3ctApinAnn	120000	usocket	12	cfg1	5	0.276	0/5	0/5	3	338	0.276
s3ctApinAnn	120000	usocket	12	cfgemb	5	0.020	0/5	0/5	4	338	0.020
s3ctApinAnn	120000	usocket	13	cfg1	5	0.136	0/5	0/5	4	380	0.136
s3ctApinAnn	120000	usocket	13	cfgemb	5	0.000	0/5	0/5	5	380	0.000
s3ctApinAnn	120000	usocket	14	cfg1	5	0.229	0/5	0/5	3	348	0.229
s3ctApinAnn	120000	usocket	14	cfgemb	5	0.192	1/5	1/5	4	348	0.192
s3ctApinAnn	120000	usocket	15	cfg1	5	0.000	0/5	0/5	5	399	0.000
s3ctApinAnn	120000	usocket	15	cfgemb	5	0.000	0/5	0/5	5	399	0.000
s3ctApinAnn	120000	usocket	16	cfg1	5	0.000	0/5	0/5	5	463	0.000
s3ctApinAnn	120000	usocket	16	cfgemb	5	0.000	0/5	0/5	5	463	0.000
s3ctApinAnn	120000	usocket	17	cfg1	5	0.000	0/5	0/5	5	476	0.000
s3ctApinAnn	120000	usocket	17	cfgemb	5	0.000	0/5	0/5	5	476	0.000
s3ctApinAnn	120000	usocket	18	cfg1	5	0.000	0/5	0/5	5	501	0.000
s3ctApinAnn	120000	usocket	18	cfgemb	5	0.000	0/5	0/5	5	501	0.000
s3ctApinAnn	120000	usocket	19	cfg1	5	0.000	0/5	0/5	5	519	0.000
s3ctApinAnn	120000	usocket	19	cfgemb	5	0.000	0/5	0/5	5	519	0.000
s3ctApinAnn	120000	usocket	20	cfg1	5	0.000	0/5	0/5	5	564	0.000
s3ctApinAnn	120000	usocket	20	cfgemb	5	0.000	0/5	0/5	5	564	0.000
s3ctApinAnn	120000	usocket	21	cfg1	5	0.000	0/5	0/5	5	451	0.000
s3ctApinAnn	120000	usocket	21	cfgemb	5	0.005	0/5	0/5	5	451	0.005
s3ctApinAnn	120000	usocket	22	cfg1	5	0.137	0/5	0/5	4	389	0.137
s3ctApinAnn	120000	usocket	22	cfgemb	5	0.000	0/5	0/5	5	389	0.000
s3ctApinAnn	120000	usocket	23	cfg1	5	0.069	0/5	0/5	4	319	0.069
s3ctApinAnn	120000	usocket	23	cfgemb	5	0.000	0/5	0/5	5	319	0.000
s3ctApinAnn	120000	usocket	24	cfg1	5	0.001	0/5	0/5	5	291	0.001
s3ctApinAnn	120000	usocket	24	cfgemb	5	0.000	0/5	0/5	5	291	0.000
s3ctApinAnn	120000	usocket	25	cfg1	5	0.000	0/5	0/5	5	330	0.000
s3ctApinAnn	120000	usocket	25	cfgemb	5	0.000	0/5	0/5	5	330	0.000
s3ctApinAnn	120000	usocket	26	cfg1	5	0.000	0/5	0/5	5	362	0.000
s3ctApinAnn	120000	usocket	26	cfgemb	5	0.000	0/5	0/5	5	362	0.000
s3ctApinAnn	120000	usocket	27	cfg1	5	0.000	0/5	0/5	5	472	0.000
s3ctApinAnn	120000	usocket	27	cfgemb	5	0.031	0/5	0/5	4	472	0.031
s3ctApinAnn	120000	usocket	28	cfg1	5	0.000	0/5	0/5	5	548	0.000
s3ctApinAnn	120000	usocket	28	cfgemb	5	0.000	0/5	0/5	5	548	0.000
s3ctApinAnn	120000	usocket	29	cfg1	5	0.000	0/5	0/5	5	446	0.000
s3ctApinAnn	120000	usocket	29	cfgemb	5	0.000	0/5	0/5	5	446	0.000
s3ctApinAnn	120000	usocket	30	cfg1	5	0.000	0/5	0/5	5	399	0.000
s3ctApinAnn	120000	usocket	30	cfgemb	5	0.000	0/5	0/5	5	399	0.000
s3ctApinAnn	150000	chain	0	cfg1	80	0.602	19/80	9/80	15	688	0.563
s3ctApinAnn	150000	chain	0	cfgemb	80	0.362	13/80	1/80	37	688	0.346
s3ctApinAnn	150000	usocket	0	cfg1	80	0.587	27/80	9/80	19	318	0.574
s3ctApinAnn	150000	usocket	0	cfgemb	80	0.524	19/80	8/80	22	318	0.538
s3ctApinAnn	180000	chain	0	cfg1	80	0.561	23/80	13/80	22	688	0.574
s3ctApinAnn	180000	chain	0	cfgemb	80	0.318	9/80	5/80	42	688	0.294
s3ctApinAnn	180000	chain	1	cfg1	5	0.125	0/5	0/5	4	745	0.125
s3ctApinAnn	180000	chain	1	cfgemb	5	0.121	0/5	0/5	4	745	0.121
s3ctApinAnn	180000	chain	2	cfg1	5	0.330	1/5	1/5	3	663	0.330
s3ctApinAnn	180000	chain	2	cfgemb	5	0.000	0/5	0/5	5	663	0.000
s3ctApinAnn	180000	chain	3	cfg1	5	0.276	0/5	0/5	3	817	0.276
s3ctApinAnn	180000	chain	3	cfgemb	5	0.000	0/5	0/5	5	817	0.000
s3ctApinAnn	180000	chain	4	cfg1	5	0.316	1/5	0/5	3	719	0.316
s3ctApinAnn	180000	chain	4	cfgemb	5	0.000	0/5	0/5	5	719	0.000
s3ctApinAnn	180000	chain	5	cfg1	5	0.558	3/5	2/5	2	710	0.558
s3ctApinAnn	180000	chain	5	cfgemb	5	0.000	0/5	0/5	5	710	0.000
s3ctApinAnn	180000	chain	6	cfg1	5	0.614	2/5	0/5	1	792	0.614
s3ctApinAnn	180000	chain	6	cfgemb	5	0.138	0/5	0/5	4	792	0.138
s3ctApinAnn	180000	chain	7	cfg1	5	0.039	0/5	0/5	4	957	0.039
s3ctApinAnn	180000	chain	7	cfgemb	5	0.000	0/5	0/5	5	957	0.000
s3ctApinAnn	180000	chain	8	cfg1	5	0.323	1/5	0/5	3	908	0.323
s3ctApinAnn	180000	chain	8	cfgemb	5	0.228	0/5	0/5	3	908	0.228
s3ctApinAnn	180000	chain	9	cfg1	5	0.457	1/5	0/5	2	933	0.457
s3ctApinAnn	180000	chain	9	cfgemb	5	0.000	0/5	0/5	5	933	0.000
s3ctApinAnn	180000	chain	10	cfg1	5	0.636	2/5	1/5	1	794	0.636
s3ctApinAnn	180000	chain	10	cfgemb	5	0.000	0/5	0/5	5	794	0.000
s3ctApinAnn	180000	chain	11	cfg1	5	0.000	0/5	0/5	5	698	0.000
s3ctApinAnn	180000	chain	11	cfgemb	5	0.000	0/5	0/5	5	698	0.000
s3ctApinAnn	180000	chain	12	cfg1	5	0.232	0/5	0/5	3	730	0.232
s3ctApinAnn	180000	chain	12	cfgemb	5	0.111	0/5	0/5	4	730	0.111
s3ctApinAnn	180000	chain	13	cfg1	5	0.276	0/5	0/5	3	820	0.276
s3ctApinAnn	180000	chain	13	cfgemb	5	0.260	0/5	0/5	3	820	0.260
s3ctApinAnn	180000	chain	14	cfg1	5	0.127	0/5	0/5	4	751	0.127
s3ctApinAnn	180000	chain	14	cfgemb	5	0.000	0/5	0/5	5	751	0.000
s3ctApinAnn	180000	chain	15	cfg1	5	0.441	1/5	0/5	2	861	0.441
s3ctApinAnn	180000	chain	15	cfgemb	5	0.000	0/5	0/5	5	861	0.000
s3ctApinAnn	180000	chain	16	cfg1	5	0.509	2/5	1/5	2	1001	0.509
s3ctApinAnn	180000	chain	16	cfgemb	5	0.000	0/5	0/5	5	1001	0.000
s3ctApinAnn	180000	chain	17	cfg1	5	0.190	1/5	0/5	4	1029	0.190
s3ctApinAnn	180000	chain	17	cfgemb	5	0.000	0/5	0/5	5	1029	0.000
s3ctApinAnn	180000	chain	18	cfg1	5	0.243	0/5	0/5	3	1082	0.243
s3ctApinAnn	180000	chain	18	cfgemb	5	0.000	0/5	0/5	5	1082	0.000
s3ctApinAnn	180000	chain	19	cfg1	5	0.333	1/5	1/5	3	1122	0.333
s3ctApinAnn	180000	chain	19	cfgemb	5	0.273	0/5	0/5	3	1122	0.273
s3ctApinAnn	180000	chain	20	cfg1	5	0.456	1/5	1/5	2	1218	0.456
s3ctApinAnn	180000	chain	20	cfgemb	5	0.000	0/5	0/5	5	1218	0.000
s3ctApinAnn	180000	chain	21	cfg1	5	0.275	0/5	0/5	3	974	0.275
s3ctApinAnn	180000	chain	21	cfgemb	5	0.171	0/5	0/5	3	974	0.171
s3ctApinAnn	180000	chain	22	cfg1	5	0.563	1/5	0/5	1	840	0.563
s3ctApinAnn	180000	chain	22	cfgemb	5	0.138	0/5	0/5	4	840	0.138
s3ctApinAnn	180000	chain	23	cfg1	5	0.405	0/5	0/5	2	688	0.405
s3ctApinAnn	180000	chain	23	cfgemb	5	0.138	0/5	0/5	4	688	0.138
s3ctApinAnn	180000	chain	24	cfg1	5	0.536	1/5	0/5	1	629	0.536
s3ctApinAnn	180000	chain	24	cfgemb	5	0.133	0/5	0/5	4	629	0.133
s3ctApinAnn	180000	chain	25	cfg1	5	0.582	1/5	0/5	1	712	0.582
s3ctApinAnn	180000	chain	25	cfgemb	5	0.299	1/5	0/5	3	712	0.299
s3ctApinAnn	180000	chain	26	cfg1	5	0.233	0/5	0/5	3	783	0.233
s3ctApinAnn	180000	chain	26	cfgemb	5	0.029	0/5	0/5	4	783	0.029
s3ctApinAnn	180000	chain	27	cfg1	5	0.380	1/5	0/5	2	1020	0.380
s3ctApinAnn	180000	chain	27	cfgemb	5	0.000	0/5	0/5	5	1020	0.000
s3ctApinAnn	180000	chain	28	cfg1	5	0.720	1/5	1/5	0	1184	0.720
s3ctApinAnn	180000	chain	28	cfgemb	5	0.003	0/5	0/5	5	1184	0.003
s3ctApinAnn	180000	chain	29	cfg1	5	0.333	1/5	1/5	3	963	0.333
s3ctApinAnn	180000	chain	29	cfgemb	5	0.021	0/5	0/5	4	963	0.021
s3ctApinAnn	180000	chain	30	cfg1	5	0.276	0/5	0/5	3	862	0.276
s3ctApinAnn	180000	chain	30	cfgemb	5	0.000	0/5	0/5	5	862	0.000
s3ctApinAnn	180000	usocket	0	cfg1	80	0.596	25/80	20/80	17	318	0.622
s3ctApinAnn	180000	usocket	0	cfgemb	80	0.554	16/80	8/80	18	318	0.516
s3ctApinAnn	180000	usocket	1	cfg1	5	0.000	0/5	0/5	5	345	0.000
s3ctApinAnn	180000	usocket	1	cfgemb	5	0.036	0/5	0/5	4	345	0.036
s3ctApinAnn	180000	usocket	2	cfg1	5	0.000	0/5	0/5	5	307	0.000
s3ctApinAnn	180000	usocket	2	cfgemb	5	0.000	0/5	0/5	5	307	0.000
s3ctApinAnn	180000	usocket	3	cfg1	5	0.000	0/5	0/5	5	378	0.000
s3ctApinAnn	180000	usocket	3	cfgemb	5	0.000	0/5	0/5	5	378	0.000
s3ctApinAnn	180000	usocket	4	cfg1	5	0.000	0/5	0/5	5	333	0.000
s3ctApinAnn	180000	usocket	4	cfgemb	5	0.000	0/5	0/5	5	333	0.000
s3ctApinAnn	180000	usocket	5	cfg1	5	0.000	0/5	0/5	5	328	0.000
s3ctApinAnn	180000	usocket	5	cfgemb	5	0.000	0/5	0/5	5	328	0.000
s3ctApinAnn	180000	usocket	6	cfg1	5	0.000	0/5	0/5	5	367	0.000
s3ctApinAnn	180000	usocket	6	cfgemb	5	0.000	0/5	0/5	5	367	0.000
s3ctApinAnn	180000	usocket	7	cfg1	5	0.000	0/5	0/5	5	443	0.000
s3ctApinAnn	180000	usocket	7	cfgemb	5	0.000	0/5	0/5	5	443	0.000
s3ctApinAnn	180000	usocket	8	cfg1	5	0.000	0/5	0/5	5	420	0.000
s3ctApinAnn	180000	usocket	8	cfgemb	5	0.000	0/5	0/5	5	420	0.000
s3ctApinAnn	180000	usocket	9	cfg1	5	0.000	0/5	0/5	5	432	0.000
s3ctApinAnn	180000	usocket	9	cfgemb	5	0.000	0/5	0/5	5	432	0.000
s3ctApinAnn	180000	usocket	10	cfg1	5	0.039	0/5	0/5	4	368	0.039
s3ctApinAnn	180000	usocket	10	cfgemb	5	0.000	0/5	0/5	5	368	0.000
s3ctApinAnn	180000	usocket	11	cfg1	5	0.000	0/5	0/5	5	323	0.000
s3ctApinAnn	180000	usocket	11	cfgemb	5	0.000	0/5	0/5	5	323	0.000
s3ctApinAnn	180000	usocket	12	cfg1	5	0.138	0/5	0/5	4	338	0.138
s3ctApinAnn	180000	usocket	12	cfgemb	5	0.139	0/5	0/5	4	338	0.139
s3ctApinAnn	180000	usocket	13	cfg1	5	0.000	0/5	0/5	5	380	0.000
s3ctApinAnn	180000	usocket	13	cfgemb	5	0.000	0/5	0/5	5	380	0.000
s3ctApinAnn	180000	usocket	14	cfg1	5	0.194	1/5	1/5	4	348	0.194
s3ctApinAnn	180000	usocket	14	cfgemb	5	0.131	0/5	0/5	4	348	0.131
s3ctApinAnn	180000	usocket	15	cfg1	5	0.000	0/5	0/5	5	399	0.000
s3ctApinAnn	180000	usocket	15	cfgemb	5	0.000	0/5	0/5	5	399	0.000
s3ctApinAnn	180000	usocket	16	cfg1	5	0.000	0/5	0/5	5	463	0.000
s3ctApinAnn	180000	usocket	16	cfgemb	5	0.000	0/5	0/5	5	463	0.000
s3ctApinAnn	180000	usocket	17	cfg1	5	0.000	0/5	0/5	5	476	0.000
s3ctApinAnn	180000	usocket	17	cfgemb	5	0.000	0/5	0/5	5	476	0.000
s3ctApinAnn	180000	usocket	18	cfg1	5	0.026	0/5	0/5	4	501	0.026
s3ctApinAnn	180000	usocket	18	cfgemb	5	0.000	0/5	0/5	5	501	0.000
s3ctApinAnn	180000	usocket	19	cfg1	5	0.000	0/5	0/5	5	519	0.000
s3ctApinAnn	180000	usocket	19	cfgemb	5	0.000	0/5	0/5	5	519	0.000
s3ctApinAnn	180000	usocket	20	cfg1	5	0.000	0/5	0/5	5	564	0.000
s3ctApinAnn	180000	usocket	20	cfgemb	5	0.000	0/5	0/5	5	564	0.000
s3ctApinAnn	180000	usocket	21	cfg1	5	0.000	0/5	0/5	5	451	0.000
s3ctApinAnn	180000	usocket	21	cfgemb	5	0.000	0/5	0/5	5	451	0.000
s3ctApinAnn	180000	usocket	22	cfg1	5	0.000	0/5	0/5	5	389	0.000
s3ctApinAnn	180000	usocket	22	cfgemb	5	0.000	0/5	0/5	5	389	0.000
s3ctApinAnn	180000	usocket	23	cfg1	5	0.192	1/5	1/5	4	319	0.192
s3ctApinAnn	180000	usocket	23	cfgemb	5	0.193	1/5	1/5	4	319	0.193
s3ctApinAnn	180000	usocket	24	cfg1	5	0.000	0/5	0/5	5	291	0.000
s3ctApinAnn	180000	usocket	24	cfgemb	5	0.000	0/5	0/5	5	291	0.000
s3ctApinAnn	180000	usocket	25	cfg1	5	0.117	0/5	0/5	4	330	0.117
s3ctApinAnn	180000	usocket	25	cfgemb	5	0.000	0/5	0/5	5	330	0.000
s3ctApinAnn	180000	usocket	26	cfg1	5	0.138	0/5	0/5	4	362	0.138
s3ctApinAnn	180000	usocket	26	cfgemb	5	0.000	0/5	0/5	5	362	0.000
s3ctApinAnn	180000	usocket	27	cfg1	5	0.000	0/5	0/5	5	472	0.000
s3ctApinAnn	180000	usocket	27	cfgemb	5	0.000	0/5	0/5	5	472	0.000
s3ctApinAnn	180000	usocket	28	cfg1	5	0.000	0/5	0/5	5	548	0.000
s3ctApinAnn	180000	usocket	28	cfgemb	5	0.000	0/5	0/5	5	548	0.000
s3ctApinAnn	180000	usocket	29	cfg1	5	0.000	0/5	0/5	5	446	0.000
s3ctApinAnn	180000	usocket	29	cfgemb	5	0.000	0/5	0/5	5	446	0.000
s3ctApinAnn	180000	usocket	30	cfg1	5	0.000	0/5	0/5	5	399	0.000
s3ctApinAnn	180000	usocket	30	cfgemb	5	0.000	0/5	0/5	5	399	0.000
s3ctApinAnn	210000	chain	0	cfg1	80	0.613	24/80	12/80	14	688	0.612
s3ctApinAnn	210000	chain	0	cfgemb	80	0.291	13/80	6/80	46	688	0.298
s3ctApinAnn	210000	usocket	0	cfg1	80	0.606	24/80	16/80	16	318	0.586
s3ctApinAnn	210000	usocket	0	cfgemb	80	0.513	19/80	9/80	24	318	0.480
s3ctApinAnn	240000	chain	0	cfg1	80	0.569	19/80	12/80	18	688	0.491
s3ctApinAnn	240000	chain	0	cfgemb	80	0.397	17/80	4/80	36	688	0.405
s3ctApinAnn	240000	chain	1	cfg1	5	0.158	0/5	0/5	3	745	0.158
s3ctApinAnn	240000	chain	1	cfgemb	5	0.120	0/5	0/5	4	745	0.120
s3ctApinAnn	240000	chain	2	cfg1	5	0.310	1/5	0/5	3	663	0.310
s3ctApinAnn	240000	chain	2	cfgemb	5	0.205	0/5	0/5	3	663	0.205
s3ctApinAnn	240000	chain	3	cfg1	5	0.527	2/5	2/5	2	817	0.527
s3ctApinAnn	240000	chain	3	cfgemb	5	0.000	0/5	0/5	5	817	0.000
s3ctApinAnn	240000	chain	4	cfg1	5	0.262	0/5	0/5	3	719	0.262
s3ctApinAnn	240000	chain	4	cfgemb	5	0.075	0/5	0/5	4	719	0.075
s3ctApinAnn	240000	chain	5	cfg1	5	0.122	0/5	0/5	4	710	0.122
s3ctApinAnn	240000	chain	5	cfgemb	5	0.121	0/5	0/5	4	710	0.121
s3ctApinAnn	240000	chain	6	cfg1	5	0.268	0/5	0/5	3	792	0.268
s3ctApinAnn	240000	chain	6	cfgemb	5	0.138	0/5	0/5	4	792	0.138
s3ctApinAnn	240000	chain	7	cfg1	5	0.317	1/5	0/5	3	957	0.317
s3ctApinAnn	240000	chain	7	cfgemb	5	0.116	0/5	0/5	4	957	0.116
s3ctApinAnn	240000	chain	8	cfg1	5	0.000	0/5	0/5	5	908	0.000
s3ctApinAnn	240000	chain	8	cfgemb	5	0.000	0/5	0/5	5	908	0.000
s3ctApinAnn	240000	chain	9	cfg1	5	0.219	0/5	0/5	3	933	0.219
s3ctApinAnn	240000	chain	9	cfgemb	5	0.136	0/5	0/5	4	933	0.136
s3ctApinAnn	240000	chain	10	cfg1	5	0.678	2/5	2/5	1	794	0.678
s3ctApinAnn	240000	chain	10	cfgemb	5	0.000	0/5	0/5	5	794	0.000
s3ctApinAnn	240000	chain	11	cfg1	5	0.131	0/5	0/5	4	698	0.131
s3ctApinAnn	240000	chain	11	cfgemb	5	0.000	0/5	0/5	5	698	0.000
s3ctApinAnn	240000	chain	12	cfg1	5	0.433	1/5	0/5	2	730	0.433
s3ctApinAnn	240000	chain	12	cfgemb	5	0.251	0/5	0/5	3	730	0.251
s3ctApinAnn	240000	chain	13	cfg1	5	0.066	0/5	0/5	4	820	0.066
s3ctApinAnn	240000	chain	13	cfgemb	5	0.138	0/5	0/5	4	820	0.138
s3ctApinAnn	240000	chain	14	cfg1	5	0.215	0/5	0/5	3	751	0.215
s3ctApinAnn	240000	chain	14	cfgemb	5	0.000	0/5	0/5	5	751	0.000
s3ctApinAnn	240000	chain	15	cfg1	5	0.270	0/5	0/5	3	861	0.270
s3ctApinAnn	240000	chain	15	cfgemb	5	0.185	1/5	0/5	4	861	0.185
s3ctApinAnn	240000	chain	16	cfg1	5	0.244	0/5	0/5	3	1001	0.244
s3ctApinAnn	240000	chain	16	cfgemb	5	0.000	0/5	0/5	5	1001	0.000
s3ctApinAnn	240000	chain	17	cfg1	5	0.333	1/5	1/5	3	1029	0.333
s3ctApinAnn	240000	chain	17	cfgemb	5	0.000	0/5	0/5	5	1029	0.000
s3ctApinAnn	240000	chain	18	cfg1	5	0.264	0/5	0/5	3	1082	0.264
s3ctApinAnn	240000	chain	18	cfgemb	5	0.000	0/5	0/5	5	1082	0.000
s3ctApinAnn	240000	chain	19	cfg1	5	0.249	0/5	0/5	3	1122	0.249
s3ctApinAnn	240000	chain	19	cfgemb	5	0.122	0/5	0/5	4	1122	0.122
s3ctApinAnn	240000	chain	20	cfg1	5	0.236	0/5	0/5	3	1218	0.236
s3ctApinAnn	240000	chain	20	cfgemb	5	0.000	0/5	0/5	5	1218	0.000
s3ctApinAnn	240000	chain	21	cfg1	5	0.273	0/5	0/5	3	974	0.273
s3ctApinAnn	240000	chain	21	cfgemb	5	0.120	0/5	0/5	4	974	0.120
s3ctApinAnn	240000	chain	22	cfg1	5	0.273	0/5	0/5	3	840	0.273
s3ctApinAnn	240000	chain	22	cfgemb	5	0.167	1/5	0/5	4	840	0.167
s3ctApinAnn	240000	chain	23	cfg1	5	0.529	1/5	0/5	1	688	0.529
s3ctApinAnn	240000	chain	23	cfgemb	5	0.000	0/5	0/5	5	688	0.000
s3ctApinAnn	240000	chain	24	cfg1	5	0.275	0/5	0/5	3	629	0.275
s3ctApinAnn	240000	chain	24	cfgemb	5	0.341	0/5	0/5	2	629	0.341
s3ctApinAnn	240000	chain	25	cfg1	5	0.320	1/5	0/5	3	712	0.320
s3ctApinAnn	240000	chain	25	cfgemb	5	0.000	0/5	0/5	5	712	0.000
s3ctApinAnn	240000	chain	26	cfg1	5	0.407	1/5	0/5	2	783	0.407
s3ctApinAnn	240000	chain	26	cfgemb	5	0.000	0/5	0/5	5	783	0.000
s3ctApinAnn	240000	chain	27	cfg1	5	0.448	2/5	1/5	2	1020	0.448
s3ctApinAnn	240000	chain	27	cfgemb	5	0.111	0/5	0/5	4	1020	0.111
s3ctApinAnn	240000	chain	28	cfg1	5	0.555	2/5	0/5	1	1184	0.555
s3ctApinAnn	240000	chain	28	cfgemb	5	0.000	0/5	0/5	5	1184	0.000
s3ctApinAnn	240000	chain	29	cfg1	5	0.165	1/5	0/5	4	963	0.165
s3ctApinAnn	240000	chain	29	cfgemb	5	0.000	0/5	0/5	5	963	0.000
s3ctApinAnn	240000	chain	30	cfg1	5	0.000	0/5	0/5	5	862	0.000
s3ctApinAnn	240000	chain	30	cfgemb	5	0.000	0/5	0/5	5	862	0.000
s3ctApinAnn	240000	usocket	0	cfg1	80	0.587	23/80	19/80	20	318	0.596
s3ctApinAnn	240000	usocket	0	cfgemb	80	0.529	24/80	14/80	25	318	0.504
s3ctApinAnn	240000	usocket	1	cfg1	5	0.000	0/5	0/5	5	345	0.000
s3ctApinAnn	240000	usocket	1	cfgemb	5	0.000	0/5	0/5	5	345	0.000
s3ctApinAnn	240000	usocket	2	cfg1	5	0.000	0/5	0/5	5	307	0.000
s3ctApinAnn	240000	usocket	2	cfgemb	5	0.000	0/5	0/5	5	307	0.000
s3ctApinAnn	240000	usocket	3	cfg1	5	0.000	0/5	0/5	5	378	0.000
s3ctApinAnn	240000	usocket	3	cfgemb	5	0.000	0/5	0/5	5	378	0.000
s3ctApinAnn	240000	usocket	4	cfg1	5	0.000	0/5	0/5	5	333	0.000
s3ctApinAnn	240000	usocket	4	cfgemb	5	0.000	0/5	0/5	5	333	0.000
s3ctApinAnn	240000	usocket	5	cfg1	5	0.000	0/5	0/5	5	328	0.000
s3ctApinAnn	240000	usocket	5	cfgemb	5	0.000	0/5	0/5	5	328	0.000
s3ctApinAnn	240000	usocket	6	cfg1	5	0.000	0/5	0/5	5	367	0.000
s3ctApinAnn	240000	usocket	6	cfgemb	5	0.000	0/5	0/5	5	367	0.000
s3ctApinAnn	240000	usocket	7	cfg1	5	0.000	0/5	0/5	5	443	0.000
s3ctApinAnn	240000	usocket	7	cfgemb	5	0.000	0/5	0/5	5	443	0.000
s3ctApinAnn	240000	usocket	8	cfg1	5	0.000	0/5	0/5	5	420	0.000
s3ctApinAnn	240000	usocket	8	cfgemb	5	0.000	0/5	0/5	5	420	0.000
s3ctApinAnn	240000	usocket	9	cfg1	5	0.000	0/5	0/5	5	432	0.000
s3ctApinAnn	240000	usocket	9	cfgemb	5	0.000	0/5	0/5	5	432	0.000
s3ctApinAnn	240000	usocket	10	cfg1	5	0.000	0/5	0/5	5	368	0.000
s3ctApinAnn	240000	usocket	10	cfgemb	5	0.190	1/5	0/5	4	368	0.190
s3ctApinAnn	240000	usocket	11	cfg1	5	0.000	0/5	0/5	5	323	0.000
s3ctApinAnn	240000	usocket	11	cfgemb	5	0.000	0/5	0/5	5	323	0.000
s3ctApinAnn	240000	usocket	12	cfg1	5	0.138	0/5	0/5	4	338	0.138
s3ctApinAnn	240000	usocket	12	cfgemb	5	0.138	0/5	0/5	4	338	0.138
s3ctApinAnn	240000	usocket	13	cfg1	5	0.018	0/5	0/5	5	380	0.018
s3ctApinAnn	240000	usocket	13	cfgemb	5	0.000	0/5	0/5	5	380	0.000
s3ctApinAnn	240000	usocket	14	cfg1	5	0.188	1/5	0/5	4	348	0.188
s3ctApinAnn	240000	usocket	14	cfgemb	5	0.000	0/5	0/5	5	348	0.000
s3ctApinAnn	240000	usocket	15	cfg1	5	0.000	0/5	0/5	5	399	0.000
s3ctApinAnn	240000	usocket	15	cfgemb	5	0.000	0/5	0/5	5	399	0.000
s3ctApinAnn	240000	usocket	16	cfg1	5	0.000	0/5	0/5	5	463	0.000
s3ctApinAnn	240000	usocket	16	cfgemb	5	0.000	0/5	0/5	5	463	0.000
s3ctApinAnn	240000	usocket	17	cfg1	5	0.000	0/5	0/5	5	476	0.000
s3ctApinAnn	240000	usocket	17	cfgemb	5	0.000	0/5	0/5	5	476	0.000
s3ctApinAnn	240000	usocket	18	cfg1	5	0.000	0/5	0/5	5	501	0.000
s3ctApinAnn	240000	usocket	18	cfgemb	5	0.000	0/5	0/5	5	501	0.000
s3ctApinAnn	240000	usocket	19	cfg1	5	0.000	0/5	0/5	5	519	0.000
s3ctApinAnn	240000	usocket	19	cfgemb	5	0.000	0/5	0/5	5	519	0.000
s3ctApinAnn	240000	usocket	20	cfg1	5	0.000	0/5	0/5	5	564	0.000
s3ctApinAnn	240000	usocket	20	cfgemb	5	0.000	0/5	0/5	5	564	0.000
s3ctApinAnn	240000	usocket	21	cfg1	5	0.000	0/5	0/5	5	451	0.000
s3ctApinAnn	240000	usocket	21	cfgemb	5	0.000	0/5	0/5	5	451	0.000
s3ctApinAnn	240000	usocket	22	cfg1	5	0.000	0/5	0/5	5	389	0.000
s3ctApinAnn	240000	usocket	22	cfgemb	5	0.000	0/5	0/5	5	389	0.000
s3ctApinAnn	240000	usocket	23	cfg1	5	0.000	0/5	0/5	5	319	0.000
s3ctApinAnn	240000	usocket	23	cfgemb	5	0.336	1/5	1/5	3	319	0.336
s3ctApinAnn	240000	usocket	24	cfg1	5	0.000	0/5	0/5	5	291	0.000
s3ctApinAnn	240000	usocket	24	cfgemb	5	0.000	0/5	0/5	5	291	0.000
s3ctApinAnn	240000	usocket	25	cfg1	5	0.271	0/5	0/5	3	330	0.271
s3ctApinAnn	240000	usocket	25	cfgemb	5	0.195	1/5	1/5	4	330	0.195
s3ctApinAnn	240000	usocket	26	cfg1	5	0.000	0/5	0/5	5	362	0.000
s3ctApinAnn	240000	usocket	26	cfgemb	5	0.000	0/5	0/5	5	362	0.000
s3ctApinAnn	240000	usocket	27	cfg1	5	0.000	0/5	0/5	5	472	0.000
s3ctApinAnn	240000	usocket	27	cfgemb	5	0.000	0/5	0/5	5	472	0.000
s3ctApinAnn	240000	usocket	28	cfg1	5	0.000	0/5	0/5	5	548	0.000
s3ctApinAnn	240000	usocket	28	cfgemb	5	0.000	0/5	0/5	5	548	0.000
s3ctApinAnn	240000	usocket	29	cfg1	5	0.000	0/5	0/5	5	446	0.000
s3ctApinAnn	240000	usocket	29	cfgemb	5	0.009	0/5	0/5	5	446	0.009
s3ctApinAnn	240000	usocket	30	cfg1	5	0.000	0/5	0/5	5	399	0.000
s3ctApinAnn	240000	usocket	30	cfgemb	5	0.000	0/5	0/5	5	399	0.000
s3dpch	30000	chain	0	cfgemb	80	0.258	3/80	0/80	43	688	0.213
s3dpch	60000	chain	0	cfgemb	80	0.415	8/80	1/80	27	688	0.423
s3dpch	90000	chain	0	cfgemb	80	0.396	10/80	3/80	32	688	0.346
s3dpch	120000	chain	0	cfgemb	80	0.443	8/80	3/80	23	688	0.505
s3dpch	120000	chain	1	cfgemb	5	0.574	2/5	0/5	1	745	0.574
s3dpch	120000	chain	2	cfgemb	5	0.426	1/5	0/5	2	663	0.426
s3dpch	120000	chain	3	cfgemb	5	0.194	1/5	1/5	4	817	0.194
s3dpch	120000	chain	4	cfgemb	5	0.325	0/5	0/5	2	719	0.325
s3dpch	120000	chain	5	cfgemb	5	0.225	0/5	0/5	3	710	0.225
s3dpch	120000	chain	6	cfgemb	5	0.339	1/5	0/5	3	792	0.339
s3dpch	120000	chain	7	cfgemb	5	0.374	2/5	0/5	3	957	0.374
s3dpch	120000	chain	8	cfgemb	5	0.057	0/5	0/5	4	908	0.057
s3dpch	120000	chain	9	cfgemb	5	0.406	1/5	1/5	2	933	0.406
s3dpch	120000	chain	10	cfgemb	5	0.313	1/5	1/5	3	794	0.313
s3dpch	120000	chain	11	cfgemb	5	0.000	0/5	0/5	5	698	0.000
s3dpch	120000	chain	12	cfgemb	5	0.336	0/5	0/5	2	730	0.336
s3dpch	120000	chain	13	cfgemb	5	0.136	0/5	0/5	4	820	0.136
s3dpch	120000	chain	14	cfgemb	5	0.220	0/5	0/5	3	751	0.220
s3dpch	120000	chain	15	cfgemb	5	0.000	0/5	0/5	5	861	0.000
s3dpch	120000	chain	16	cfgemb	5	0.333	1/5	1/5	3	1001	0.333
s3dpch	120000	chain	17	cfgemb	5	0.000	0/5	0/5	5	1029	0.000
s3dpch	120000	chain	18	cfgemb	5	0.397	0/5	0/5	2	1082	0.397
s3dpch	120000	chain	19	cfgemb	5	0.138	0/5	0/5	4	1122	0.138
s3dpch	120000	chain	20	cfgemb	5	0.248	0/5	0/5	3	1218	0.248
s3dpch	120000	chain	21	cfgemb	5	0.137	0/5	0/5	4	974	0.137
s3dpch	120000	chain	22	cfgemb	5	0.286	0/5	0/5	3	840	0.286
s3dpch	120000	chain	23	cfgemb	5	0.264	0/5	0/5	3	688	0.264
s3dpch	120000	chain	24	cfgemb	5	0.651	2/5	0/5	0	629	0.651
s3dpch	120000	chain	25	cfgemb	5	0.187	0/5	0/5	3	712	0.187
s3dpch	120000	chain	26	cfgemb	5	0.317	1/5	0/5	2	783	0.317
s3dpch	120000	chain	27	cfgemb	5	0.338	2/5	0/5	3	1020	0.338
s3dpch	120000	chain	28	cfgemb	5	0.264	0/5	0/5	3	1184	0.264
s3dpch	120000	chain	29	cfgemb	5	0.138	0/5	0/5	4	963	0.138
s3dpch	120000	chain	30	cfgemb	5	0.000	0/5	0/5	5	862	0.000
s3dpch	150000	chain	0	cfgemb	80	0.451	11/80	2/80	24	688	0.479
s3dpch	180000	chain	0	cfgemb	80	0.566	13/80	4/80	11	688	0.558
s3dpch	180000	chain	1	cfgemb	5	0.553	1/5	0/5	1	745	0.553
s3dpch	180000	chain	2	cfgemb	5	0.305	1/5	0/5	3	663	0.305
s3dpch	180000	chain	3	cfgemb	5	0.278	1/5	0/5	3	817	0.278
s3dpch	180000	chain	4	cfgemb	5	0.455	1/5	0/5	2	719	0.455
s3dpch	180000	chain	5	cfgemb	5	0.482	2/5	0/5	2	710	0.482
s3dpch	180000	chain	6	cfgemb	5	0.739	2/5	0/5	0	792	0.739
s3dpch	180000	chain	7	cfgemb	5	0.349	1/5	1/5	3	957	0.349
s3dpch	180000	chain	8	cfgemb	5	0.461	1/5	0/5	1	908	0.461
s3dpch	180000	chain	9	cfgemb	5	0.680	2/5	2/5	1	933	0.680
s3dpch	180000	chain	10	cfgemb	5	0.224	0/5	0/5	3	794	0.224
s3dpch	180000	chain	11	cfgemb	5	0.154	0/5	0/5	4	698	0.154
s3dpch	180000	chain	12	cfgemb	5	0.000	0/5	0/5	5	730	0.000
s3dpch	180000	chain	13	cfgemb	5	0.366	0/5	0/5	2	820	0.366
s3dpch	180000	chain	14	cfgemb	5	0.013	0/5	0/5	5	751	0.013
s3dpch	180000	chain	15	cfgemb	5	0.000	0/5	0/5	5	861	0.000
s3dpch	180000	chain	16	cfgemb	5	0.090	0/5	0/5	4	1001	0.090
s3dpch	180000	chain	17	cfgemb	5	0.311	0/5	0/5	2	1029	0.311
s3dpch	180000	chain	18	cfgemb	5	0.583	1/5	0/5	1	1082	0.583
s3dpch	180000	chain	19	cfgemb	5	0.332	1/5	0/5	3	1122	0.332
s3dpch	180000	chain	20	cfgemb	5	0.193	1/5	1/5	4	1218	0.193
s3dpch	180000	chain	21	cfgemb	5	0.258	0/5	0/5	3	974	0.258
s3dpch	180000	chain	22	cfgemb	5	0.341	2/5	0/5	3	840	0.341
s3dpch	180000	chain	23	cfgemb	5	0.457	1/5	0/5	2	688	0.457
s3dpch	180000	chain	24	cfgemb	5	0.391	2/5	2/5	3	629	0.391
s3dpch	180000	chain	25	cfgemb	5	0.104	0/5	0/5	4	712	0.104
s3dpch	180000	chain	26	cfgemb	5	0.375	0/5	0/5	2	783	0.375
s3dpch	180000	chain	27	cfgemb	5	0.394	0/5	0/5	2	1020	0.394
s3dpch	180000	chain	28	cfgemb	5	0.443	1/5	0/5	2	1184	0.443
s3dpch	180000	chain	29	cfgemb	5	0.375	0/5	0/5	2	963	0.375
s3dpch	180000	chain	30	cfgemb	5	0.325	1/5	1/5	3	862	0.325
s3dpch	210000	chain	0	cfgemb	80	0.525	11/80	4/80	17	688	0.511
s3dpch	240000	chain	0	cfgemb	80	0.526	14/80	6/80	17	688	0.544
s3dpch	240000	chain	1	cfgemb	5	0.421	1/5	0/5	2	745	0.421
s3dpch	240000	chain	2	cfgemb	5	0.397	1/5	1/5	2	663	0.397
s3dpch	240000	chain	3	cfgemb	5	0.261	0/5	0/5	3	817	0.261
s3dpch	240000	chain	4	cfgemb	5	0.174	1/5	0/5	4	719	0.174
s3dpch	240000	chain	5	cfgemb	5	0.616	0/5	0/5	0	710	0.616
s3dpch	240000	chain	6	cfgemb	5	0.573	1/5	0/5	1	792	0.573
s3dpch	240000	chain	7	cfgemb	5	0.407	0/5	0/5	2	957	0.407
s3dpch	240000	chain	8	cfgemb	5	0.280	1/5	0/5	3	908	0.280
s3dpch	240000	chain	9	cfgemb	5	0.611	2/5	0/5	1	933	0.611
s3dpch	240000	chain	10	cfgemb	5	0.396	2/5	2/5	3	794	0.396
s3dpch	240000	chain	11	cfgemb	5	0.123	0/5	0/5	4	698	0.123
s3dpch	240000	chain	12	cfgemb	5	0.346	0/5	0/5	2	730	0.346
s3dpch	240000	chain	13	cfgemb	5	0.139	0/5	0/5	4	820	0.139
s3dpch	240000	chain	14	cfgemb	5	0.478	0/5	0/5	1	751	0.478
s3dpch	240000	chain	15	cfgemb	5	0.000	0/5	0/5	5	861	0.000
s3dpch	240000	chain	16	cfgemb	5	0.271	0/5	0/5	3	1001	0.271
s3dpch	240000	chain	17	cfgemb	5	0.336	0/5	0/5	2	1029	0.336
s3dpch	240000	chain	18	cfgemb	5	0.349	2/5	0/5	3	1082	0.349
s3dpch	240000	chain	19	cfgemb	5	0.391	1/5	0/5	2	1122	0.391
s3dpch	240000	chain	20	cfgemb	5	0.000	0/5	0/5	5	1218	0.000
s3dpch	240000	chain	21	cfgemb	5	0.170	1/5	0/5	4	974	0.170
s3dpch	240000	chain	22	cfgemb	5	0.354	1/5	1/5	3	840	0.354
s3dpch	240000	chain	23	cfgemb	5	0.417	0/5	0/5	2	688	0.417
s3dpch	240000	chain	24	cfgemb	5	0.120	0/5	0/5	4	629	0.120
s3dpch	240000	chain	25	cfgemb	5	0.476	1/5	1/5	2	712	0.476
s3dpch	240000	chain	26	cfgemb	5	0.502	1/5	0/5	1	783	0.502
s3dpch	240000	chain	27	cfgemb	5	0.564	1/5	0/5	1	1020	0.564
s3dpch	240000	chain	28	cfgemb	5	0.501	1/5	0/5	1	1184	0.501
s3dpch	240000	chain	29	cfgemb	5	0.278	0/5	0/5	3	963	0.278
s3dpch	240000	chain	30	cfgemb	5	0.143	0/5	0/5	4	862	0.143
s3dpct	30000	chain	0	cfgemb	80	0.368	4/80	1/80	27	688	0.376
s3dpct	30000	usocket	0	cfgemb	80	0.213	1/80	0/80	49	318	0.269
s3dpct	60000	chain	0	cfgemb	80	0.388	9/80	3/80	30	688	0.427
s3dpct	60000	usocket	0	cfgemb	80	0.334	9/80	1/80	37	318	0.339
s3dpct	90000	chain	0	cfgemb	80	0.480	9/80	1/80	18	688	0.506
s3dpct	90000	usocket	0	cfgemb	80	0.548	15/80	6/80	16	318	0.585
s3dpct	120000	chain	0	cfgemb	80	0.492	9/80	4/80	19	688	0.499
s3dpct	120000	chain	1	cfgemb	5	0.370	1/5	0/5	2	745	0.370
s3dpct	120000	chain	2	cfgemb	5	0.308	1/5	0/5	3	663	0.308
s3dpct	120000	chain	3	cfgemb	5	0.408	2/5	0/5	2	817	0.408
s3dpct	120000	chain	4	cfgemb	5	0.307	1/5	0/5	3	719	0.307
s3dpct	120000	chain	5	cfgemb	5	0.444	1/5	0/5	2	710	0.444
s3dpct	120000	chain	6	cfgemb	5	0.546	0/5	0/5	1	792	0.546
s3dpct	120000	chain	7	cfgemb	5	0.177	1/5	0/5	4	957	0.177
s3dpct	120000	chain	8	cfgemb	5	0.225	0/5	0/5	3	908	0.225
s3dpct	120000	chain	9	cfgemb	5	0.351	2/5	0/5	3	933	0.351
s3dpct	120000	chain	10	cfgemb	5	0.647	3/5	1/5	1	794	0.647
s3dpct	120000	chain	11	cfgemb	5	0.222	0/5	0/5	3	698	0.222
s3dpct	120000	chain	12	cfgemb	5	0.235	0/5	0/5	3	730	0.235
s3dpct	120000	chain	13	cfgemb	5	0.296	0/5	0/5	3	820	0.296
s3dpct	120000	chain	14	cfgemb	5	0.139	0/5	0/5	4	751	0.139
s3dpct	120000	chain	15	cfgemb	5	0.183	1/5	0/5	4	861	0.183
s3dpct	120000	chain	16	cfgemb	5	0.429	0/5	0/5	2	1001	0.429
s3dpct	120000	chain	17	cfgemb	5	0.410	0/5	0/5	2	1029	0.410
s3dpct	120000	chain	18	cfgemb	5	0.533	0/5	0/5	1	1082	0.533
s3dpct	120000	chain	19	cfgemb	5	0.462	1/5	0/5	1	1122	0.462
s3dpct	120000	chain	20	cfgemb	5	0.323	1/5	0/5	3	1218	0.323
s3dpct	120000	chain	21	cfgemb	5	0.269	0/5	0/5	3	974	0.269
s3dpct	120000	chain	22	cfgemb	5	0.273	0/5	0/5	3	840	0.273
s3dpct	120000	chain	23	cfgemb	5	0.266	0/5	0/5	3	688	0.266
s3dpct	120000	chain	24	cfgemb	5	0.381	0/5	0/5	2	629	0.381
s3dpct	120000	chain	25	cfgemb	5	0.286	1/5	0/5	3	712	0.286
s3dpct	120000	chain	26	cfgemb	5	0.295	1/5	0/5	3	783	0.295
s3dpct	120000	chain	27	cfgemb	5	0.181	0/5	0/5	3	1020	0.181
s3dpct	120000	chain	28	cfgemb	5	0.254	0/5	0/5	2	1184	0.254
s3dpct	120000	chain	29	cfgemb	5	0.494	2/5	0/5	2	963	0.494
s3dpct	120000	chain	30	cfgemb	5	0.349	1/5	0/5	3	862	0.349
s3dpct	120000	usocket	0	cfgemb	80	0.602	18/80	8/80	10	318	0.588
s3dpct	120000	usocket	1	cfgemb	5	0.000	0/5	0/5	5	345	0.000
s3dpct	120000	usocket	2	cfgemb	5	0.000	0/5	0/5	5	307	0.000
s3dpct	120000	usocket	3	cfgemb	5	0.000	0/5	0/5	5	378	0.000
s3dpct	120000	usocket	4	cfgemb	5	0.000	0/5	0/5	5	333	0.000
s3dpct	120000	usocket	5	cfgemb	5	0.000	0/5	0/5	5	328	0.000
s3dpct	120000	usocket	6	cfgemb	5	0.038	0/5	0/5	4	367	0.038
s3dpct	120000	usocket	7	cfgemb	5	0.000	0/5	0/5	5	443	0.000
s3dpct	120000	usocket	8	cfgemb	5	0.000	0/5	0/5	5	420	0.000
s3dpct	120000	usocket	9	cfgemb	5	0.000	0/5	0/5	5	432	0.000
s3dpct	120000	usocket	10	cfgemb	5	0.000	0/5	0/5	5	368	0.000
s3dpct	120000	usocket	11	cfgemb	5	0.037	0/5	0/5	4	323	0.037
s3dpct	120000	usocket	12	cfgemb	5	0.000	0/5	0/5	5	338	0.000
s3dpct	120000	usocket	13	cfgemb	5	0.000	0/5	0/5	5	380	0.000
s3dpct	120000	usocket	14	cfgemb	5	0.000	0/5	0/5	5	348	0.000
s3dpct	120000	usocket	15	cfgemb	5	0.000	0/5	0/5	5	399	0.000
s3dpct	120000	usocket	16	cfgemb	5	0.003	0/5	0/5	5	463	0.003
s3dpct	120000	usocket	17	cfgemb	5	0.000	0/5	0/5	5	476	0.000
s3dpct	120000	usocket	18	cfgemb	5	0.000	0/5	0/5	5	501	0.000
s3dpct	120000	usocket	19	cfgemb	5	0.000	0/5	0/5	5	519	0.000
s3dpct	120000	usocket	20	cfgemb	5	0.000	0/5	0/5	5	564	0.000
s3dpct	120000	usocket	21	cfgemb	5	0.000	0/5	0/5	5	451	0.000
s3dpct	120000	usocket	22	cfgemb	5	0.080	0/5	0/5	4	389	0.080
s3dpct	120000	usocket	23	cfgemb	5	0.000	0/5	0/5	5	319	0.000
s3dpct	120000	usocket	24	cfgemb	5	0.100	0/5	0/5	4	291	0.100
s3dpct	120000	usocket	25	cfgemb	5	0.000	0/5	0/5	5	330	0.000
s3dpct	120000	usocket	26	cfgemb	5	0.000	0/5	0/5	5	362	0.000
s3dpct	120000	usocket	27	cfgemb	5	0.049	0/5	0/5	4	472	0.049
s3dpct	120000	usocket	28	cfgemb	5	0.000	0/5	0/5	5	548	0.000
s3dpct	120000	usocket	29	cfgemb	5	0.000	0/5	0/5	5	446	0.000
s3dpct	120000	usocket	30	cfgemb	5	0.000	0/5	0/5	5	399	0.000
s3dpct	150000	chain	0	cfgemb	80	0.557	16/80	5/80	14	688	0.597
s3dpct	150000	usocket	0	cfgemb	80	0.635	24/80	14/80	13	318	0.648
s3dpct	180000	chain	0	cfgemb	80	0.576	18/80	6/80	13	688	0.598
s3dpct	180000	chain	1	cfgemb	5	0.135	0/5	0/5	4	745	0.135
s3dpct	180000	chain	2	cfgemb	5	0.443	1/5	0/5	2	663	0.443
s3dpct	180000	chain	3	cfgemb	5	0.134	0/5	0/5	4	817	0.134
s3dpct	180000	chain	4	cfgemb	5	0.585	1/5	0/5	1	719	0.585
s3dpct	180000	chain	5	cfgemb	5	0.430	1/5	0/5	2	710	0.430
s3dpct	180000	chain	6	cfgemb	5	0.235	0/5	0/5	3	792	0.235
s3dpct	180000	chain	7	cfgemb	5	0.428	1/5	0/5	2	957	0.428
s3dpct	180000	chain	8	cfgemb	5	0.618	2/5	1/5	1	908	0.618
s3dpct	180000	chain	9	cfgemb	5	0.387	0/5	0/5	2	933	0.387
s3dpct	180000	chain	10	cfgemb	5	0.703	2/5	1/5	0	794	0.703
s3dpct	180000	chain	11	cfgemb	5	0.509	2/5	2/5	2	698	0.509
s3dpct	180000	chain	12	cfgemb	5	0.597	1/5	0/5	1	730	0.597
s3dpct	180000	chain	13	cfgemb	5	0.420	1/5	0/5	2	820	0.420
s3dpct	180000	chain	14	cfgemb	5	0.152	0/5	0/5	4	751	0.152
s3dpct	180000	chain	15	cfgemb	5	0.186	1/5	0/5	4	861	0.186
s3dpct	180000	chain	16	cfgemb	5	0.651	2/5	1/5	1	1001	0.651
s3dpct	180000	chain	17	cfgemb	5	0.235	0/5	0/5	3	1029	0.235
s3dpct	180000	chain	18	cfgemb	5	0.583	1/5	0/5	1	1082	0.583
s3dpct	180000	chain	19	cfgemb	5	0.190	1/5	1/5	4	1122	0.190
s3dpct	180000	chain	20	cfgemb	5	0.136	0/5	0/5	4	1218	0.136
s3dpct	180000	chain	21	cfgemb	5	0.242	0/5	0/5	3	974	0.242
s3dpct	180000	chain	22	cfgemb	5	0.447	1/5	0/5	2	840	0.447
s3dpct	180000	chain	23	cfgemb	5	0.483	0/5	0/5	1	688	0.483
s3dpct	180000	chain	24	cfgemb	5	0.565	1/5	0/5	1	629	0.565
s3dpct	180000	chain	25	cfgemb	5	0.321	1/5	1/5	3	712	0.321
s3dpct	180000	chain	26	cfgemb	5	0.316	1/5	0/5	3	783	0.316
s3dpct	180000	chain	27	cfgemb	5	0.262	0/5	0/5	3	1020	0.262
s3dpct	180000	chain	28	cfgemb	5	0.298	1/5	0/5	3	1184	0.298
s3dpct	180000	chain	29	cfgemb	5	0.574	1/5	0/5	1	963	0.574
s3dpct	180000	chain	30	cfgemb	5	0.361	2/5	0/5	3	862	0.361
s3dpct	180000	usocket	0	cfgemb	80	0.710	24/80	14/80	4	318	0.739
s3dpct	180000	usocket	1	cfgemb	5	0.000	0/5	0/5	5	345	0.000
s3dpct	180000	usocket	2	cfgemb	5	0.000	0/5	0/5	5	307	0.000
s3dpct	180000	usocket	3	cfgemb	5	0.000	0/5	0/5	5	378	0.000
s3dpct	180000	usocket	4	cfgemb	5	0.000	0/5	0/5	5	333	0.000
s3dpct	180000	usocket	5	cfgemb	5	0.000	0/5	0/5	5	328	0.000
s3dpct	180000	usocket	6	cfgemb	5	0.000	0/5	0/5	5	367	0.000
s3dpct	180000	usocket	7	cfgemb	5	0.000	0/5	0/5	5	443	0.000
s3dpct	180000	usocket	8	cfgemb	5	0.000	0/5	0/5	5	420	0.000
s3dpct	180000	usocket	9	cfgemb	5	0.000	0/5	0/5	5	432	0.000
s3dpct	180000	usocket	10	cfgemb	5	0.000	0/5	0/5	5	368	0.000
s3dpct	180000	usocket	11	cfgemb	5	0.000	0/5	0/5	5	323	0.000
s3dpct	180000	usocket	12	cfgemb	5	0.000	0/5	0/5	5	338	0.000
s3dpct	180000	usocket	13	cfgemb	5	0.000	0/5	0/5	5	380	0.000
s3dpct	180000	usocket	14	cfgemb	5	0.000	0/5	0/5	5	348	0.000
s3dpct	180000	usocket	15	cfgemb	5	0.000	0/5	0/5	5	399	0.000
s3dpct	180000	usocket	16	cfgemb	5	0.061	0/5	0/5	4	463	0.061
s3dpct	180000	usocket	17	cfgemb	5	0.029	0/5	0/5	4	476	0.029
s3dpct	180000	usocket	18	cfgemb	5	0.000	0/5	0/5	5	501	0.000
s3dpct	180000	usocket	19	cfgemb	5	0.000	0/5	0/5	5	519	0.000
s3dpct	180000	usocket	20	cfgemb	5	0.000	0/5	0/5	5	564	0.000
s3dpct	180000	usocket	21	cfgemb	5	0.000	0/5	0/5	5	451	0.000
s3dpct	180000	usocket	22	cfgemb	5	0.000	0/5	0/5	5	389	0.000
s3dpct	180000	usocket	23	cfgemb	5	0.000	0/5	0/5	5	319	0.000
s3dpct	180000	usocket	24	cfgemb	5	0.000	0/5	0/5	5	291	0.000
s3dpct	180000	usocket	25	cfgemb	5	0.000	0/5	0/5	5	330	0.000
s3dpct	180000	usocket	26	cfgemb	5	0.000	0/5	0/5	5	362	0.000
s3dpct	180000	usocket	27	cfgemb	5	0.083	0/5	0/5	4	472	0.083
s3dpct	180000	usocket	28	cfgemb	5	0.000	0/5	0/5	5	548	0.000
s3dpct	180000	usocket	29	cfgemb	5	0.000	0/5	0/5	5	446	0.000
s3dpct	180000	usocket	30	cfgemb	5	0.000	0/5	0/5	5	399	0.000
s3dpct	210000	chain	0	cfgemb	80	0.596	11/80	6/80	10	688	0.612
s3dpct	210000	usocket	0	cfgemb	80	0.662	22/80	15/80	9	318	0.653
s3dpct	240000	chain	0	cfgemb	80	0.605	17/80	6/80	11	688	0.577
s3dpct	240000	chain	1	cfgemb	5	0.856	4/5	2/5	0	745	0.856
s3dpct	240000	chain	2	cfgemb	5	0.488	2/5	0/5	2	663	0.488
s3dpct	240000	chain	3	cfgemb	5	0.650	2/5	0/5	1	817	0.650
s3dpct	240000	chain	4	cfgemb	5	0.427	0/5	0/5	2	719	0.427
s3dpct	240000	chain	5	cfgemb	5	0.427	1/5	0/5	2	710	0.427
s3dpct	240000	chain	6	cfgemb	5	0.611	2/5	0/5	1	792	0.611
s3dpct	240000	chain	7	cfgemb	5	0.417	0/5	0/5	2	957	0.417
s3dpct	240000	chain	8	cfgemb	5	0.606	2/5	0/5	1	908	0.606
s3dpct	240000	chain	9	cfgemb	5	0.657	2/5	1/5	1	933	0.657
s3dpct	240000	chain	10	cfgemb	5	0.512	2/5	1/5	2	794	0.512
s3dpct	240000	chain	11	cfgemb	5	0.178	1/5	0/5	4	698	0.178
s3dpct	240000	chain	12	cfgemb	5	0.743	2/5	0/5	0	730	0.743
s3dpct	240000	chain	13	cfgemb	5	0.295	0/5	0/5	3	820	0.295
s3dpct	240000	chain	14	cfgemb	5	0.116	0/5	0/5	4	751	0.116
s3dpct	240000	chain	15	cfgemb	5	0.196	1/5	1/5	4	861	0.196
s3dpct	240000	chain	16	cfgemb	5	0.375	2/5	1/5	3	1001	0.375
s3dpct	240000	chain	17	cfgemb	5	0.598	1/5	1/5	0	1029	0.598
s3dpct	240000	chain	18	cfgemb	5	0.709	3/5	2/5	1	1082	0.709
s3dpct	240000	chain	19	cfgemb	5	0.475	1/5	0/5	2	1122	0.475
s3dpct	240000	chain	20	cfgemb	5	0.000	0/5	0/5	5	1218	0.000
s3dpct	240000	chain	21	cfgemb	5	0.409	0/5	0/5	2	974	0.409
s3dpct	240000	chain	22	cfgemb	5	0.499	2/5	0/5	2	840	0.499
s3dpct	240000	chain	23	cfgemb	5	0.529	0/5	0/5	1	688	0.529
s3dpct	240000	chain	24	cfgemb	5	0.499	1/5	1/5	1	629	0.499
s3dpct	240000	chain	25	cfgemb	5	0.379	2/5	1/5	3	712	0.379
s3dpct	240000	chain	26	cfgemb	5	0.504	0/5	0/5	1	783	0.504
s3dpct	240000	chain	27	cfgemb	5	0.491	2/5	0/5	2	1020	0.491
s3dpct	240000	chain	28	cfgemb	5	0.273	0/5	0/5	3	1184	0.273
s3dpct	240000	chain	29	cfgemb	5	0.337	1/5	1/5	3	963	0.337
s3dpct	240000	chain	30	cfgemb	5	0.185	1/5	0/5	4	862	0.185
s3dpct	240000	usocket	0	cfgemb	80	0.664	23/80	11/80	8	318	0.679
s3dpct	240000	usocket	1	cfgemb	5	0.000	0/5	0/5	5	345	0.000
s3dpct	240000	usocket	2	cfgemb	5	0.000	0/5	0/5	5	307	0.000
s3dpct	240000	usocket	3	cfgemb	5	0.000	0/5	0/5	5	378	0.000
s3dpct	240000	usocket	4	cfgemb	5	0.000	0/5	0/5	5	333	0.000
s3dpct	240000	usocket	5	cfgemb	5	0.000	0/5	0/5	5	328	0.000
s3dpct	240000	usocket	6	cfgemb	5	0.000	0/5	0/5	5	367	0.000
s3dpct	240000	usocket	7	cfgemb	5	0.000	0/5	0/5	5	443	0.000
s3dpct	240000	usocket	8	cfgemb	5	0.000	0/5	0/5	5	420	0.000
s3dpct	240000	usocket	9	cfgemb	5	0.000	0/5	0/5	5	432	0.000
s3dpct	240000	usocket	10	cfgemb	5	0.000	0/5	0/5	5	368	0.000
s3dpct	240000	usocket	11	cfgemb	5	0.000	0/5	0/5	5	323	0.000
s3dpct	240000	usocket	12	cfgemb	5	0.000	0/5	0/5	5	338	0.000
s3dpct	240000	usocket	13	cfgemb	5	0.034	0/5	0/5	4	380	0.034
s3dpct	240000	usocket	14	cfgemb	5	0.000	0/5	0/5	5	348	0.000
s3dpct	240000	usocket	15	cfgemb	5	0.000	0/5	0/5	5	399	0.000
s3dpct	240000	usocket	16	cfgemb	5	0.000	0/5	0/5	5	463	0.000
s3dpct	240000	usocket	17	cfgemb	5	0.000	0/5	0/5	5	476	0.000
s3dpct	240000	usocket	18	cfgemb	5	0.000	0/5	0/5	5	501	0.000
s3dpct	240000	usocket	19	cfgemb	5	0.000	0/5	0/5	5	519	0.000
s3dpct	240000	usocket	20	cfgemb	5	0.000	0/5	0/5	5	564	0.000
s3dpct	240000	usocket	21	cfgemb	5	0.000	0/5	0/5	5	451	0.000
s3dpct	240000	usocket	22	cfgemb	5	0.078	0/5	0/5	4	389	0.078
s3dpct	240000	usocket	23	cfgemb	5	0.144	0/5	0/5	4	319	0.144
s3dpct	240000	usocket	24	cfgemb	5	0.000	0/5	0/5	5	291	0.000
s3dpct	240000	usocket	25	cfgemb	5	0.000	0/5	0/5	5	330	0.000
s3dpct	240000	usocket	26	cfgemb	5	0.000	0/5	0/5	5	362	0.000
s3dpct	240000	usocket	27	cfgemb	5	0.082	0/5	0/5	4	472	0.082
s3dpct	240000	usocket	28	cfgemb	5	0.066	0/5	0/5	4	548	0.066
s3dpct	240000	usocket	29	cfgemb	5	0.000	0/5	0/5	5	446	0.000
s3dpct	240000	usocket	30	cfgemb	5	0.000	0/5	0/5	5	399	0.000
s3unitech	30000	chain	0	cfg1	80	0.383	9/80	3/80	32	688	0.395
s3unitech	30000	chain	0	cfgemb	80	0.245	2/80	0/80	46	688	0.244
s3unitech	60000	chain	0	cfg1	80	0.485	15/80	5/80	25	688	0.463
s3unitech	60000	chain	0	cfgemb	80	0.233	3/80	0/80	50	688	0.244
s3unitech	90000	chain	0	cfg1	80	0.459	4/80	1/80	21	688	0.486
s3unitech	90000	chain	0	cfgemb	80	0.346	8/80	1/80	36	688	0.340
s3unitech	120000	chain	0	cfg1	80	0.507	11/80	4/80	18	688	0.533
s3unitech	120000	chain	0	cfgemb	80	0.372	10/80	1/80	35	688	0.417
s3unitech	120000	chain	1	cfg1	5	0.421	1/5	0/5	2	745	0.421
s3unitech	120000	chain	1	cfgemb	5	0.000	0/5	0/5	5	745	0.000
s3unitech	120000	chain	2	cfg1	5	0.414	1/5	0/5	2	663	0.414
s3unitech	120000	chain	2	cfgemb	5	0.113	0/5	0/5	4	663	0.113
s3unitech	120000	chain	3	cfg1	5	0.285	0/5	0/5	3	817	0.285
s3unitech	120000	chain	3	cfgemb	5	0.000	0/5	0/5	5	817	0.000
s3unitech	120000	chain	4	cfg1	5	0.323	1/5	0/5	3	719	0.323
s3unitech	120000	chain	4	cfgemb	5	0.003	0/5	0/5	5	719	0.003
s3unitech	120000	chain	5	cfg1	5	0.327	1/5	0/5	3	710	0.327
s3unitech	120000	chain	5	cfgemb	5	0.331	1/5	0/5	3	710	0.331
s3unitech	120000	chain	6	cfg1	5	0.523	0/5	0/5	1	792	0.523
s3unitech	120000	chain	6	cfgemb	5	0.196	0/5	0/5	3	792	0.196
s3unitech	120000	chain	7	cfg1	5	0.289	1/5	0/5	3	957	0.289
s3unitech	120000	chain	7	cfgemb	5	0.072	0/5	0/5	4	957	0.072
s3unitech	120000	chain	8	cfg1	5	0.135	0/5	0/5	4	908	0.135
s3unitech	120000	chain	8	cfgemb	5	0.153	0/5	0/5	3	908	0.153
s3unitech	120000	chain	9	cfg1	5	0.472	1/5	1/5	2	933	0.472
s3unitech	120000	chain	9	cfgemb	5	0.127	0/5	0/5	4	933	0.127
s3unitech	120000	chain	10	cfg1	5	0.536	1/5	0/5	1	794	0.536
s3unitech	120000	chain	10	cfgemb	5	0.139	0/5	0/5	4	794	0.139
s3unitech	120000	chain	11	cfg1	5	0.222	0/5	0/5	3	698	0.222
s3unitech	120000	chain	11	cfgemb	5	0.137	0/5	0/5	4	698	0.137
s3unitech	120000	chain	12	cfg1	5	0.343	0/5	0/5	2	730	0.343
s3unitech	120000	chain	12	cfgemb	5	0.000	0/5	0/5	5	730	0.000
s3unitech	120000	chain	13	cfg1	5	0.340	1/5	0/5	2	820	0.340
s3unitech	120000	chain	13	cfgemb	5	0.150	0/5	0/5	4	820	0.150
s3unitech	120000	chain	14	cfg1	5	0.262	0/5	0/5	3	751	0.262
s3unitech	120000	chain	14	cfgemb	5	0.114	0/5	0/5	4	751	0.114
s3unitech	120000	chain	15	cfg1	5	0.245	0/5	0/5	3	861	0.245
s3unitech	120000	chain	15	cfgemb	5	0.000	0/5	0/5	5	861	0.000
s3unitech	120000	chain	16	cfg1	5	0.491	0/5	0/5	1	1001	0.491
s3unitech	120000	chain	16	cfgemb	5	0.085	0/5	0/5	4	1001	0.085
s3unitech	120000	chain	17	cfg1	5	0.646	2/5	1/5	1	1029	0.646
s3unitech	120000	chain	17	cfgemb	5	0.000	0/5	0/5	5	1029	0.000
s3unitech	120000	chain	18	cfg1	5	0.000	0/5	0/5	5	1082	0.000
s3unitech	120000	chain	18	cfgemb	5	0.000	0/5	0/5	5	1082	0.000
s3unitech	120000	chain	19	cfg1	5	0.138	0/5	0/5	4	1122	0.138
s3unitech	120000	chain	19	cfgemb	5	0.000	0/5	0/5	5	1122	0.000
s3unitech	120000	chain	20	cfg1	5	0.362	0/5	0/5	2	1218	0.362
s3unitech	120000	chain	20	cfgemb	5	0.000	0/5	0/5	5	1218	0.000
s3unitech	120000	chain	21	cfg1	5	0.250	0/5	0/5	3	974	0.250
s3unitech	120000	chain	21	cfgemb	5	0.111	0/5	0/5	4	974	0.111
s3unitech	120000	chain	22	cfg1	5	0.266	0/5	0/5	3	840	0.266
s3unitech	120000	chain	22	cfgemb	5	0.137	0/5	0/5	4	840	0.137
s3unitech	120000	chain	23	cfg1	5	0.118	0/5	0/5	4	688	0.118
s3unitech	120000	chain	23	cfgemb	5	0.000	0/5	0/5	5	688	0.000
s3unitech	120000	chain	24	cfg1	5	0.564	1/5	0/5	1	629	0.564
s3unitech	120000	chain	24	cfgemb	5	0.263	1/5	0/5	3	629	0.263
s3unitech	120000	chain	25	cfg1	5	0.141	0/5	0/5	4	712	0.141
s3unitech	120000	chain	25	cfgemb	5	0.135	0/5	0/5	4	712	0.135
s3unitech	120000	chain	26	cfg1	5	0.090	0/5	0/5	4	783	0.090
s3unitech	120000	chain	26	cfgemb	5	0.434	1/5	0/5	2	783	0.434
s3unitech	120000	chain	27	cfg1	5	0.254	1/5	0/5	3	1020	0.254
s3unitech	120000	chain	27	cfgemb	5	0.113	0/5	0/5	4	1020	0.113
s3unitech	120000	chain	28	cfg1	5	0.160	0/5	0/5	3	1184	0.160
s3unitech	120000	chain	28	cfgemb	5	0.000	0/5	0/5	5	1184	0.000
s3unitech	120000	chain	29	cfg1	5	0.255	0/5	0/5	3	963	0.255
s3unitech	120000	chain	29	cfgemb	5	0.000	0/5	0/5	5	963	0.000
s3unitech	120000	chain	30	cfg1	5	0.224	0/5	0/5	3	862	0.224
s3unitech	120000	chain	30	cfgemb	5	0.000	0/5	0/5	5	862	0.000
s3unitech	150000	chain	0	cfg1	80	0.491	12/80	3/80	20	688	0.459
s3unitech	150000	chain	0	cfgemb	80	0.347	9/80	1/80	36	688	0.318
s3unitech	180000	chain	0	cfg1	80	0.498	13/80	3/80	21	688	0.605
s3unitech	180000	chain	0	cfgemb	80	0.333	7/80	3/80	40	688	0.378
s3unitech	180000	chain	1	cfg1	5	0.102	0/5	0/5	4	745	0.102
s3unitech	180000	chain	1	cfgemb	5	0.136	0/5	0/5	4	745	0.136
s3unitech	180000	chain	2	cfg1	5	0.000	0/5	0/5	5	663	0.000
s3unitech	180000	chain	2	cfgemb	5	0.133	0/5	0/5	4	663	0.133
s3unitech	180000	chain	3	cfg1	5	0.325	0/5	0/5	2	817	0.325
s3unitech	180000	chain	3	cfgemb	5	0.000	0/5	0/5	5	817	0.000
s3unitech	180000	chain	4	cfg1	5	0.135	0/5	0/5	4	719	0.135
s3unitech	180000	chain	4	cfgemb	5	0.000	0/5	0/5	5	719	0.000
s3unitech	180000	chain	5	cfg1	5	0.528	1/5	1/5	1	710	0.528
s3unitech	180000	chain	5	cfgemb	5	0.000	0/5	0/5	5	710	0.000
s3unitech	180000	chain	6	cfg1	5	0.379	0/5	0/5	2	792	0.379
s3unitech	180000	chain	6	cfgemb	5	0.184	1/5	0/5	4	792	0.184
s3unitech	180000	chain	7	cfg1	5	0.133	0/5	0/5	4	957	0.133
s3unitech	180000	chain	7	cfgemb	5	0.109	0/5	0/5	4	957	0.109
s3unitech	180000	chain	8	cfg1	5	0.454	1/5	0/5	2	908	0.454
s3unitech	180000	chain	8	cfgemb	5	0.000	0/5	0/5	5	908	0.000
s3unitech	180000	chain	9	cfg1	5	0.357	0/5	0/5	2	933	0.357
s3unitech	180000	chain	9	cfgemb	5	0.000	0/5	0/5	5	933	0.000
s3unitech	180000	chain	10	cfg1	5	0.211	0/5	0/5	3	794	0.211
s3unitech	180000	chain	10	cfgemb	5	0.136	0/5	0/5	4	794	0.136
s3unitech	180000	chain	11	cfg1	5	0.000	0/5	0/5	5	698	0.000
s3unitech	180000	chain	11	cfgemb	5	0.009	0/5	0/5	5	698	0.009
s3unitech	180000	chain	12	cfg1	5	0.189	1/5	0/5	4	730	0.189
s3unitech	180000	chain	12	cfgemb	5	0.000	0/5	0/5	5	730	0.000
s3unitech	180000	chain	13	cfg1	5	0.120	0/5	0/5	4	820	0.120
s3unitech	180000	chain	13	cfgemb	5	0.000	0/5	0/5	5	820	0.000
s3unitech	180000	chain	14	cfg1	5	0.131	0/5	0/5	4	751	0.131
s3unitech	180000	chain	14	cfgemb	5	0.000	0/5	0/5	5	751	0.000
s3unitech	180000	chain	15	cfg1	5	0.382	0/5	0/5	2	861	0.382
s3unitech	180000	chain	15	cfgemb	5	0.195	1/5	1/5	4	861	0.195
s3unitech	180000	chain	16	cfg1	5	0.385	1/5	0/5	2	1001	0.385
s3unitech	180000	chain	16	cfgemb	5	0.000	0/5	0/5	5	1001	0.000
s3unitech	180000	chain	17	cfg1	5	0.296	1/5	0/5	3	1029	0.296
s3unitech	180000	chain	17	cfgemb	5	0.122	0/5	0/5	4	1029	0.122
s3unitech	180000	chain	18	cfg1	5	0.274	0/5	0/5	3	1082	0.274
s3unitech	180000	chain	18	cfgemb	5	0.000	0/5	0/5	5	1082	0.000
s3unitech	180000	chain	19	cfg1	5	0.271	0/5	0/5	3	1122	0.271
s3unitech	180000	chain	19	cfgemb	5	0.000	0/5	0/5	5	1122	0.000
s3unitech	180000	chain	20	cfg1	5	0.254	0/5	0/5	3	1218	0.254
s3unitech	180000	chain	20	cfgemb	5	0.098	0/5	0/5	4	1218	0.098
s3unitech	180000	chain	21	cfg1	5	0.301	1/5	0/5	3	974	0.301
s3unitech	180000	chain	21	cfgemb	5	0.138	0/5	0/5	4	974	0.138
s3unitech	180000	chain	22	cfg1	5	0.558	1/5	0/5	1	840	0.558
s3unitech	180000	chain	22	cfgemb	5	0.133	0/5	0/5	4	840	0.133
s3unitech	180000	chain	23	cfg1	5	0.569	2/5	1/5	1	688	0.569
s3unitech	180000	chain	23	cfgemb	5	0.271	1/5	0/5	3	688	0.271
s3unitech	180000	chain	24	cfg1	5	0.464	1/5	0/5	2	629	0.464
s3unitech	180000	chain	24	cfgemb	5	0.000	0/5	0/5	5	629	0.000
s3unitech	180000	chain	25	cfg1	5	0.139	0/5	0/5	4	712	0.139
s3unitech	180000	chain	25	cfgemb	5	0.150	0/5	0/5	3	712	0.150
s3unitech	180000	chain	26	cfg1	5	0.405	0/5	0/5	2	783	0.405
s3unitech	180000	chain	26	cfgemb	5	0.308	1/5	0/5	3	783	0.308
s3unitech	180000	chain	27	cfg1	5	0.493	1/5	1/5	1	1020	0.493
s3unitech	180000	chain	27	cfgemb	5	0.167	1/5	0/5	4	1020	0.167
s3unitech	180000	chain	28	cfg1	5	0.478	2/5	2/5	2	1184	0.478
s3unitech	180000	chain	28	cfgemb	5	0.254	0/5	0/5	3	1184	0.254
s3unitech	180000	chain	29	cfg1	5	0.236	0/5	0/5	3	963	0.236
s3unitech	180000	chain	29	cfgemb	5	0.000	0/5	0/5	5	963	0.000
s3unitech	180000	chain	30	cfg1	5	0.000	0/5	0/5	5	862	0.000
s3unitech	180000	chain	30	cfgemb	5	0.000	0/5	0/5	5	862	0.000
s3unitech	210000	chain	0	cfg1	80	0.439	14/80	4/80	28	688	0.415
s3unitech	210000	chain	0	cfgemb	80	0.288	6/80	1/80	43	688	0.320
s3unitech	240000	chain	0	cfg1	80	0.492	12/80	4/80	14	688	0.551
s3unitech	240000	chain	0	cfgemb	80	0.277	4/80	1/80	42	688	0.306
s3unitech	240000	chain	1	cfg1	5	0.285	0/5	0/5	3	745	0.285
s3unitech	240000	chain	1	cfgemb	5	0.090	0/5	0/5	4	745	0.090
s3unitech	240000	chain	2	cfg1	5	0.423	1/5	0/5	2	663	0.423
s3unitech	240000	chain	2	cfgemb	5	0.000	0/5	0/5	5	663	0.000
s3unitech	240000	chain	3	cfg1	5	0.200	0/5	0/5	3	817	0.200
s3unitech	240000	chain	3	cfgemb	5	0.000	0/5	0/5	5	817	0.000
s3unitech	240000	chain	4	cfg1	5	0.000	0/5	0/5	5	719	0.000
s3unitech	240000	chain	4	cfgemb	5	0.000	0/5	0/5	5	719	0.000
s3unitech	240000	chain	5	cfg1	5	0.315	1/5	0/5	3	710	0.315
s3unitech	240000	chain	5	cfgemb	5	0.182	1/5	0/5	4	710	0.182
s3unitech	240000	chain	6	cfg1	5	0.243	0/5	0/5	3	792	0.243
s3unitech	240000	chain	6	cfgemb	5	0.290	1/5	0/5	3	792	0.290
s3unitech	240000	chain	7	cfg1	5	0.516	0/5	0/5	1	957	0.516
s3unitech	240000	chain	7	cfgemb	5	0.000	0/5	0/5	5	957	0.000
s3unitech	240000	chain	8	cfg1	5	0.196	1/5	1/5	4	908	0.196
s3unitech	240000	chain	8	cfgemb	5	0.179	1/5	0/5	4	908	0.179
s3unitech	240000	chain	9	cfg1	5	0.138	0/5	0/5	4	933	0.138
s3unitech	240000	chain	9	cfgemb	5	0.138	0/5	0/5	4	933	0.138
s3unitech	240000	chain	10	cfg1	5	0.353	0/5	0/5	2	794	0.353
s3unitech	240000	chain	10	cfgemb	5	0.000	0/5	0/5	5	794	0.000
s3unitech	240000	chain	11	cfg1	5	0.000	0/5	0/5	5	698	0.000
s3unitech	240000	chain	11	cfgemb	5	0.077	0/5	0/5	4	698	0.077
s3unitech	240000	chain	12	cfg1	5	0.364	2/5	0/5	3	730	0.364
s3unitech	240000	chain	12	cfgemb	5	0.000	0/5	0/5	5	730	0.000
s3unitech	240000	chain	13	cfg1	5	0.093	0/5	0/5	4	820	0.093
s3unitech	240000	chain	13	cfgemb	5	0.204	0/5	0/5	3	820	0.204
s3unitech	240000	chain	14	cfg1	5	0.337	0/5	0/5	2	751	0.337
s3unitech	240000	chain	14	cfgemb	5	0.099	0/5	0/5	4	751	0.099
s3unitech	240000	chain	15	cfg1	5	0.098	0/5	0/5	4	861	0.098
s3unitech	240000	chain	15	cfgemb	5	0.000	0/5	0/5	5	861	0.000
s3unitech	240000	chain	16	cfg1	5	0.233	0/5	0/5	3	1001	0.233
s3unitech	240000	chain	16	cfgemb	5	0.000	0/5	0/5	5	1001	0.000
s3unitech	240000	chain	17	cfg1	5	0.000	0/5	0/5	5	1029	0.000
s3unitech	240000	chain	17	cfgemb	5	0.131	0/5	0/5	4	1029	0.131
s3unitech	240000	chain	18	cfg1	5	0.137	0/5	0/5	4	1082	0.137
s3unitech	240000	chain	18	cfgemb	5	0.098	0/5	0/5	4	1082	0.098
s3unitech	240000	chain	19	cfg1	5	0.272	0/5	0/5	3	1122	0.272
s3unitech	240000	chain	19	cfgemb	5	0.139	0/5	0/5	4	1122	0.139
s3unitech	240000	chain	20	cfg1	5	0.127	0/5	0/5	4	1218	0.127
s3unitech	240000	chain	20	cfgemb	5	0.000	0/5	0/5	5	1218	0.000
s3unitech	240000	chain	21	cfg1	5	0.211	0/5	0/5	3	974	0.211
s3unitech	240000	chain	21	cfgemb	5	0.000	0/5	0/5	5	974	0.000
s3unitech	240000	chain	22	cfg1	5	0.349	0/5	0/5	2	840	0.349
s3unitech	240000	chain	22	cfgemb	5	0.000	0/5	0/5	5	840	0.000
s3unitech	240000	chain	23	cfg1	5	0.586	1/5	0/5	1	688	0.586
s3unitech	240000	chain	23	cfgemb	5	0.352	2/5	0/5	3	688	0.352
s3unitech	240000	chain	24	cfg1	5	0.236	0/5	0/5	3	629	0.236
s3unitech	240000	chain	24	cfgemb	5	0.241	0/5	0/5	3	629	0.241
s3unitech	240000	chain	25	cfg1	5	0.317	0/5	0/5	2	712	0.317
s3unitech	240000	chain	25	cfgemb	5	0.252	1/5	0/5	3	712	0.252
s3unitech	240000	chain	26	cfg1	5	0.138	0/5	0/5	4	783	0.138
s3unitech	240000	chain	26	cfgemb	5	0.091	0/5	0/5	4	783	0.091
s3unitech	240000	chain	27	cfg1	5	0.248	0/5	0/5	3	1020	0.248
s3unitech	240000	chain	27	cfgemb	5	0.000	0/5	0/5	5	1020	0.000
s3unitech	240000	chain	28	cfg1	5	0.538	3/5	0/5	2	1184	0.538
s3unitech	240000	chain	28	cfgemb	5	0.000	0/5	0/5	5	1184	0.000
s3unitech	240000	chain	29	cfg1	5	0.113	0/5	0/5	4	963	0.113
s3unitech	240000	chain	29	cfgemb	5	0.000	0/5	0/5	5	963	0.000
s3unitech	240000	chain	30	cfg1	5	0.034	0/5	0/5	4	862	0.034
s3unitech	240000	chain	30	cfgemb	5	0.177	1/5	0/5	4	862	0.177
unitech	30000	chain	0	cfg1	80	0.468	12/80	4/80	23	688	0.506
unitech	30000	chain	0	cfgemb	80	0.181	2/80	0/80	56	688	0.211
unitech	60000	chain	0	cfg1	80	0.468	12/80	4/80	23	688	0.514
unitech	60000	chain	0	cfgemb	80	0.303	2/80	1/80	40	688	0.270
unitech	90000	chain	0	cfg1	80	0.495	17/80	4/80	21	688	0.535
unitech	90000	chain	0	cfgemb	80	0.270	8/80	1/80	50	688	0.211
unitech	120000	chain	0	cfg1	80	0.499	9/80	2/80	20	688	0.528
unitech	120000	chain	0	cfgemb	80	0.271	6/80	0/80	44	688	0.222
unitech	150000	chain	0	cfg1	80	0.457	13/80	3/80	26	688	0.493
unitech	150000	chain	0	cfgemb	80	0.222	5/80	1/80	51	688	0.252
unitech	180000	chain	0	cfg1	80	0.475	13/80	7/80	24	688	0.493
unitech	180000	chain	0	cfgemb	80	0.231	7/80	3/80	52	688	0.253
unitech	210000	chain	0	cfg1	80	0.500	12/80	4/80	22	688	0.494
unitech	210000	chain	0	cfgemb	80	0.267	6/80	1/80	46	688	0.226
unitech	240000	chain	0	cfg1	80	0.530	16/80	7/80	20	688	0.510
unitech	240000	chain	0	cfgemb	40	0.265	5/40	2/40	24	688	0.265
uniteus	30000	usocket	0	cfg1	80	0.345	6/80	1/80	39	318	0.349
uniteus	30000	usocket	0	cfgemb	80	0.316	11/80	3/80	42	318	0.192
uniteus	60000	usocket	0	cfg1	80	0.485	17/80	11/80	24	318	0.464
uniteus	60000	usocket	0	cfgemb	80	0.402	15/80	5/80	33	318	0.364
uniteus	90000	usocket	0	cfg1	80	0.518	18/80	9/80	20	318	0.537
uniteus	90000	usocket	0	cfgemb	80	0.460	17/80	5/80	28	318	0.524
uniteus	120000	usocket	0	cfg1	80	0.520	22/80	14/80	25	318	0.461
uniteus	120000	usocket	0	cfgemb	80	0.496	22/80	7/80	26	318	0.498
uniteus	120000	usocket	1	cfg1	5	0.000	0/5	0/5	5	345	0.000
uniteus	120000	usocket	1	cfgemb	5	0.000	0/5	0/5	5	345	0.000
uniteus	120000	usocket	2	cfg1	5	0.000	0/5	0/5	5	307	0.000
uniteus	120000	usocket	2	cfgemb	5	0.000	0/5	0/5	5	307	0.000
uniteus	120000	usocket	3	cfg1	5	0.000	0/5	0/5	5	378	0.000
uniteus	120000	usocket	3	cfgemb	5	0.000	0/5	0/5	5	378	0.000
uniteus	120000	usocket	4	cfg1	5	0.000	0/5	0/5	5	333	0.000
uniteus	120000	usocket	4	cfgemb	5	0.000	0/5	0/5	5	333	0.000
uniteus	120000	usocket	5	cfg1	5	0.000	0/5	0/5	5	328	0.000
uniteus	120000	usocket	5	cfgemb	5	0.000	0/5	0/5	5	328	0.000
uniteus	120000	usocket	6	cfg1	5	0.000	0/5	0/5	5	367	0.000
uniteus	120000	usocket	6	cfgemb	5	0.000	0/5	0/5	5	367	0.000
uniteus	120000	usocket	7	cfg1	5	0.000	0/5	0/5	5	443	0.000
uniteus	120000	usocket	7	cfgemb	5	0.000	0/5	0/5	5	443	0.000
uniteus	120000	usocket	8	cfg1	5	0.000	0/5	0/5	5	420	0.000
uniteus	120000	usocket	8	cfgemb	5	0.000	0/5	0/5	5	420	0.000
uniteus	120000	usocket	9	cfg1	5	0.000	0/5	0/5	5	432	0.000
uniteus	120000	usocket	9	cfgemb	5	0.000	0/5	0/5	5	432	0.000
uniteus	120000	usocket	10	cfg1	5	0.120	0/5	0/5	4	368	0.120
uniteus	120000	usocket	10	cfgemb	5	0.000	0/5	0/5	5	368	0.000
uniteus	120000	usocket	11	cfg1	5	0.000	0/5	0/5	5	323	0.000
uniteus	120000	usocket	11	cfgemb	5	0.000	0/5	0/5	5	323	0.000
uniteus	120000	usocket	12	cfg1	5	0.000	0/5	0/5	5	338	0.000
uniteus	120000	usocket	12	cfgemb	5	0.000	0/5	0/5	5	338	0.000
uniteus	120000	usocket	13	cfg1	5	0.000	0/5	0/5	5	380	0.000
uniteus	120000	usocket	13	cfgemb	5	0.000	0/5	0/5	5	380	0.000
uniteus	120000	usocket	14	cfg1	5	0.000	0/5	0/5	5	348	0.000
uniteus	120000	usocket	14	cfgemb	5	0.000	0/5	0/5	5	348	0.000
uniteus	120000	usocket	15	cfg1	5	0.000	0/5	0/5	5	399	0.000
uniteus	120000	usocket	15	cfgemb	5	0.000	0/5	0/5	5	399	0.000
uniteus	120000	usocket	16	cfg1	5	0.079	0/5	0/5	4	463	0.079
uniteus	120000	usocket	16	cfgemb	5	0.029	0/5	0/5	4	463	0.029
uniteus	120000	usocket	17	cfg1	5	0.000	0/5	0/5	5	476	0.000
uniteus	120000	usocket	17	cfgemb	5	0.000	0/5	0/5	5	476	0.000
uniteus	120000	usocket	18	cfg1	5	0.000	0/5	0/5	5	501	0.000
uniteus	120000	usocket	18	cfgemb	5	0.000	0/5	0/5	5	501	0.000
uniteus	120000	usocket	19	cfg1	5	0.000	0/5	0/5	5	519	0.000
uniteus	120000	usocket	19	cfgemb	5	0.000	0/5	0/5	5	519	0.000
uniteus	120000	usocket	20	cfg1	5	0.000	0/5	0/5	5	564	0.000
uniteus	120000	usocket	20	cfgemb	5	0.000	0/5	0/5	5	564	0.000
uniteus	120000	usocket	21	cfg1	5	0.028	0/5	0/5	4	451	0.028
uniteus	120000	usocket	21	cfgemb	5	0.000	0/5	0/5	5	451	0.000
uniteus	120000	usocket	22	cfg1	5	0.000	0/5	0/5	5	389	0.000
uniteus	120000	usocket	22	cfgemb	5	0.005	0/5	0/5	5	389	0.005
uniteus	120000	usocket	23	cfg1	5	0.050	0/5	0/5	4	319	0.050
uniteus	120000	usocket	23	cfgemb	5	0.008	0/5	0/5	5	319	0.008
uniteus	120000	usocket	24	cfg1	5	0.076	0/5	0/5	3	291	0.076
uniteus	120000	usocket	24	cfgemb	5	0.059	0/5	0/5	4	291	0.059
uniteus	120000	usocket	25	cfg1	5	0.000	0/5	0/5	5	330	0.000
uniteus	120000	usocket	25	cfgemb	5	0.000	0/5	0/5	5	330	0.000
uniteus	120000	usocket	26	cfg1	5	0.009	0/5	0/5	5	362	0.009
uniteus	120000	usocket	26	cfgemb	5	0.000	0/5	0/5	5	362	0.000
uniteus	120000	usocket	27	cfg1	5	0.000	0/5	0/5	5	472	0.000
uniteus	120000	usocket	27	cfgemb	5	0.000	0/5	0/5	5	472	0.000
uniteus	120000	usocket	28	cfg1	5	0.000	0/5	0/5	5	548	0.000
uniteus	120000	usocket	28	cfgemb	5	0.000	0/5	0/5	5	548	0.000
uniteus	120000	usocket	29	cfg1	5	0.000	0/5	0/5	5	446	0.000
uniteus	120000	usocket	29	cfgemb	5	0.000	0/5	0/5	5	446	0.000
uniteus	120000	usocket	30	cfg1	5	0.000	0/5	0/5	5	399	0.000
uniteus	120000	usocket	30	cfgemb	5	0.000	0/5	0/5	5	399	0.000
uniteus	150000	usocket	0	cfg1	80	0.599	25/80	22/80	18	318	0.567
uniteus	150000	usocket	0	cfgemb	80	0.562	21/80	13/80	20	318	0.509
uniteus	180000	usocket	0	cfg1	80	0.613	24/80	20/80	16	318	0.555
uniteus	180000	usocket	0	cfgemb	80	0.481	15/80	11/80	27	318	0.510
uniteus	180000	usocket	1	cfg1	5	0.000	0/5	0/5	5	345	0.000
uniteus	180000	usocket	1	cfgemb	5	0.000	0/5	0/5	5	345	0.000
uniteus	180000	usocket	2	cfg1	5	0.000	0/5	0/5	5	307	0.000
uniteus	180000	usocket	2	cfgemb	5	0.000	0/5	0/5	5	307	0.000
uniteus	180000	usocket	3	cfg1	5	0.000	0/5	0/5	5	378	0.000
uniteus	180000	usocket	3	cfgemb	5	0.000	0/5	0/5	5	378	0.000
uniteus	180000	usocket	4	cfg1	5	0.000	0/5	0/5	5	333	0.000
uniteus	180000	usocket	4	cfgemb	5	0.000	0/5	0/5	5	333	0.000
uniteus	180000	usocket	5	cfg1	5	0.000	0/5	0/5	5	328	0.000
uniteus	180000	usocket	5	cfgemb	5	0.000	0/5	0/5	5	328	0.000
uniteus	180000	usocket	6	cfg1	5	0.000	0/5	0/5	5	367	0.000
uniteus	180000	usocket	6	cfgemb	5	0.000	0/5	0/5	5	367	0.000
uniteus	180000	usocket	7	cfg1	5	0.000	0/5	0/5	5	443	0.000
uniteus	180000	usocket	7	cfgemb	5	0.000	0/5	0/5	5	443	0.000
uniteus	180000	usocket	8	cfg1	5	0.000	0/5	0/5	5	420	0.000
uniteus	180000	usocket	8	cfgemb	5	0.000	0/5	0/5	5	420	0.000
uniteus	180000	usocket	9	cfg1	5	0.000	0/5	0/5	5	432	0.000
uniteus	180000	usocket	9	cfgemb	5	0.000	0/5	0/5	5	432	0.000
uniteus	180000	usocket	10	cfg1	5	0.000	0/5	0/5	5	368	0.000
uniteus	180000	usocket	10	cfgemb	5	0.000	0/5	0/5	5	368	0.000
uniteus	180000	usocket	11	cfg1	5	0.000	0/5	0/5	5	323	0.000
uniteus	180000	usocket	11	cfgemb	5	0.000	0/5	0/5	5	323	0.000
uniteus	180000	usocket	12	cfg1	5	0.000	0/5	0/5	5	338	0.000
uniteus	180000	usocket	12	cfgemb	5	0.000	0/5	0/5	5	338	0.000
uniteus	180000	usocket	13	cfg1	5	0.001	0/5	0/5	5	380	0.001
uniteus	180000	usocket	13	cfgemb	5	0.000	0/5	0/5	5	380	0.000
uniteus	180000	usocket	14	cfg1	5	0.000	0/5	0/5	5	348	0.000
uniteus	180000	usocket	14	cfgemb	5	0.000	0/5	0/5	5	348	0.000
uniteus	180000	usocket	15	cfg1	5	0.000	0/5	0/5	5	399	0.000
uniteus	180000	usocket	15	cfgemb	5	0.000	0/5	0/5	5	399	0.000
uniteus	180000	usocket	16	cfg1	5	0.000	0/5	0/5	5	463	0.000
uniteus	180000	usocket	16	cfgemb	5	0.000	0/5	0/5	5	463	0.000
uniteus	180000	usocket	17	cfg1	5	0.000	0/5	0/5	5	476	0.000
uniteus	180000	usocket	17	cfgemb	5	0.000	0/5	0/5	5	476	0.000
uniteus	180000	usocket	18	cfg1	5	0.000	0/5	0/5	5	501	0.000
uniteus	180000	usocket	18	cfgemb	5	0.000	0/5	0/5	5	501	0.000
uniteus	180000	usocket	19	cfg1	5	0.000	0/5	0/5	5	519	0.000
uniteus	180000	usocket	19	cfgemb	5	0.071	0/5	0/5	4	519	0.071
uniteus	180000	usocket	20	cfg1	5	0.027	0/5	0/5	4	564	0.027
uniteus	180000	usocket	20	cfgemb	5	0.000	0/5	0/5	5	564	0.000
uniteus	180000	usocket	21	cfg1	5	0.055	0/5	0/5	4	451	0.055
uniteus	180000	usocket	21	cfgemb	5	0.000	0/5	0/5	5	451	0.000
uniteus	180000	usocket	22	cfg1	5	0.000	0/5	0/5	5	389	0.000
uniteus	180000	usocket	22	cfgemb	5	0.000	0/5	0/5	5	389	0.000
uniteus	180000	usocket	23	cfg1	5	0.000	0/5	0/5	5	319	0.000
uniteus	180000	usocket	23	cfgemb	5	0.000	0/5	0/5	5	319	0.000
uniteus	180000	usocket	24	cfg1	5	0.000	0/5	0/5	5	291	0.000
uniteus	180000	usocket	24	cfgemb	5	0.007	0/5	0/5	5	291	0.007
uniteus	180000	usocket	25	cfg1	5	0.000	0/5	0/5	5	330	0.000
uniteus	180000	usocket	25	cfgemb	5	0.000	0/5	0/5	5	330	0.000
uniteus	180000	usocket	26	cfg1	5	0.000	0/5	0/5	5	362	0.000
uniteus	180000	usocket	26	cfgemb	5	0.001	0/5	0/5	5	362	0.001
uniteus	180000	usocket	27	cfg1	5	0.000	0/5	0/5	5	472	0.000
uniteus	180000	usocket	27	cfgemb	5	0.000	0/5	0/5	5	472	0.000
uniteus	180000	usocket	28	cfg1	5	0.000	0/5	0/5	5	548	0.000
uniteus	180000	usocket	28	cfgemb	5	0.000	0/5	0/5	5	548	0.000
uniteus	180000	usocket	29	cfg1	5	0.008	0/5	0/5	5	446	0.008
uniteus	180000	usocket	29	cfgemb	5	0.001	0/5	0/5	5	446	0.001
uniteus	180000	usocket	30	cfg1	5	0.000	0/5	0/5	5	399	0.000
uniteus	180000	usocket	30	cfgemb	5	0.000	0/5	0/5	5	399	0.000
uniteus	210000	usocket	0	cfg1	80	0.540	23/80	14/80	23	318	0.556
uniteus	210000	usocket	0	cfgemb	80	0.582	28/80	19/80	19	318	0.611
uniteus	240000	usocket	0	cfg1	80	0.577	19/80	15/80	18	318	0.505
uniteus	240000	usocket	0	cfgemb	80	0.505	21/80	13/80	26	318	0.431
uniteus	240000	usocket	1	cfg1	5	0.000	0/5	0/5	5	345	0.000
uniteus	240000	usocket	1	cfgemb	5	0.000	0/5	0/5	5	345	0.000
uniteus	240000	usocket	2	cfg1	5	0.000	0/5	0/5	5	307	0.000
uniteus	240000	usocket	2	cfgemb	5	0.000	0/5	0/5	5	307	0.000
uniteus	240000	usocket	3	cfg1	5	0.067	0/5	0/5	4	378	0.067
uniteus	240000	usocket	3	cfgemb	5	0.000	0/5	0/5	5	378	0.000
uniteus	240000	usocket	4	cfg1	5	0.000	0/5	0/5	5	333	0.000
uniteus	240000	usocket	4	cfgemb	5	0.000	0/5	0/5	5	333	0.000
uniteus	240000	usocket	5	cfg1	5	0.000	0/5	0/5	5	328	0.000
uniteus	240000	usocket	5	cfgemb	5	0.000	0/5	0/5	5	328	0.000
uniteus	240000	usocket	6	cfg1	5	0.000	0/5	0/5	5	367	0.000
uniteus	240000	usocket	6	cfgemb	5	0.000	0/5	0/5	5	367	0.000
uniteus	240000	usocket	7	cfg1	5	0.000	0/5	0/5	5	443	0.000
uniteus	240000	usocket	7	cfgemb	5	0.000	0/5	0/5	5	443	0.000
uniteus	240000	usocket	8	cfg1	5	0.000	0/5	0/5	5	420	0.000
uniteus	240000	usocket	8	cfgemb	5	0.000	0/5	0/5	5	420	0.000
uniteus	240000	usocket	9	cfg1	5	0.000	0/5	0/5	5	432	0.000
uniteus	240000	usocket	9	cfgemb	5	0.000	0/5	0/5	5	432	0.000
uniteus	240000	usocket	10	cfg1	5	0.000	0/5	0/5	5	368	0.000
uniteus	240000	usocket	10	cfgemb	5	0.000	0/5	0/5	5	368	0.000
uniteus	240000	usocket	11	cfg1	5	0.000	0/5	0/5	5	323	0.000
uniteus	240000	usocket	11	cfgemb	5	0.000	0/5	0/5	5	323	0.000
uniteus	240000	usocket	12	cfg1	5	0.000	0/5	0/5	5	338	0.000
uniteus	240000	usocket	12	cfgemb	5	0.000	0/5	0/5	5	338	0.000
uniteus	240000	usocket	13	cfg1	5	0.000	0/5	0/5	5	380	0.000
uniteus	240000	usocket	13	cfgemb	5	0.000	0/5	0/5	5	380	0.000
uniteus	240000	usocket	14	cfg1	5	0.000	0/5	0/5	5	348	0.000
uniteus	240000	usocket	14	cfgemb	5	0.000	0/5	0/5	5	348	0.000
uniteus	240000	usocket	15	cfg1	5	0.000	0/5	0/5	5	399	0.000
uniteus	240000	usocket	15	cfgemb	5	0.000	0/5	0/5	5	399	0.000
uniteus	240000	usocket	16	cfg1	5	0.000	0/5	0/5	5	463	0.000
uniteus	240000	usocket	16	cfgemb	5	0.000	0/5	0/5	5	463	0.000
uniteus	240000	usocket	17	cfg1	5	0.000	0/5	0/5	5	476	0.000
uniteus	240000	usocket	17	cfgemb	5	0.000	0/5	0/5	5	476	0.000
uniteus	240000	usocket	18	cfg1	5	0.000	0/5	0/5	5	501	0.000
uniteus	240000	usocket	18	cfgemb	5	0.000	0/5	0/5	5	501	0.000
uniteus	240000	usocket	19	cfg1	5	0.000	0/5	0/5	5	519	0.000
uniteus	240000	usocket	19	cfgemb	5	0.071	0/5	0/5	4	519	0.071
uniteus	240000	usocket	20	cfg1	5	0.000	0/5	0/5	5	564	0.000
uniteus	240000	usocket	20	cfgemb	5	0.000	0/5	0/5	5	564	0.000
uniteus	240000	usocket	21	cfg1	5	0.057	0/5	0/5	4	451	0.057
uniteus	240000	usocket	21	cfgemb	5	0.031	0/5	0/5	4	451	0.031
uniteus	240000	usocket	22	cfg1	5	0.206	0/5	0/5	3	389	0.206
uniteus	240000	usocket	22	cfgemb	5	0.000	0/5	0/5	5	389	0.000
uniteus	240000	usocket	23	cfg1	5	0.000	0/5	0/5	5	319	0.000
uniteus	240000	usocket	23	cfgemb	5	0.000	0/5	0/5	5	319	0.000
uniteus	240000	usocket	24	cfg1	5	0.078	0/5	0/5	4	291	0.078
uniteus	240000	usocket	24	cfgemb	5	0.007	0/5	0/5	5	291	0.007
uniteus	240000	usocket	25	cfg1	5	0.000	0/5	0/5	5	330	0.000
uniteus	240000	usocket	25	cfgemb	5	0.000	0/5	0/5	5	330	0.000
uniteus	240000	usocket	26	cfg1	5	0.074	0/5	0/5	4	362	0.074
uniteus	240000	usocket	26	cfgemb	5	0.107	0/5	0/5	4	362	0.107
uniteus	240000	usocket	27	cfg1	5	0.000	0/5	0/5	5	472	0.000
uniteus	240000	usocket	27	cfgemb	5	0.000	0/5	0/5	5	472	0.000
uniteus	240000	usocket	28	cfg1	5	0.000	0/5	0/5	5	548	0.000
uniteus	240000	usocket	28	cfgemb	5	0.000	0/5	0/5	5	548	0.000
uniteus	240000	usocket	29	cfg1	5	0.000	0/5	0/5	5	446	0.000
uniteus	240000	usocket	29	cfgemb	5	0.078	0/5	0/5	4	446	0.078
uniteus	240000	usocket	30	cfg1	5	0.000	0/5	0/5	5	399	0.000
uniteus	240000	usocket	30	cfgemb	5	0.000	0/5	0/5	5	399	0.000
uniteusann	30000	usocket	0	cfg1	80	0.332	13/80	5/80	41	318	0.294
uniteusann	30000	usocket	0	cfgemb	80	0.267	7/80	1/80	48	318	0.212
uniteusann	60000	usocket	0	cfg1	80	0.446	18/80	10/80	32	318	0.432
uniteusann	60000	usocket	0	cfgemb	80	0.470	20/80	7/80	29	318	0.412
uniteusann	90000	usocket	0	cfg1	80	0.530	19/80	12/80	20	318	0.501
uniteusann	90000	usocket	0	cfgemb	80	0.459	16/80	7/80	27	318	0.451
uniteusann	120000	usocket	0	cfg1	80	0.597	25/80	17/80	17	318	0.567
uniteusann	120000	usocket	0	cfgemb	80	0.523	22/80	8/80	25	318	0.527
uniteusann	150000	usocket	0	cfg1	80	0.542	25/80	15/80	24	318	0.524
uniteusann	150000	usocket	0	cfgemb	80	0.567	27/80	16/80	22	318	0.572
uniteusann	180000	usocket	0	cfg1	80	0.575	23/80	20/80	20	318	0.572
uniteusann	180000	usocket	0	cfgemb	80	0.565	20/80	10/80	18	318	0.571
uniteusann	210000	usocket	0	cfg1	40	0.543	10/40	8/40	11	318	0.543
uniteusann	210000	usocket	0	cfgemb	80	0.516	20/80	11/80	25	318	0.529
uniteusann	240000	usocket	0	cfg1	80	0.485	15/80	12/80	25	318	0.433
uniteusann	240000	usocket	0	cfgemb	80	0.491	19/80	8/80	26	318	0.356
uniteusema	30000	usocket	0	cfg1	80	0.269	4/80	0/80	44	318	0.258
uniteusema	30000	usocket	0	cfgemb	80	0.204	3/80	0/80	53	318	0.168
uniteusema	60000	usocket	0	cfg1	80	0.494	20/80	7/80	23	318	0.398
uniteusema	60000	usocket	0	cfgemb	80	0.441	19/80	5/80	32	318	0.366
uniteusema	90000	usocket	0	cfg1	80	0.517	19/80	6/80	20	318	0.496
uniteusema	90000	usocket	0	cfgemb	80	0.512	25/80	10/80	24	318	0.506
uniteusema	120000	usocket	0	cfg1	80	0.543	21/80	15/80	21	318	0.524
uniteusema	120000	usocket	0	cfgemb	80	0.530	22/80	16/80	25	318	0.559
uniteusema	150000	usocket	0	cfg1	80	0.502	17/80	9/80	22	318	0.535
uniteusema	150000	usocket	0	cfgemb	80	0.583	30/80	18/80	20	318	0.537
uniteusema	180000	usocket	0	cfg1	40	0.580	10/40	4/40	8	318	0.580
uniteusema	180000	usocket	0	cfgemb	40	0.530	9/40	6/40	11	318	0.530
uniteusema	210000	usocket	0	cfg1	80	0.522	22/80	12/80	26	318	0.501
uniteusema	210000	usocket	0	cfgemb	80	0.557	22/80	11/80	20	318	0.589
uniteusema	240000	usocket	0	cfg1	80	0.571	24/80	19/80	21	318	0.561
uniteusema	240000	usocket	0	cfgemb	80	0.546	24/80	16/80	23	318	0.490

# canonical DP BC bars (level 0, seeds 0-39, best checkpoint): {"usocket": [0.6780807507191933, 180000], "chain": [0.5828592411201271, 240000]}
# closest cotrain checkpoint (canonical seeds): ctA @ 120000 [cfg1] usocket=0.719 chain=0.591 shortfall=0.000  -> PREDICATE MET
