Method,suite,task,success_rate_percent,episodes,run_id,checkpoint_sha256,paired_validation_passed,unresolved_object_anomaly
Native OAT,libero_spatial,pick_up_the_black_bowl_between_the_plate_and_the_ramekin_and_place_it_on_the_plate,60.0,250,arc-oat-eval-p01-20260923-spatial,7b9346b2fd1a5b7162206c475a78f9fba865ae444b94801d44f94d69d8f222f5,,False
Native OAT,libero_spatial,pick_up_the_black_bowl_from_table_center_and_place_it_on_the_plate,89.60000000000001,250,arc-oat-eval-p01-20260923-spatial,7b9346b2fd1a5b7162206c475a78f9fba865ae444b94801d44f94d69d8f222f5,,False
Native OAT,libero_spatial,pick_up_the_black_bowl_in_the_top_drawer_of_the_wooden_cabinet_and_place_it_on_the_plate,63.2,250,arc-oat-eval-p01-20260923-spatial,7b9346b2fd1a5b7162206c475a78f9fba865ae444b94801d44f94d69d8f222f5,,False
Native OAT,libero_spatial,pick_up_the_black_bowl_next_to_the_cookie_box_and_place_it_on_the_plate,78.8,250,arc-oat-eval-p01-20260923-spatial,7b9346b2fd1a5b7162206c475a78f9fba865ae444b94801d44f94d69d8f222f5,,False
Native OAT,libero_spatial,pick_up_the_black_bowl_next_to_the_plate_and_place_it_on_the_plate,47.199999999999996,250,arc-oat-eval-p01-20260923-spatial,7b9346b2fd1a5b7162206c475a78f9fba865ae444b94801d44f94d69d8f222f5,,False
Native OAT,libero_spatial,pick_up_the_black_bowl_next_to_the_ramekin_and_place_it_on_the_plate,56.39999999999999,250,arc-oat-eval-p01-20260923-spatial,7b9346b2fd1a5b7162206c475a78f9fba865ae444b94801d44f94d69d8f222f5,,False
Native OAT,libero_spatial,pick_up_the_black_bowl_on_the_cookie_box_and_place_it_on_the_plate,72.39999999999999,250,arc-oat-eval-p01-20260923-spatial,7b9346b2fd1a5b7162206c475a78f9fba865ae444b94801d44f94d69d8f222f5,,False
Native OAT,libero_spatial,pick_up_the_black_bowl_on_the_ramekin_and_place_it_on_the_plate,12.4,250,arc-oat-eval-p01-20260923-spatial,7b9346b2fd1a5b7162206c475a78f9fba865ae444b94801d44f94d69d8f222f5,,False
Native OAT,libero_spatial,pick_up_the_black_bowl_on_the_stove_and_place_it_on_the_plate,84.39999999999999,250,arc-oat-eval-p01-20260923-spatial,7b9346b2fd1a5b7162206c475a78f9fba865ae444b94801d44f94d69d8f222f5,,False
Native OAT,libero_spatial,pick_up_the_black_bowl_on_the_wooden_cabinet_and_place_it_on_the_plate,52.400000000000006,250,arc-oat-eval-p01-20260923-spatial,7b9346b2fd1a5b7162206c475a78f9fba865ae444b94801d44f94d69d8f222f5,,False
Native OAT,libero_object,pick_up_the_alphabet_soup_and_place_it_in_the_basket,0.0,250,arc-oat-eval-20260923-object,567778b8f19d082346e8cf2a05138c408b45874724d6dccda35fc473d0f320f6,,True
Native OAT,libero_object,pick_up_the_bbq_sauce_and_place_it_in_the_basket,0.4,250,arc-oat-eval-20260923-object,567778b8f19d082346e8cf2a05138c408b45874724d6dccda35fc473d0f320f6,,True
Native OAT,libero_object,pick_up_the_butter_and_place_it_in_the_basket,0.0,250,arc-oat-eval-20260923-object,567778b8f19d082346e8cf2a05138c408b45874724d6dccda35fc473d0f320f6,,True
Native OAT,libero_object,pick_up_the_chocolate_pudding_and_place_it_in_the_basket,0.0,250,arc-oat-eval-20260923-object,567778b8f19d082346e8cf2a05138c408b45874724d6dccda35fc473d0f320f6,,True
Native OAT,libero_object,pick_up_the_cream_cheese_and_place_it_in_the_basket,0.0,250,arc-oat-eval-20260923-object,567778b8f19d082346e8cf2a05138c408b45874724d6dccda35fc473d0f320f6,,True
Native OAT,libero_object,pick_up_the_ketchup_and_place_it_in_the_basket,0.0,250,arc-oat-eval-20260923-object,567778b8f19d082346e8cf2a05138c408b45874724d6dccda35fc473d0f320f6,,True
Native OAT,libero_object,pick_up_the_milk_and_place_it_in_the_basket,0.0,250,arc-oat-eval-20260923-object,567778b8f19d082346e8cf2a05138c408b45874724d6dccda35fc473d0f320f6,,True
Native OAT,libero_object,pick_up_the_orange_juice_and_place_it_in_the_basket,1.2,250,arc-oat-eval-20260923-object,567778b8f19d082346e8cf2a05138c408b45874724d6dccda35fc473d0f320f6,,True
Native OAT,libero_object,pick_up_the_salad_dressing_and_place_it_in_the_basket,2.0,250,arc-oat-eval-20260923-object,567778b8f19d082346e8cf2a05138c408b45874724d6dccda35fc473d0f320f6,,True
Native OAT,libero_object,pick_up_the_tomato_sauce_and_place_it_in_the_basket,0.0,250,arc-oat-eval-20260923-object,567778b8f19d082346e8cf2a05138c408b45874724d6dccda35fc473d0f320f6,,True
Native OAT,libero_goal,open_the_middle_drawer_of_the_cabinet,90.0,250,arc-oat-eval-20260923-goal,2b32c50905bb6cde908448fc3adf516e897a2b01ab5c819216c61fbccb15dd6d,,False
Native OAT,libero_goal,open_the_top_drawer_and_put_the_bowl_inside,51.2,250,arc-oat-eval-20260923-goal,2b32c50905bb6cde908448fc3adf516e897a2b01ab5c819216c61fbccb15dd6d,,False
Native OAT,libero_goal,push_the_plate_to_the_front_of_the_stove,76.4,250,arc-oat-eval-20260923-goal,2b32c50905bb6cde908448fc3adf516e897a2b01ab5c819216c61fbccb15dd6d,,False
Native OAT,libero_goal,put_the_bowl_on_the_plate,69.19999999999999,250,arc-oat-eval-20260923-goal,2b32c50905bb6cde908448fc3adf516e897a2b01ab5c819216c61fbccb15dd6d,,False
Native OAT,libero_goal,put_the_bowl_on_the_stove,81.6,250,arc-oat-eval-20260923-goal,2b32c50905bb6cde908448fc3adf516e897a2b01ab5c819216c61fbccb15dd6d,,False
Native OAT,libero_goal,put_the_bowl_on_top_of_the_cabinet,84.39999999999999,250,arc-oat-eval-20260923-goal,2b32c50905bb6cde908448fc3adf516e897a2b01ab5c819216c61fbccb15dd6d,,False
Native OAT,libero_goal,put_the_cream_cheese_in_the_bowl,54.400000000000006,250,arc-oat-eval-20260923-goal,2b32c50905bb6cde908448fc3adf516e897a2b01ab5c819216c61fbccb15dd6d,,False
Native OAT,libero_goal,put_the_wine_bottle_on_the_rack,80.0,250,arc-oat-eval-20260923-goal,2b32c50905bb6cde908448fc3adf516e897a2b01ab5c819216c61fbccb15dd6d,,False
Native OAT,libero_goal,put_the_wine_bottle_on_top_of_the_cabinet,74.4,250,arc-oat-eval-20260923-goal,2b32c50905bb6cde908448fc3adf516e897a2b01ab5c819216c61fbccb15dd6d,,False
Native OAT,libero_goal,turn_on_the_stove,93.60000000000001,250,arc-oat-eval-20260923-goal,2b32c50905bb6cde908448fc3adf516e897a2b01ab5c819216c61fbccb15dd6d,,False
Native OAT,libero_10,KITCHEN_SCENE3_turn_on_the_stove_and_put_the_moka_pot_on_it,84.8,250,arc-oat-eval-gated2-20260924-10,d098c379af6b64614e6fe38036f57115d08c5267d53b7bbb9f7cbed38cace9ca,,False
Native OAT,libero_10,KITCHEN_SCENE4_put_the_black_bowl_in_the_bottom_drawer_of_the_cabinet_and_close_it,91.60000000000001,250,arc-oat-eval-gated2-20260924-10,d098c379af6b64614e6fe38036f57115d08c5267d53b7bbb9f7cbed38cace9ca,,False
Native OAT,libero_10,KITCHEN_SCENE6_put_the_yellow_and_white_mug_in_the_microwave_and_close_it,67.60000000000001,250,arc-oat-eval-gated2-20260924-10,d098c379af6b64614e6fe38036f57115d08c5267d53b7bbb9f7cbed38cace9ca,,False
Native OAT,libero_10,KITCHEN_SCENE8_put_both_moka_pots_on_the_stove,43.6,250,arc-oat-eval-gated2-20260924-10,d098c379af6b64614e6fe38036f57115d08c5267d53b7bbb9f7cbed38cace9ca,,False
Native OAT,libero_10,LIVING_ROOM_SCENE1_put_both_the_alphabet_soup_and_the_cream_cheese_box_in_the_basket,64.0,250,arc-oat-eval-gated2-20260924-10,d098c379af6b64614e6fe38036f57115d08c5267d53b7bbb9f7cbed38cace9ca,,False
Native OAT,libero_10,LIVING_ROOM_SCENE2_put_both_the_alphabet_soup_and_the_tomato_sauce_in_the_basket,56.00000000000001,250,arc-oat-eval-gated2-20260924-10,d098c379af6b64614e6fe38036f57115d08c5267d53b7bbb9f7cbed38cace9ca,,False
Native OAT,libero_10,LIVING_ROOM_SCENE2_put_both_the_cream_cheese_box_and_the_butter_in_the_basket,14.399999999999999,250,arc-oat-eval-gated2-20260924-10,d098c379af6b64614e6fe38036f57115d08c5267d53b7bbb9f7cbed38cace9ca,,False
Native OAT,libero_10,LIVING_ROOM_SCENE5_put_the_white_mug_on_the_left_plate_and_put_the_yellow_and_white_mug_on_the_right_plate,47.199999999999996,250,arc-oat-eval-gated2-20260924-10,d098c379af6b64614e6fe38036f57115d08c5267d53b7bbb9f7cbed38cace9ca,,False
Native OAT,libero_10,LIVING_ROOM_SCENE6_put_the_white_mug_on_the_plate_and_put_the_chocolate_pudding_to_the_right_of_the_plate,33.6,250,arc-oat-eval-gated2-20260924-10,d098c379af6b64614e6fe38036f57115d08c5267d53b7bbb9f7cbed38cace9ca,,False
Native OAT,libero_10,STUDY_SCENE1_pick_up_the_book_and_place_it_in_the_back_compartment_of_the_caddy,91.60000000000001,250,arc-oat-eval-gated2-20260924-10,d098c379af6b64614e6fe38036f57115d08c5267d53b7bbb9f7cbed38cace9ca,,False
Plain DP / U-Net,libero_spatial,pick_up_the_black_bowl_between_the_plate_and_the_ramekin_and_place_it_on_the_plate,19.6,250,dp-eval-r4-20260926-unet-spatial,886edd9d2af83f52c5a27e08cd1deb6f941b5e90bb47b51211ee6f28d4b19d00,True,False
Plain DP / U-Net,libero_spatial,pick_up_the_black_bowl_from_table_center_and_place_it_on_the_plate,82.8,250,dp-eval-r4-20260926-unet-spatial,886edd9d2af83f52c5a27e08cd1deb6f941b5e90bb47b51211ee6f28d4b19d00,True,False
Plain DP / U-Net,libero_spatial,pick_up_the_black_bowl_in_the_top_drawer_of_the_wooden_cabinet_and_place_it_on_the_plate,83.2,250,dp-eval-r4-20260926-unet-spatial,886edd9d2af83f52c5a27e08cd1deb6f941b5e90bb47b51211ee6f28d4b19d00,True,False
Plain DP / U-Net,libero_spatial,pick_up_the_black_bowl_next_to_the_cookie_box_and_place_it_on_the_plate,77.60000000000001,250,dp-eval-r4-20260926-unet-spatial,886edd9d2af83f52c5a27e08cd1deb6f941b5e90bb47b51211ee6f28d4b19d00,True,False
Plain DP / U-Net,libero_spatial,pick_up_the_black_bowl_next_to_the_plate_and_place_it_on_the_plate,62.8,250,dp-eval-r4-20260926-unet-spatial,886edd9d2af83f52c5a27e08cd1deb6f941b5e90bb47b51211ee6f28d4b19d00,True,False
Plain DP / U-Net,libero_spatial,pick_up_the_black_bowl_next_to_the_ramekin_and_place_it_on_the_plate,61.6,250,dp-eval-r4-20260926-unet-spatial,886edd9d2af83f52c5a27e08cd1deb6f941b5e90bb47b51211ee6f28d4b19d00,True,False
Plain DP / U-Net,libero_spatial,pick_up_the_black_bowl_on_the_cookie_box_and_place_it_on_the_plate,82.0,250,dp-eval-r4-20260926-unet-spatial,886edd9d2af83f52c5a27e08cd1deb6f941b5e90bb47b51211ee6f28d4b19d00,True,False
Plain DP / U-Net,libero_spatial,pick_up_the_black_bowl_on_the_ramekin_and_place_it_on_the_plate,1.2,250,dp-eval-r4-20260926-unet-spatial,886edd9d2af83f52c5a27e08cd1deb6f941b5e90bb47b51211ee6f28d4b19d00,True,False
Plain DP / U-Net,libero_spatial,pick_up_the_black_bowl_on_the_stove_and_place_it_on_the_plate,92.80000000000001,250,dp-eval-r4-20260926-unet-spatial,886edd9d2af83f52c5a27e08cd1deb6f941b5e90bb47b51211ee6f28d4b19d00,True,False
Plain DP / U-Net,libero_spatial,pick_up_the_black_bowl_on_the_wooden_cabinet_and_place_it_on_the_plate,50.8,250,dp-eval-r4-20260926-unet-spatial,886edd9d2af83f52c5a27e08cd1deb6f941b5e90bb47b51211ee6f28d4b19d00,True,False
Plain DP / U-Net,libero_object,pick_up_the_alphabet_soup_and_place_it_in_the_basket,95.19999999999999,250,dp-eval-r4-20260926-unet-object,7fdd4d00efa3c174bb906befd8f94083d827405ef890901aa4c90f1e9c0317e4,True,False
Plain DP / U-Net,libero_object,pick_up_the_bbq_sauce_and_place_it_in_the_basket,21.2,250,dp-eval-r4-20260926-unet-object,7fdd4d00efa3c174bb906befd8f94083d827405ef890901aa4c90f1e9c0317e4,True,False
Plain DP / U-Net,libero_object,pick_up_the_butter_and_place_it_in_the_basket,0.0,250,dp-eval-r4-20260926-unet-object,7fdd4d00efa3c174bb906befd8f94083d827405ef890901aa4c90f1e9c0317e4,True,False
Plain DP / U-Net,libero_object,pick_up_the_chocolate_pudding_and_place_it_in_the_basket,30.4,250,dp-eval-r4-20260926-unet-object,7fdd4d00efa3c174bb906befd8f94083d827405ef890901aa4c90f1e9c0317e4,True,False
Plain DP / U-Net,libero_object,pick_up_the_cream_cheese_and_place_it_in_the_basket,3.2,250,dp-eval-r4-20260926-unet-object,7fdd4d00efa3c174bb906befd8f94083d827405ef890901aa4c90f1e9c0317e4,True,False
Plain DP / U-Net,libero_object,pick_up_the_ketchup_and_place_it_in_the_basket,98.8,250,dp-eval-r4-20260926-unet-object,7fdd4d00efa3c174bb906befd8f94083d827405ef890901aa4c90f1e9c0317e4,True,False
Plain DP / U-Net,libero_object,pick_up_the_milk_and_place_it_in_the_basket,99.2,250,dp-eval-r4-20260926-unet-object,7fdd4d00efa3c174bb906befd8f94083d827405ef890901aa4c90f1e9c0317e4,True,False
Plain DP / U-Net,libero_object,pick_up_the_orange_juice_and_place_it_in_the_basket,84.39999999999999,250,dp-eval-r4-20260926-unet-object,7fdd4d00efa3c174bb906befd8f94083d827405ef890901aa4c90f1e9c0317e4,True,False
Plain DP / U-Net,libero_object,pick_up_the_salad_dressing_and_place_it_in_the_basket,96.39999999999999,250,dp-eval-r4-20260926-unet-object,7fdd4d00efa3c174bb906befd8f94083d827405ef890901aa4c90f1e9c0317e4,True,False
Plain DP / U-Net,libero_object,pick_up_the_tomato_sauce_and_place_it_in_the_basket,0.0,250,dp-eval-r4-20260926-unet-object,7fdd4d00efa3c174bb906befd8f94083d827405ef890901aa4c90f1e9c0317e4,True,False
Plain DP / U-Net,libero_goal,open_the_middle_drawer_of_the_cabinet,96.0,250,dp-eval-r3-20260926-unet-goal,33290f12189a0f31de897a33446be2e76878b58338271ca855e34c66eb82af24,True,False
Plain DP / U-Net,libero_goal,open_the_top_drawer_and_put_the_bowl_inside,64.4,250,dp-eval-r3-20260926-unet-goal,33290f12189a0f31de897a33446be2e76878b58338271ca855e34c66eb82af24,True,False
Plain DP / U-Net,libero_goal,push_the_plate_to_the_front_of_the_stove,81.2,250,dp-eval-r3-20260926-unet-goal,33290f12189a0f31de897a33446be2e76878b58338271ca855e34c66eb82af24,True,False
Plain DP / U-Net,libero_goal,put_the_bowl_on_the_plate,88.0,250,dp-eval-r3-20260926-unet-goal,33290f12189a0f31de897a33446be2e76878b58338271ca855e34c66eb82af24,True,False
Plain DP / U-Net,libero_goal,put_the_bowl_on_the_stove,95.19999999999999,250,dp-eval-r3-20260926-unet-goal,33290f12189a0f31de897a33446be2e76878b58338271ca855e34c66eb82af24,True,False
Plain DP / U-Net,libero_goal,put_the_bowl_on_top_of_the_cabinet,99.6,250,dp-eval-r3-20260926-unet-goal,33290f12189a0f31de897a33446be2e76878b58338271ca855e34c66eb82af24,True,False
Plain DP / U-Net,libero_goal,put_the_cream_cheese_in_the_bowl,74.4,250,dp-eval-r3-20260926-unet-goal,33290f12189a0f31de897a33446be2e76878b58338271ca855e34c66eb82af24,True,False
Plain DP / U-Net,libero_goal,put_the_wine_bottle_on_the_rack,84.39999999999999,250,dp-eval-r3-20260926-unet-goal,33290f12189a0f31de897a33446be2e76878b58338271ca855e34c66eb82af24,True,False
Plain DP / U-Net,libero_goal,put_the_wine_bottle_on_top_of_the_cabinet,76.4,250,dp-eval-r3-20260926-unet-goal,33290f12189a0f31de897a33446be2e76878b58338271ca855e34c66eb82af24,True,False
Plain DP / U-Net,libero_goal,turn_on_the_stove,97.2,250,dp-eval-r3-20260926-unet-goal,33290f12189a0f31de897a33446be2e76878b58338271ca855e34c66eb82af24,True,False
Plain DP / U-Net,libero_10,KITCHEN_SCENE3_turn_on_the_stove_and_put_the_moka_pot_on_it,77.60000000000001,250,dp-eval-r4-20260926-unet-10,f833d6777b36e5d8d56b911f33f3553e021953b5c7b236cb62f86880888f0259,True,False
Plain DP / U-Net,libero_10,KITCHEN_SCENE4_put_the_black_bowl_in_the_bottom_drawer_of_the_cabinet_and_close_it,74.4,250,dp-eval-r4-20260926-unet-10,f833d6777b36e5d8d56b911f33f3553e021953b5c7b236cb62f86880888f0259,True,False
Plain DP / U-Net,libero_10,KITCHEN_SCENE6_put_the_yellow_and_white_mug_in_the_microwave_and_close_it,66.4,250,dp-eval-r4-20260926-unet-10,f833d6777b36e5d8d56b911f33f3553e021953b5c7b236cb62f86880888f0259,True,False
Plain DP / U-Net,libero_10,KITCHEN_SCENE8_put_both_moka_pots_on_the_stove,14.799999999999999,250,dp-eval-r4-20260926-unet-10,f833d6777b36e5d8d56b911f33f3553e021953b5c7b236cb62f86880888f0259,True,False
Plain DP / U-Net,libero_10,LIVING_ROOM_SCENE1_put_both_the_alphabet_soup_and_the_cream_cheese_box_in_the_basket,41.6,250,dp-eval-r4-20260926-unet-10,f833d6777b36e5d8d56b911f33f3553e021953b5c7b236cb62f86880888f0259,True,False
Plain DP / U-Net,libero_10,LIVING_ROOM_SCENE2_put_both_the_alphabet_soup_and_the_tomato_sauce_in_the_basket,50.0,250,dp-eval-r4-20260926-unet-10,f833d6777b36e5d8d56b911f33f3553e021953b5c7b236cb62f86880888f0259,True,False
Plain DP / U-Net,libero_10,LIVING_ROOM_SCENE2_put_both_the_cream_cheese_box_and_the_butter_in_the_basket,50.8,250,dp-eval-r4-20260926-unet-10,f833d6777b36e5d8d56b911f33f3553e021953b5c7b236cb62f86880888f0259,True,False
Plain DP / U-Net,libero_10,LIVING_ROOM_SCENE5_put_the_white_mug_on_the_left_plate_and_put_the_yellow_and_white_mug_on_the_right_plate,21.2,250,dp-eval-r4-20260926-unet-10,f833d6777b36e5d8d56b911f33f3553e021953b5c7b236cb62f86880888f0259,True,False
Plain DP / U-Net,libero_10,LIVING_ROOM_SCENE6_put_the_white_mug_on_the_plate_and_put_the_chocolate_pudding_to_the_right_of_the_plate,32.4,250,dp-eval-r4-20260926-unet-10,f833d6777b36e5d8d56b911f33f3553e021953b5c7b236cb62f86880888f0259,True,False
Plain DP / U-Net,libero_10,STUDY_SCENE1_pick_up_the_book_and_place_it_in_the_back_compartment_of_the_caddy,78.0,250,dp-eval-r4-20260926-unet-10,f833d6777b36e5d8d56b911f33f3553e021953b5c7b236cb62f86880888f0259,True,False
ARC / U-Net / STK1,libero_spatial,pick_up_the_black_bowl_between_the_plate_and_the_ramekin_and_place_it_on_the_plate,60.0,250,arc-paired-s03-20260925-stk1-spatial,6fc753c458190cca577a0ae63f0a65fdc18b9b54c036d8d462ac05f21538b5d1,True,False
ARC / U-Net / STK1,libero_spatial,pick_up_the_black_bowl_from_table_center_and_place_it_on_the_plate,84.39999999999999,250,arc-paired-s03-20260925-stk1-spatial,6fc753c458190cca577a0ae63f0a65fdc18b9b54c036d8d462ac05f21538b5d1,True,False
ARC / U-Net / STK1,libero_spatial,pick_up_the_black_bowl_in_the_top_drawer_of_the_wooden_cabinet_and_place_it_on_the_plate,79.2,250,arc-paired-s03-20260925-stk1-spatial,6fc753c458190cca577a0ae63f0a65fdc18b9b54c036d8d462ac05f21538b5d1,True,False
ARC / U-Net / STK1,libero_spatial,pick_up_the_black_bowl_next_to_the_cookie_box_and_place_it_on_the_plate,68.8,250,arc-paired-s03-20260925-stk1-spatial,6fc753c458190cca577a0ae63f0a65fdc18b9b54c036d8d462ac05f21538b5d1,True,False
ARC / U-Net / STK1,libero_spatial,pick_up_the_black_bowl_next_to_the_plate_and_place_it_on_the_plate,54.400000000000006,250,arc-paired-s03-20260925-stk1-spatial,6fc753c458190cca577a0ae63f0a65fdc18b9b54c036d8d462ac05f21538b5d1,True,False
ARC / U-Net / STK1,libero_spatial,pick_up_the_black_bowl_next_to_the_ramekin_and_place_it_on_the_plate,76.8,250,arc-paired-s03-20260925-stk1-spatial,6fc753c458190cca577a0ae63f0a65fdc18b9b54c036d8d462ac05f21538b5d1,True,False
ARC / U-Net / STK1,libero_spatial,pick_up_the_black_bowl_on_the_cookie_box_and_place_it_on_the_plate,90.4,250,arc-paired-s03-20260925-stk1-spatial,6fc753c458190cca577a0ae63f0a65fdc18b9b54c036d8d462ac05f21538b5d1,True,False
ARC / U-Net / STK1,libero_spatial,pick_up_the_black_bowl_on_the_ramekin_and_place_it_on_the_plate,3.5999999999999996,250,arc-paired-s03-20260925-stk1-spatial,6fc753c458190cca577a0ae63f0a65fdc18b9b54c036d8d462ac05f21538b5d1,True,False
ARC / U-Net / STK1,libero_spatial,pick_up_the_black_bowl_on_the_stove_and_place_it_on_the_plate,94.0,250,arc-paired-s03-20260925-stk1-spatial,6fc753c458190cca577a0ae63f0a65fdc18b9b54c036d8d462ac05f21538b5d1,True,False
ARC / U-Net / STK1,libero_spatial,pick_up_the_black_bowl_on_the_wooden_cabinet_and_place_it_on_the_plate,61.6,250,arc-paired-s03-20260925-stk1-spatial,6fc753c458190cca577a0ae63f0a65fdc18b9b54c036d8d462ac05f21538b5d1,True,False
ARC / U-Net / STK1,libero_object,pick_up_the_alphabet_soup_and_place_it_in_the_basket,66.0,250,arc-cache-arc-20260923-stk1-object,390aa1eb84da288514652285f405777185471ce0f4089b03e8fa089ab35e506d,True,False
ARC / U-Net / STK1,libero_object,pick_up_the_bbq_sauce_and_place_it_in_the_basket,57.599999999999994,250,arc-cache-arc-20260923-stk1-object,390aa1eb84da288514652285f405777185471ce0f4089b03e8fa089ab35e506d,True,False
ARC / U-Net / STK1,libero_object,pick_up_the_butter_and_place_it_in_the_basket,11.200000000000001,250,arc-cache-arc-20260923-stk1-object,390aa1eb84da288514652285f405777185471ce0f4089b03e8fa089ab35e506d,True,False
ARC / U-Net / STK1,libero_object,pick_up_the_chocolate_pudding_and_place_it_in_the_basket,4.3999999999999995,250,arc-cache-arc-20260923-stk1-object,390aa1eb84da288514652285f405777185471ce0f4089b03e8fa089ab35e506d,True,False
ARC / U-Net / STK1,libero_object,pick_up_the_cream_cheese_and_place_it_in_the_basket,8.0,250,arc-cache-arc-20260923-stk1-object,390aa1eb84da288514652285f405777185471ce0f4089b03e8fa089ab35e506d,True,False
ARC / U-Net / STK1,libero_object,pick_up_the_ketchup_and_place_it_in_the_basket,98.8,250,arc-cache-arc-20260923-stk1-object,390aa1eb84da288514652285f405777185471ce0f4089b03e8fa089ab35e506d,True,False
ARC / U-Net / STK1,libero_object,pick_up_the_milk_and_place_it_in_the_basket,95.19999999999999,250,arc-cache-arc-20260923-stk1-object,390aa1eb84da288514652285f405777185471ce0f4089b03e8fa089ab35e506d,True,False
ARC / U-Net / STK1,libero_object,pick_up_the_orange_juice_and_place_it_in_the_basket,87.2,250,arc-cache-arc-20260923-stk1-object,390aa1eb84da288514652285f405777185471ce0f4089b03e8fa089ab35e506d,True,False
ARC / U-Net / STK1,libero_object,pick_up_the_salad_dressing_and_place_it_in_the_basket,99.6,250,arc-cache-arc-20260923-stk1-object,390aa1eb84da288514652285f405777185471ce0f4089b03e8fa089ab35e506d,True,False
ARC / U-Net / STK1,libero_object,pick_up_the_tomato_sauce_and_place_it_in_the_basket,0.0,250,arc-cache-arc-20260923-stk1-object,390aa1eb84da288514652285f405777185471ce0f4089b03e8fa089ab35e506d,True,False
ARC / U-Net / STK1,libero_goal,open_the_middle_drawer_of_the_cabinet,96.0,250,arc-cache-arc-20260923-stk1-goal,af40a17f4061471cc8769c3f9cf76d29029f1cb1ff4ab0c1274df0ee7cfd4d75,True,False
ARC / U-Net / STK1,libero_goal,open_the_top_drawer_and_put_the_bowl_inside,74.8,250,arc-cache-arc-20260923-stk1-goal,af40a17f4061471cc8769c3f9cf76d29029f1cb1ff4ab0c1274df0ee7cfd4d75,True,False
ARC / U-Net / STK1,libero_goal,push_the_plate_to_the_front_of_the_stove,79.60000000000001,250,arc-cache-arc-20260923-stk1-goal,af40a17f4061471cc8769c3f9cf76d29029f1cb1ff4ab0c1274df0ee7cfd4d75,True,False
ARC / U-Net / STK1,libero_goal,put_the_bowl_on_the_plate,53.2,250,arc-cache-arc-20260923-stk1-goal,af40a17f4061471cc8769c3f9cf76d29029f1cb1ff4ab0c1274df0ee7cfd4d75,True,False
ARC / U-Net / STK1,libero_goal,put_the_bowl_on_the_stove,94.39999999999999,250,arc-cache-arc-20260923-stk1-goal,af40a17f4061471cc8769c3f9cf76d29029f1cb1ff4ab0c1274df0ee7cfd4d75,True,False
ARC / U-Net / STK1,libero_goal,put_the_bowl_on_top_of_the_cabinet,88.4,250,arc-cache-arc-20260923-stk1-goal,af40a17f4061471cc8769c3f9cf76d29029f1cb1ff4ab0c1274df0ee7cfd4d75,True,False
ARC / U-Net / STK1,libero_goal,put_the_cream_cheese_in_the_bowl,73.6,250,arc-cache-arc-20260923-stk1-goal,af40a17f4061471cc8769c3f9cf76d29029f1cb1ff4ab0c1274df0ee7cfd4d75,True,False
ARC / U-Net / STK1,libero_goal,put_the_wine_bottle_on_the_rack,80.80000000000001,250,arc-cache-arc-20260923-stk1-goal,af40a17f4061471cc8769c3f9cf76d29029f1cb1ff4ab0c1274df0ee7cfd4d75,True,False
ARC / U-Net / STK1,libero_goal,put_the_wine_bottle_on_top_of_the_cabinet,82.39999999999999,250,arc-cache-arc-20260923-stk1-goal,af40a17f4061471cc8769c3f9cf76d29029f1cb1ff4ab0c1274df0ee7cfd4d75,True,False
ARC / U-Net / STK1,libero_goal,turn_on_the_stove,98.8,250,arc-cache-arc-20260923-stk1-goal,af40a17f4061471cc8769c3f9cf76d29029f1cb1ff4ab0c1274df0ee7cfd4d75,True,False
ARC / U-Net / STK1,libero_10,KITCHEN_SCENE3_turn_on_the_stove_and_put_the_moka_pot_on_it,84.8,250,arc-eval-l40s-20260924-stk1-10,b19cb47d39564a1971a0e06832887f58830a4e48be99ddbaa34865682eb02669,True,False
ARC / U-Net / STK1,libero_10,KITCHEN_SCENE4_put_the_black_bowl_in_the_bottom_drawer_of_the_cabinet_and_close_it,79.60000000000001,250,arc-eval-l40s-20260924-stk1-10,b19cb47d39564a1971a0e06832887f58830a4e48be99ddbaa34865682eb02669,True,False
ARC / U-Net / STK1,libero_10,KITCHEN_SCENE6_put_the_yellow_and_white_mug_in_the_microwave_and_close_it,64.4,250,arc-eval-l40s-20260924-stk1-10,b19cb47d39564a1971a0e06832887f58830a4e48be99ddbaa34865682eb02669,True,False
ARC / U-Net / STK1,libero_10,KITCHEN_SCENE8_put_both_moka_pots_on_the_stove,33.6,250,arc-eval-l40s-20260924-stk1-10,b19cb47d39564a1971a0e06832887f58830a4e48be99ddbaa34865682eb02669,True,False
ARC / U-Net / STK1,libero_10,LIVING_ROOM_SCENE1_put_both_the_alphabet_soup_and_the_cream_cheese_box_in_the_basket,31.6,250,arc-eval-l40s-20260924-stk1-10,b19cb47d39564a1971a0e06832887f58830a4e48be99ddbaa34865682eb02669,True,False
ARC / U-Net / STK1,libero_10,LIVING_ROOM_SCENE2_put_both_the_alphabet_soup_and_the_tomato_sauce_in_the_basket,30.4,250,arc-eval-l40s-20260924-stk1-10,b19cb47d39564a1971a0e06832887f58830a4e48be99ddbaa34865682eb02669,True,False
ARC / U-Net / STK1,libero_10,LIVING_ROOM_SCENE2_put_both_the_cream_cheese_box_and_the_butter_in_the_basket,43.2,250,arc-eval-l40s-20260924-stk1-10,b19cb47d39564a1971a0e06832887f58830a4e48be99ddbaa34865682eb02669,True,False
ARC / U-Net / STK1,libero_10,LIVING_ROOM_SCENE5_put_the_white_mug_on_the_left_plate_and_put_the_yellow_and_white_mug_on_the_right_plate,37.6,250,arc-eval-l40s-20260924-stk1-10,b19cb47d39564a1971a0e06832887f58830a4e48be99ddbaa34865682eb02669,True,False
ARC / U-Net / STK1,libero_10,LIVING_ROOM_SCENE6_put_the_white_mug_on_the_plate_and_put_the_chocolate_pudding_to_the_right_of_the_plate,31.2,250,arc-eval-l40s-20260924-stk1-10,b19cb47d39564a1971a0e06832887f58830a4e48be99ddbaa34865682eb02669,True,False
ARC / U-Net / STK1,libero_10,STUDY_SCENE1_pick_up_the_book_and_place_it_in_the_back_compartment_of_the_caddy,82.39999999999999,250,arc-eval-l40s-20260924-stk1-10,b19cb47d39564a1971a0e06832887f58830a4e48be99ddbaa34865682eb02669,True,False
ARC / U-Net / STK2,libero_spatial,pick_up_the_black_bowl_between_the_plate_and_the_ramekin_and_place_it_on_the_plate,55.60000000000001,250,arc-paired-s03-20260925-stk2-spatial,d89f55f2159afda8060f92cc3d560e87ded28d9b40e79298c36b2ed766240de6,True,False
ARC / U-Net / STK2,libero_spatial,pick_up_the_black_bowl_from_table_center_and_place_it_on_the_plate,79.60000000000001,250,arc-paired-s03-20260925-stk2-spatial,d89f55f2159afda8060f92cc3d560e87ded28d9b40e79298c36b2ed766240de6,True,False
ARC / U-Net / STK2,libero_spatial,pick_up_the_black_bowl_in_the_top_drawer_of_the_wooden_cabinet_and_place_it_on_the_plate,75.6,250,arc-paired-s03-20260925-stk2-spatial,d89f55f2159afda8060f92cc3d560e87ded28d9b40e79298c36b2ed766240de6,True,False
ARC / U-Net / STK2,libero_spatial,pick_up_the_black_bowl_next_to_the_cookie_box_and_place_it_on_the_plate,73.2,250,arc-paired-s03-20260925-stk2-spatial,d89f55f2159afda8060f92cc3d560e87ded28d9b40e79298c36b2ed766240de6,True,False
ARC / U-Net / STK2,libero_spatial,pick_up_the_black_bowl_next_to_the_plate_and_place_it_on_the_plate,52.400000000000006,250,arc-paired-s03-20260925-stk2-spatial,d89f55f2159afda8060f92cc3d560e87ded28d9b40e79298c36b2ed766240de6,True,False
ARC / U-Net / STK2,libero_spatial,pick_up_the_black_bowl_next_to_the_ramekin_and_place_it_on_the_plate,82.0,250,arc-paired-s03-20260925-stk2-spatial,d89f55f2159afda8060f92cc3d560e87ded28d9b40e79298c36b2ed766240de6,True,False
ARC / U-Net / STK2,libero_spatial,pick_up_the_black_bowl_on_the_cookie_box_and_place_it_on_the_plate,94.39999999999999,250,arc-paired-s03-20260925-stk2-spatial,d89f55f2159afda8060f92cc3d560e87ded28d9b40e79298c36b2ed766240de6,True,False
ARC / U-Net / STK2,libero_spatial,pick_up_the_black_bowl_on_the_ramekin_and_place_it_on_the_plate,4.0,250,arc-paired-s03-20260925-stk2-spatial,d89f55f2159afda8060f92cc3d560e87ded28d9b40e79298c36b2ed766240de6,True,False
ARC / U-Net / STK2,libero_spatial,pick_up_the_black_bowl_on_the_stove_and_place_it_on_the_plate,94.39999999999999,250,arc-paired-s03-20260925-stk2-spatial,d89f55f2159afda8060f92cc3d560e87ded28d9b40e79298c36b2ed766240de6,True,False
ARC / U-Net / STK2,libero_spatial,pick_up_the_black_bowl_on_the_wooden_cabinet_and_place_it_on_the_plate,72.39999999999999,250,arc-paired-s03-20260925-stk2-spatial,d89f55f2159afda8060f92cc3d560e87ded28d9b40e79298c36b2ed766240de6,True,False
ARC / U-Net / STK2,libero_object,pick_up_the_alphabet_soup_and_place_it_in_the_basket,85.6,250,arc-cache-arc-20260923-stk2-object,bf9c6af170609a9a693f591d4cf6bfa4fca7851d3f8333b61f9e5240c833b2e2,True,False
ARC / U-Net / STK2,libero_object,pick_up_the_bbq_sauce_and_place_it_in_the_basket,78.0,250,arc-cache-arc-20260923-stk2-object,bf9c6af170609a9a693f591d4cf6bfa4fca7851d3f8333b61f9e5240c833b2e2,True,False
ARC / U-Net / STK2,libero_object,pick_up_the_butter_and_place_it_in_the_basket,0.4,250,arc-cache-arc-20260923-stk2-object,bf9c6af170609a9a693f591d4cf6bfa4fca7851d3f8333b61f9e5240c833b2e2,True,False
ARC / U-Net / STK2,libero_object,pick_up_the_chocolate_pudding_and_place_it_in_the_basket,2.0,250,arc-cache-arc-20260923-stk2-object,bf9c6af170609a9a693f591d4cf6bfa4fca7851d3f8333b61f9e5240c833b2e2,True,False
ARC / U-Net / STK2,libero_object,pick_up_the_cream_cheese_and_place_it_in_the_basket,0.0,250,arc-cache-arc-20260923-stk2-object,bf9c6af170609a9a693f591d4cf6bfa4fca7851d3f8333b61f9e5240c833b2e2,True,False
ARC / U-Net / STK2,libero_object,pick_up_the_ketchup_and_place_it_in_the_basket,73.6,250,arc-cache-arc-20260923-stk2-object,bf9c6af170609a9a693f591d4cf6bfa4fca7851d3f8333b61f9e5240c833b2e2,True,False
ARC / U-Net / STK2,libero_object,pick_up_the_milk_and_place_it_in_the_basket,99.6,250,arc-cache-arc-20260923-stk2-object,bf9c6af170609a9a693f591d4cf6bfa4fca7851d3f8333b61f9e5240c833b2e2,True,False
ARC / U-Net / STK2,libero_object,pick_up_the_orange_juice_and_place_it_in_the_basket,89.60000000000001,250,arc-cache-arc-20260923-stk2-object,bf9c6af170609a9a693f591d4cf6bfa4fca7851d3f8333b61f9e5240c833b2e2,True,False
ARC / U-Net / STK2,libero_object,pick_up_the_salad_dressing_and_place_it_in_the_basket,84.8,250,arc-cache-arc-20260923-stk2-object,bf9c6af170609a9a693f591d4cf6bfa4fca7851d3f8333b61f9e5240c833b2e2,True,False
ARC / U-Net / STK2,libero_object,pick_up_the_tomato_sauce_and_place_it_in_the_basket,10.0,250,arc-cache-arc-20260923-stk2-object,bf9c6af170609a9a693f591d4cf6bfa4fca7851d3f8333b61f9e5240c833b2e2,True,False
ARC / U-Net / STK2,libero_goal,open_the_middle_drawer_of_the_cabinet,99.6,250,arc-cache-arc-20260923-stk2-goal,184050dcb39674adedada28716bb43662f2631693795f9573f98007f48450adc,True,False
ARC / U-Net / STK2,libero_goal,open_the_top_drawer_and_put_the_bowl_inside,66.4,250,arc-cache-arc-20260923-stk2-goal,184050dcb39674adedada28716bb43662f2631693795f9573f98007f48450adc,True,False
ARC / U-Net / STK2,libero_goal,push_the_plate_to_the_front_of_the_stove,76.4,250,arc-cache-arc-20260923-stk2-goal,184050dcb39674adedada28716bb43662f2631693795f9573f98007f48450adc,True,False
ARC / U-Net / STK2,libero_goal,put_the_bowl_on_the_plate,81.6,250,arc-cache-arc-20260923-stk2-goal,184050dcb39674adedada28716bb43662f2631693795f9573f98007f48450adc,True,False
ARC / U-Net / STK2,libero_goal,put_the_bowl_on_the_stove,92.0,250,arc-cache-arc-20260923-stk2-goal,184050dcb39674adedada28716bb43662f2631693795f9573f98007f48450adc,True,False
ARC / U-Net / STK2,libero_goal,put_the_bowl_on_top_of_the_cabinet,96.39999999999999,250,arc-cache-arc-20260923-stk2-goal,184050dcb39674adedada28716bb43662f2631693795f9573f98007f48450adc,True,False
ARC / U-Net / STK2,libero_goal,put_the_cream_cheese_in_the_bowl,73.2,250,arc-cache-arc-20260923-stk2-goal,184050dcb39674adedada28716bb43662f2631693795f9573f98007f48450adc,True,False
ARC / U-Net / STK2,libero_goal,put_the_wine_bottle_on_the_rack,74.8,250,arc-cache-arc-20260923-stk2-goal,184050dcb39674adedada28716bb43662f2631693795f9573f98007f48450adc,True,False
ARC / U-Net / STK2,libero_goal,put_the_wine_bottle_on_top_of_the_cabinet,86.0,250,arc-cache-arc-20260923-stk2-goal,184050dcb39674adedada28716bb43662f2631693795f9573f98007f48450adc,True,False
ARC / U-Net / STK2,libero_goal,turn_on_the_stove,100.0,250,arc-cache-arc-20260923-stk2-goal,184050dcb39674adedada28716bb43662f2631693795f9573f98007f48450adc,True,False
ARC / U-Net / STK2,libero_10,KITCHEN_SCENE3_turn_on_the_stove_and_put_the_moka_pot_on_it,84.8,250,arc-paired-s03-20260925-stk2-10,04ca88dcbf3dd14895b1160541187416afb002fe83791901e0805a45628f475b,True,False
ARC / U-Net / STK2,libero_10,KITCHEN_SCENE4_put_the_black_bowl_in_the_bottom_drawer_of_the_cabinet_and_close_it,86.8,250,arc-paired-s03-20260925-stk2-10,04ca88dcbf3dd14895b1160541187416afb002fe83791901e0805a45628f475b,True,False
ARC / U-Net / STK2,libero_10,KITCHEN_SCENE6_put_the_yellow_and_white_mug_in_the_microwave_and_close_it,66.0,250,arc-paired-s03-20260925-stk2-10,04ca88dcbf3dd14895b1160541187416afb002fe83791901e0805a45628f475b,True,False
ARC / U-Net / STK2,libero_10,KITCHEN_SCENE8_put_both_moka_pots_on_the_stove,33.6,250,arc-paired-s03-20260925-stk2-10,04ca88dcbf3dd14895b1160541187416afb002fe83791901e0805a45628f475b,True,False
ARC / U-Net / STK2,libero_10,LIVING_ROOM_SCENE1_put_both_the_alphabet_soup_and_the_cream_cheese_box_in_the_basket,34.4,250,arc-paired-s03-20260925-stk2-10,04ca88dcbf3dd14895b1160541187416afb002fe83791901e0805a45628f475b,True,False
ARC / U-Net / STK2,libero_10,LIVING_ROOM_SCENE2_put_both_the_alphabet_soup_and_the_tomato_sauce_in_the_basket,50.4,250,arc-paired-s03-20260925-stk2-10,04ca88dcbf3dd14895b1160541187416afb002fe83791901e0805a45628f475b,True,False
ARC / U-Net / STK2,libero_10,LIVING_ROOM_SCENE2_put_both_the_cream_cheese_box_and_the_butter_in_the_basket,39.2,250,arc-paired-s03-20260925-stk2-10,04ca88dcbf3dd14895b1160541187416afb002fe83791901e0805a45628f475b,True,False
ARC / U-Net / STK2,libero_10,LIVING_ROOM_SCENE5_put_the_white_mug_on_the_left_plate_and_put_the_yellow_and_white_mug_on_the_right_plate,30.8,250,arc-paired-s03-20260925-stk2-10,04ca88dcbf3dd14895b1160541187416afb002fe83791901e0805a45628f475b,True,False
ARC / U-Net / STK2,libero_10,LIVING_ROOM_SCENE6_put_the_white_mug_on_the_plate_and_put_the_chocolate_pudding_to_the_right_of_the_plate,25.2,250,arc-paired-s03-20260925-stk2-10,04ca88dcbf3dd14895b1160541187416afb002fe83791901e0805a45628f475b,True,False
ARC / U-Net / STK2,libero_10,STUDY_SCENE1_pick_up_the_book_and_place_it_in_the_back_compartment_of_the_caddy,78.4,250,arc-paired-s03-20260925-stk2-10,04ca88dcbf3dd14895b1160541187416afb002fe83791901e0805a45628f475b,True,False
ARC / U-Net / DUR1,libero_spatial,pick_up_the_black_bowl_between_the_plate_and_the_ramekin_and_place_it_on_the_plate,48.0,250,arc-paired-s03-20260925-dur1-spatial,2a3b8fa6074f52fcecb9e4d91e2dd103a2d9a5231d29a777e24ca0d6d76767c2,True,False
ARC / U-Net / DUR1,libero_spatial,pick_up_the_black_bowl_from_table_center_and_place_it_on_the_plate,84.8,250,arc-paired-s03-20260925-dur1-spatial,2a3b8fa6074f52fcecb9e4d91e2dd103a2d9a5231d29a777e24ca0d6d76767c2,True,False
ARC / U-Net / DUR1,libero_spatial,pick_up_the_black_bowl_in_the_top_drawer_of_the_wooden_cabinet_and_place_it_on_the_plate,68.8,250,arc-paired-s03-20260925-dur1-spatial,2a3b8fa6074f52fcecb9e4d91e2dd103a2d9a5231d29a777e24ca0d6d76767c2,True,False
ARC / U-Net / DUR1,libero_spatial,pick_up_the_black_bowl_next_to_the_cookie_box_and_place_it_on_the_plate,80.4,250,arc-paired-s03-20260925-dur1-spatial,2a3b8fa6074f52fcecb9e4d91e2dd103a2d9a5231d29a777e24ca0d6d76767c2,True,False
ARC / U-Net / DUR1,libero_spatial,pick_up_the_black_bowl_next_to_the_plate_and_place_it_on_the_plate,46.800000000000004,250,arc-paired-s03-20260925-dur1-spatial,2a3b8fa6074f52fcecb9e4d91e2dd103a2d9a5231d29a777e24ca0d6d76767c2,True,False
ARC / U-Net / DUR1,libero_spatial,pick_up_the_black_bowl_next_to_the_ramekin_and_place_it_on_the_plate,72.0,250,arc-paired-s03-20260925-dur1-spatial,2a3b8fa6074f52fcecb9e4d91e2dd103a2d9a5231d29a777e24ca0d6d76767c2,True,False
ARC / U-Net / DUR1,libero_spatial,pick_up_the_black_bowl_on_the_cookie_box_and_place_it_on_the_plate,85.6,250,arc-paired-s03-20260925-dur1-spatial,2a3b8fa6074f52fcecb9e4d91e2dd103a2d9a5231d29a777e24ca0d6d76767c2,True,False
ARC / U-Net / DUR1,libero_spatial,pick_up_the_black_bowl_on_the_ramekin_and_place_it_on_the_plate,8.799999999999999,250,arc-paired-s03-20260925-dur1-spatial,2a3b8fa6074f52fcecb9e4d91e2dd103a2d9a5231d29a777e24ca0d6d76767c2,True,False
ARC / U-Net / DUR1,libero_spatial,pick_up_the_black_bowl_on_the_stove_and_place_it_on_the_plate,98.4,250,arc-paired-s03-20260925-dur1-spatial,2a3b8fa6074f52fcecb9e4d91e2dd103a2d9a5231d29a777e24ca0d6d76767c2,True,False
ARC / U-Net / DUR1,libero_spatial,pick_up_the_black_bowl_on_the_wooden_cabinet_and_place_it_on_the_plate,69.6,250,arc-paired-s03-20260925-dur1-spatial,2a3b8fa6074f52fcecb9e4d91e2dd103a2d9a5231d29a777e24ca0d6d76767c2,True,False
ARC / U-Net / DUR1,libero_object,pick_up_the_alphabet_soup_and_place_it_in_the_basket,73.6,250,arc-cache-arc-20260923-dur1-object,e16ccc483c62b1013deb3a50b985f6a3d3408d8e67e9bde357ad9f084c187c70,True,False
ARC / U-Net / DUR1,libero_object,pick_up_the_bbq_sauce_and_place_it_in_the_basket,87.2,250,arc-cache-arc-20260923-dur1-object,e16ccc483c62b1013deb3a50b985f6a3d3408d8e67e9bde357ad9f084c187c70,True,False
ARC / U-Net / DUR1,libero_object,pick_up_the_butter_and_place_it_in_the_basket,0.0,250,arc-cache-arc-20260923-dur1-object,e16ccc483c62b1013deb3a50b985f6a3d3408d8e67e9bde357ad9f084c187c70,True,False
ARC / U-Net / DUR1,libero_object,pick_up_the_chocolate_pudding_and_place_it_in_the_basket,0.0,250,arc-cache-arc-20260923-dur1-object,e16ccc483c62b1013deb3a50b985f6a3d3408d8e67e9bde357ad9f084c187c70,True,False
ARC / U-Net / DUR1,libero_object,pick_up_the_cream_cheese_and_place_it_in_the_basket,3.2,250,arc-cache-arc-20260923-dur1-object,e16ccc483c62b1013deb3a50b985f6a3d3408d8e67e9bde357ad9f084c187c70,True,False
ARC / U-Net / DUR1,libero_object,pick_up_the_ketchup_and_place_it_in_the_basket,72.39999999999999,250,arc-cache-arc-20260923-dur1-object,e16ccc483c62b1013deb3a50b985f6a3d3408d8e67e9bde357ad9f084c187c70,True,False
ARC / U-Net / DUR1,libero_object,pick_up_the_milk_and_place_it_in_the_basket,99.6,250,arc-cache-arc-20260923-dur1-object,e16ccc483c62b1013deb3a50b985f6a3d3408d8e67e9bde357ad9f084c187c70,True,False
ARC / U-Net / DUR1,libero_object,pick_up_the_orange_juice_and_place_it_in_the_basket,99.2,250,arc-cache-arc-20260923-dur1-object,e16ccc483c62b1013deb3a50b985f6a3d3408d8e67e9bde357ad9f084c187c70,True,False
ARC / U-Net / DUR1,libero_object,pick_up_the_salad_dressing_and_place_it_in_the_basket,100.0,250,arc-cache-arc-20260923-dur1-object,e16ccc483c62b1013deb3a50b985f6a3d3408d8e67e9bde357ad9f084c187c70,True,False
ARC / U-Net / DUR1,libero_object,pick_up_the_tomato_sauce_and_place_it_in_the_basket,1.2,250,arc-cache-arc-20260923-dur1-object,e16ccc483c62b1013deb3a50b985f6a3d3408d8e67e9bde357ad9f084c187c70,True,False
ARC / U-Net / DUR1,libero_goal,open_the_middle_drawer_of_the_cabinet,100.0,250,arc-cache-arc-20260923-dur1-goal,8be1772d1400af05f2e8d10d8ca2ff302d58be7424600158cfa73d88df765e45,True,False
ARC / U-Net / DUR1,libero_goal,open_the_top_drawer_and_put_the_bowl_inside,80.0,250,arc-cache-arc-20260923-dur1-goal,8be1772d1400af05f2e8d10d8ca2ff302d58be7424600158cfa73d88df765e45,True,False
ARC / U-Net / DUR1,libero_goal,push_the_plate_to_the_front_of_the_stove,84.0,250,arc-cache-arc-20260923-dur1-goal,8be1772d1400af05f2e8d10d8ca2ff302d58be7424600158cfa73d88df765e45,True,False
ARC / U-Net / DUR1,libero_goal,put_the_bowl_on_the_plate,86.0,250,arc-cache-arc-20260923-dur1-goal,8be1772d1400af05f2e8d10d8ca2ff302d58be7424600158cfa73d88df765e45,True,False
ARC / U-Net / DUR1,libero_goal,put_the_bowl_on_the_stove,90.4,250,arc-cache-arc-20260923-dur1-goal,8be1772d1400af05f2e8d10d8ca2ff302d58be7424600158cfa73d88df765e45,True,False
ARC / U-Net / DUR1,libero_goal,put_the_bowl_on_top_of_the_cabinet,96.8,250,arc-cache-arc-20260923-dur1-goal,8be1772d1400af05f2e8d10d8ca2ff302d58be7424600158cfa73d88df765e45,True,False
ARC / U-Net / DUR1,libero_goal,put_the_cream_cheese_in_the_bowl,80.80000000000001,250,arc-cache-arc-20260923-dur1-goal,8be1772d1400af05f2e8d10d8ca2ff302d58be7424600158cfa73d88df765e45,True,False
ARC / U-Net / DUR1,libero_goal,put_the_wine_bottle_on_the_rack,86.8,250,arc-cache-arc-20260923-dur1-goal,8be1772d1400af05f2e8d10d8ca2ff302d58be7424600158cfa73d88df765e45,True,False
ARC / U-Net / DUR1,libero_goal,put_the_wine_bottle_on_top_of_the_cabinet,90.8,250,arc-cache-arc-20260923-dur1-goal,8be1772d1400af05f2e8d10d8ca2ff302d58be7424600158cfa73d88df765e45,True,False
ARC / U-Net / DUR1,libero_goal,turn_on_the_stove,100.0,250,arc-cache-arc-20260923-dur1-goal,8be1772d1400af05f2e8d10d8ca2ff302d58be7424600158cfa73d88df765e45,True,False
ARC / U-Net / DUR1,libero_10,KITCHEN_SCENE3_turn_on_the_stove_and_put_the_moka_pot_on_it,86.8,250,arc-paired-s03-20260925-dur1-10,0c47965a923abc9e40e6447969368368cce552c21e837353ed8bb59ec51f8754,True,False
ARC / U-Net / DUR1,libero_10,KITCHEN_SCENE4_put_the_black_bowl_in_the_bottom_drawer_of_the_cabinet_and_close_it,83.6,250,arc-paired-s03-20260925-dur1-10,0c47965a923abc9e40e6447969368368cce552c21e837353ed8bb59ec51f8754,True,False
ARC / U-Net / DUR1,libero_10,KITCHEN_SCENE6_put_the_yellow_and_white_mug_in_the_microwave_and_close_it,64.0,250,arc-paired-s03-20260925-dur1-10,0c47965a923abc9e40e6447969368368cce552c21e837353ed8bb59ec51f8754,True,False
ARC / U-Net / DUR1,libero_10,KITCHEN_SCENE8_put_both_moka_pots_on_the_stove,29.2,250,arc-paired-s03-20260925-dur1-10,0c47965a923abc9e40e6447969368368cce552c21e837353ed8bb59ec51f8754,True,False
ARC / U-Net / DUR1,libero_10,LIVING_ROOM_SCENE1_put_both_the_alphabet_soup_and_the_cream_cheese_box_in_the_basket,23.599999999999998,250,arc-paired-s03-20260925-dur1-10,0c47965a923abc9e40e6447969368368cce552c21e837353ed8bb59ec51f8754,True,False
ARC / U-Net / DUR1,libero_10,LIVING_ROOM_SCENE2_put_both_the_alphabet_soup_and_the_tomato_sauce_in_the_basket,51.2,250,arc-paired-s03-20260925-dur1-10,0c47965a923abc9e40e6447969368368cce552c21e837353ed8bb59ec51f8754,True,False
ARC / U-Net / DUR1,libero_10,LIVING_ROOM_SCENE2_put_both_the_cream_cheese_box_and_the_butter_in_the_basket,52.0,250,arc-paired-s03-20260925-dur1-10,0c47965a923abc9e40e6447969368368cce552c21e837353ed8bb59ec51f8754,True,False
ARC / U-Net / DUR1,libero_10,LIVING_ROOM_SCENE5_put_the_white_mug_on_the_left_plate_and_put_the_yellow_and_white_mug_on_the_right_plate,41.6,250,arc-paired-s03-20260925-dur1-10,0c47965a923abc9e40e6447969368368cce552c21e837353ed8bb59ec51f8754,True,False
ARC / U-Net / DUR1,libero_10,LIVING_ROOM_SCENE6_put_the_white_mug_on_the_plate_and_put_the_chocolate_pudding_to_the_right_of_the_plate,30.4,250,arc-paired-s03-20260925-dur1-10,0c47965a923abc9e40e6447969368368cce552c21e837353ed8bb59ec51f8754,True,False
ARC / U-Net / DUR1,libero_10,STUDY_SCENE1_pick_up_the_book_and_place_it_in_the_back_compartment_of_the_caddy,89.2,250,arc-paired-s03-20260925-dur1-10,0c47965a923abc9e40e6447969368368cce552c21e837353ed8bb59ec51f8754,True,False
ARC / U-Net / DUR2,libero_spatial,pick_up_the_black_bowl_between_the_plate_and_the_ramekin_and_place_it_on_the_plate,49.6,250,arc-paired-s03-20260925-dur2-spatial,1148a47fc7501fd81d4d63dacd3f809899597d8231e9c7c31956f49e5395fd64,True,False
ARC / U-Net / DUR2,libero_spatial,pick_up_the_black_bowl_from_table_center_and_place_it_on_the_plate,83.6,250,arc-paired-s03-20260925-dur2-spatial,1148a47fc7501fd81d4d63dacd3f809899597d8231e9c7c31956f49e5395fd64,True,False
ARC / U-Net / DUR2,libero_spatial,pick_up_the_black_bowl_in_the_top_drawer_of_the_wooden_cabinet_and_place_it_on_the_plate,71.2,250,arc-paired-s03-20260925-dur2-spatial,1148a47fc7501fd81d4d63dacd3f809899597d8231e9c7c31956f49e5395fd64,True,False
ARC / U-Net / DUR2,libero_spatial,pick_up_the_black_bowl_next_to_the_cookie_box_and_place_it_on_the_plate,76.8,250,arc-paired-s03-20260925-dur2-spatial,1148a47fc7501fd81d4d63dacd3f809899597d8231e9c7c31956f49e5395fd64,True,False
ARC / U-Net / DUR2,libero_spatial,pick_up_the_black_bowl_next_to_the_plate_and_place_it_on_the_plate,55.60000000000001,250,arc-paired-s03-20260925-dur2-spatial,1148a47fc7501fd81d4d63dacd3f809899597d8231e9c7c31956f49e5395fd64,True,False
ARC / U-Net / DUR2,libero_spatial,pick_up_the_black_bowl_next_to_the_ramekin_and_place_it_on_the_plate,81.6,250,arc-paired-s03-20260925-dur2-spatial,1148a47fc7501fd81d4d63dacd3f809899597d8231e9c7c31956f49e5395fd64,True,False
ARC / U-Net / DUR2,libero_spatial,pick_up_the_black_bowl_on_the_cookie_box_and_place_it_on_the_plate,94.0,250,arc-paired-s03-20260925-dur2-spatial,1148a47fc7501fd81d4d63dacd3f809899597d8231e9c7c31956f49e5395fd64,True,False
ARC / U-Net / DUR2,libero_spatial,pick_up_the_black_bowl_on_the_ramekin_and_place_it_on_the_plate,2.4,250,arc-paired-s03-20260925-dur2-spatial,1148a47fc7501fd81d4d63dacd3f809899597d8231e9c7c31956f49e5395fd64,True,False
ARC / U-Net / DUR2,libero_spatial,pick_up_the_black_bowl_on_the_stove_and_place_it_on_the_plate,95.19999999999999,250,arc-paired-s03-20260925-dur2-spatial,1148a47fc7501fd81d4d63dacd3f809899597d8231e9c7c31956f49e5395fd64,True,False
ARC / U-Net / DUR2,libero_spatial,pick_up_the_black_bowl_on_the_wooden_cabinet_and_place_it_on_the_plate,73.2,250,arc-paired-s03-20260925-dur2-spatial,1148a47fc7501fd81d4d63dacd3f809899597d8231e9c7c31956f49e5395fd64,True,False
ARC / U-Net / DUR2,libero_object,pick_up_the_alphabet_soup_and_place_it_in_the_basket,82.8,250,arc-cache-arc-20260923-dur2-object,91daf8517cd31eebbaa7f468fd8ef338e26a9a6276db902b18d66056a7f54148,True,False
ARC / U-Net / DUR2,libero_object,pick_up_the_bbq_sauce_and_place_it_in_the_basket,88.4,250,arc-cache-arc-20260923-dur2-object,91daf8517cd31eebbaa7f468fd8ef338e26a9a6276db902b18d66056a7f54148,True,False
ARC / U-Net / DUR2,libero_object,pick_up_the_butter_and_place_it_in_the_basket,11.600000000000001,250,arc-cache-arc-20260923-dur2-object,91daf8517cd31eebbaa7f468fd8ef338e26a9a6276db902b18d66056a7f54148,True,False
ARC / U-Net / DUR2,libero_object,pick_up_the_chocolate_pudding_and_place_it_in_the_basket,0.4,250,arc-cache-arc-20260923-dur2-object,91daf8517cd31eebbaa7f468fd8ef338e26a9a6276db902b18d66056a7f54148,True,False
ARC / U-Net / DUR2,libero_object,pick_up_the_cream_cheese_and_place_it_in_the_basket,31.6,250,arc-cache-arc-20260923-dur2-object,91daf8517cd31eebbaa7f468fd8ef338e26a9a6276db902b18d66056a7f54148,True,False
ARC / U-Net / DUR2,libero_object,pick_up_the_ketchup_and_place_it_in_the_basket,96.8,250,arc-cache-arc-20260923-dur2-object,91daf8517cd31eebbaa7f468fd8ef338e26a9a6276db902b18d66056a7f54148,True,False
ARC / U-Net / DUR2,libero_object,pick_up_the_milk_and_place_it_in_the_basket,97.6,250,arc-cache-arc-20260923-dur2-object,91daf8517cd31eebbaa7f468fd8ef338e26a9a6276db902b18d66056a7f54148,True,False
ARC / U-Net / DUR2,libero_object,pick_up_the_orange_juice_and_place_it_in_the_basket,96.0,250,arc-cache-arc-20260923-dur2-object,91daf8517cd31eebbaa7f468fd8ef338e26a9a6276db902b18d66056a7f54148,True,False
ARC / U-Net / DUR2,libero_object,pick_up_the_salad_dressing_and_place_it_in_the_basket,97.2,250,arc-cache-arc-20260923-dur2-object,91daf8517cd31eebbaa7f468fd8ef338e26a9a6276db902b18d66056a7f54148,True,False
ARC / U-Net / DUR2,libero_object,pick_up_the_tomato_sauce_and_place_it_in_the_basket,34.8,250,arc-cache-arc-20260923-dur2-object,91daf8517cd31eebbaa7f468fd8ef338e26a9a6276db902b18d66056a7f54148,True,False
ARC / U-Net / DUR2,libero_goal,open_the_middle_drawer_of_the_cabinet,99.2,250,arc-cache-arc-20260923-dur2-goal,7a378e5c7a4e40fa4079981c1463d8558808d5bb89e7917f4c23516b039298aa,True,False
ARC / U-Net / DUR2,libero_goal,open_the_top_drawer_and_put_the_bowl_inside,80.4,250,arc-cache-arc-20260923-dur2-goal,7a378e5c7a4e40fa4079981c1463d8558808d5bb89e7917f4c23516b039298aa,True,False
ARC / U-Net / DUR2,libero_goal,push_the_plate_to_the_front_of_the_stove,70.0,250,arc-cache-arc-20260923-dur2-goal,7a378e5c7a4e40fa4079981c1463d8558808d5bb89e7917f4c23516b039298aa,True,False
ARC / U-Net / DUR2,libero_goal,put_the_bowl_on_the_plate,88.8,250,arc-cache-arc-20260923-dur2-goal,7a378e5c7a4e40fa4079981c1463d8558808d5bb89e7917f4c23516b039298aa,True,False
ARC / U-Net / DUR2,libero_goal,put_the_bowl_on_the_stove,96.39999999999999,250,arc-cache-arc-20260923-dur2-goal,7a378e5c7a4e40fa4079981c1463d8558808d5bb89e7917f4c23516b039298aa,True,False
ARC / U-Net / DUR2,libero_goal,put_the_bowl_on_top_of_the_cabinet,95.19999999999999,250,arc-cache-arc-20260923-dur2-goal,7a378e5c7a4e40fa4079981c1463d8558808d5bb89e7917f4c23516b039298aa,True,False
ARC / U-Net / DUR2,libero_goal,put_the_cream_cheese_in_the_bowl,73.2,250,arc-cache-arc-20260923-dur2-goal,7a378e5c7a4e40fa4079981c1463d8558808d5bb89e7917f4c23516b039298aa,True,False
ARC / U-Net / DUR2,libero_goal,put_the_wine_bottle_on_the_rack,85.2,250,arc-cache-arc-20260923-dur2-goal,7a378e5c7a4e40fa4079981c1463d8558808d5bb89e7917f4c23516b039298aa,True,False
ARC / U-Net / DUR2,libero_goal,put_the_wine_bottle_on_top_of_the_cabinet,85.2,250,arc-cache-arc-20260923-dur2-goal,7a378e5c7a4e40fa4079981c1463d8558808d5bb89e7917f4c23516b039298aa,True,False
ARC / U-Net / DUR2,libero_goal,turn_on_the_stove,99.2,250,arc-cache-arc-20260923-dur2-goal,7a378e5c7a4e40fa4079981c1463d8558808d5bb89e7917f4c23516b039298aa,True,False
ARC / U-Net / DUR2,libero_10,KITCHEN_SCENE3_turn_on_the_stove_and_put_the_moka_pot_on_it,88.4,250,arc-paired-s03-20260925-dur2-10,6c661b5aaff03b0d8ce90cacb283aed3c092ae3af3c32afd8e0073f7e11e04dc,True,False
ARC / U-Net / DUR2,libero_10,KITCHEN_SCENE4_put_the_black_bowl_in_the_bottom_drawer_of_the_cabinet_and_close_it,88.4,250,arc-paired-s03-20260925-dur2-10,6c661b5aaff03b0d8ce90cacb283aed3c092ae3af3c32afd8e0073f7e11e04dc,True,False
ARC / U-Net / DUR2,libero_10,KITCHEN_SCENE6_put_the_yellow_and_white_mug_in_the_microwave_and_close_it,56.00000000000001,250,arc-paired-s03-20260925-dur2-10,6c661b5aaff03b0d8ce90cacb283aed3c092ae3af3c32afd8e0073f7e11e04dc,True,False
ARC / U-Net / DUR2,libero_10,KITCHEN_SCENE8_put_both_moka_pots_on_the_stove,26.0,250,arc-paired-s03-20260925-dur2-10,6c661b5aaff03b0d8ce90cacb283aed3c092ae3af3c32afd8e0073f7e11e04dc,True,False
ARC / U-Net / DUR2,libero_10,LIVING_ROOM_SCENE1_put_both_the_alphabet_soup_and_the_cream_cheese_box_in_the_basket,35.6,250,arc-paired-s03-20260925-dur2-10,6c661b5aaff03b0d8ce90cacb283aed3c092ae3af3c32afd8e0073f7e11e04dc,True,False
ARC / U-Net / DUR2,libero_10,LIVING_ROOM_SCENE2_put_both_the_alphabet_soup_and_the_tomato_sauce_in_the_basket,42.8,250,arc-paired-s03-20260925-dur2-10,6c661b5aaff03b0d8ce90cacb283aed3c092ae3af3c32afd8e0073f7e11e04dc,True,False
ARC / U-Net / DUR2,libero_10,LIVING_ROOM_SCENE2_put_both_the_cream_cheese_box_and_the_butter_in_the_basket,63.2,250,arc-paired-s03-20260925-dur2-10,6c661b5aaff03b0d8ce90cacb283aed3c092ae3af3c32afd8e0073f7e11e04dc,True,False
ARC / U-Net / DUR2,libero_10,LIVING_ROOM_SCENE5_put_the_white_mug_on_the_left_plate_and_put_the_yellow_and_white_mug_on_the_right_plate,38.0,250,arc-paired-s03-20260925-dur2-10,6c661b5aaff03b0d8ce90cacb283aed3c092ae3af3c32afd8e0073f7e11e04dc,True,False
ARC / U-Net / DUR2,libero_10,LIVING_ROOM_SCENE6_put_the_white_mug_on_the_plate_and_put_the_chocolate_pudding_to_the_right_of_the_plate,34.8,250,arc-paired-s03-20260925-dur2-10,6c661b5aaff03b0d8ce90cacb283aed3c092ae3af3c32afd8e0073f7e11e04dc,True,False
ARC / U-Net / DUR2,libero_10,STUDY_SCENE1_pick_up_the_book_and_place_it_in_the_back_compartment_of_the_caddy,81.2,250,arc-paired-s03-20260925-dur2-10,6c661b5aaff03b0d8ce90cacb283aed3c092ae3af3c32afd8e0073f7e11e04dc,True,False
ARC / U-Net / shared STK,libero_spatial,pick_up_the_black_bowl_between_the_plate_and_the_ramekin_and_place_it_on_the_plate,58.4,250,arc-paired-s03-20260925-shared-stk-spatial,4f3707a03e1dde3ac62cb68655908f7c48d4036ff95078353e79537759beb096,True,False
ARC / U-Net / shared STK,libero_spatial,pick_up_the_black_bowl_from_table_center_and_place_it_on_the_plate,77.60000000000001,250,arc-paired-s03-20260925-shared-stk-spatial,4f3707a03e1dde3ac62cb68655908f7c48d4036ff95078353e79537759beb096,True,False
ARC / U-Net / shared STK,libero_spatial,pick_up_the_black_bowl_in_the_top_drawer_of_the_wooden_cabinet_and_place_it_on_the_plate,76.4,250,arc-paired-s03-20260925-shared-stk-spatial,4f3707a03e1dde3ac62cb68655908f7c48d4036ff95078353e79537759beb096,True,False
ARC / U-Net / shared STK,libero_spatial,pick_up_the_black_bowl_next_to_the_cookie_box_and_place_it_on_the_plate,78.8,250,arc-paired-s03-20260925-shared-stk-spatial,4f3707a03e1dde3ac62cb68655908f7c48d4036ff95078353e79537759beb096,True,False
ARC / U-Net / shared STK,libero_spatial,pick_up_the_black_bowl_next_to_the_plate_and_place_it_on_the_plate,52.400000000000006,250,arc-paired-s03-20260925-shared-stk-spatial,4f3707a03e1dde3ac62cb68655908f7c48d4036ff95078353e79537759beb096,True,False
ARC / U-Net / shared STK,libero_spatial,pick_up_the_black_bowl_next_to_the_ramekin_and_place_it_on_the_plate,69.19999999999999,250,arc-paired-s03-20260925-shared-stk-spatial,4f3707a03e1dde3ac62cb68655908f7c48d4036ff95078353e79537759beb096,True,False
ARC / U-Net / shared STK,libero_spatial,pick_up_the_black_bowl_on_the_cookie_box_and_place_it_on_the_plate,92.4,250,arc-paired-s03-20260925-shared-stk-spatial,4f3707a03e1dde3ac62cb68655908f7c48d4036ff95078353e79537759beb096,True,False
ARC / U-Net / shared STK,libero_spatial,pick_up_the_black_bowl_on_the_ramekin_and_place_it_on_the_plate,6.4,250,arc-paired-s03-20260925-shared-stk-spatial,4f3707a03e1dde3ac62cb68655908f7c48d4036ff95078353e79537759beb096,True,False
ARC / U-Net / shared STK,libero_spatial,pick_up_the_black_bowl_on_the_stove_and_place_it_on_the_plate,94.8,250,arc-paired-s03-20260925-shared-stk-spatial,4f3707a03e1dde3ac62cb68655908f7c48d4036ff95078353e79537759beb096,True,False
ARC / U-Net / shared STK,libero_spatial,pick_up_the_black_bowl_on_the_wooden_cabinet_and_place_it_on_the_plate,57.199999999999996,250,arc-paired-s03-20260925-shared-stk-spatial,4f3707a03e1dde3ac62cb68655908f7c48d4036ff95078353e79537759beb096,True,False
ARC / U-Net / shared STK,libero_object,pick_up_the_alphabet_soup_and_place_it_in_the_basket,65.60000000000001,250,arc-cache-arc-20260923-shared-stk-object,b8da267836c09ab1262740a6150c296da6d0d82cf2c8ac2da976e3c7c46fc0a5,True,False
ARC / U-Net / shared STK,libero_object,pick_up_the_bbq_sauce_and_place_it_in_the_basket,81.6,250,arc-cache-arc-20260923-shared-stk-object,b8da267836c09ab1262740a6150c296da6d0d82cf2c8ac2da976e3c7c46fc0a5,True,False
ARC / U-Net / shared STK,libero_object,pick_up_the_butter_and_place_it_in_the_basket,27.6,250,arc-cache-arc-20260923-shared-stk-object,b8da267836c09ab1262740a6150c296da6d0d82cf2c8ac2da976e3c7c46fc0a5,True,False
ARC / U-Net / shared STK,libero_object,pick_up_the_chocolate_pudding_and_place_it_in_the_basket,16.8,250,arc-cache-arc-20260923-shared-stk-object,b8da267836c09ab1262740a6150c296da6d0d82cf2c8ac2da976e3c7c46fc0a5,True,False
ARC / U-Net / shared STK,libero_object,pick_up_the_cream_cheese_and_place_it_in_the_basket,10.8,250,arc-cache-arc-20260923-shared-stk-object,b8da267836c09ab1262740a6150c296da6d0d82cf2c8ac2da976e3c7c46fc0a5,True,False
ARC / U-Net / shared STK,libero_object,pick_up_the_ketchup_and_place_it_in_the_basket,97.6,250,arc-cache-arc-20260923-shared-stk-object,b8da267836c09ab1262740a6150c296da6d0d82cf2c8ac2da976e3c7c46fc0a5,True,False
ARC / U-Net / shared STK,libero_object,pick_up_the_milk_and_place_it_in_the_basket,95.19999999999999,250,arc-cache-arc-20260923-shared-stk-object,b8da267836c09ab1262740a6150c296da6d0d82cf2c8ac2da976e3c7c46fc0a5,True,False
ARC / U-Net / shared STK,libero_object,pick_up_the_orange_juice_and_place_it_in_the_basket,96.0,250,arc-cache-arc-20260923-shared-stk-object,b8da267836c09ab1262740a6150c296da6d0d82cf2c8ac2da976e3c7c46fc0a5,True,False
ARC / U-Net / shared STK,libero_object,pick_up_the_salad_dressing_and_place_it_in_the_basket,96.0,250,arc-cache-arc-20260923-shared-stk-object,b8da267836c09ab1262740a6150c296da6d0d82cf2c8ac2da976e3c7c46fc0a5,True,False
ARC / U-Net / shared STK,libero_object,pick_up_the_tomato_sauce_and_place_it_in_the_basket,1.6,250,arc-cache-arc-20260923-shared-stk-object,b8da267836c09ab1262740a6150c296da6d0d82cf2c8ac2da976e3c7c46fc0a5,True,False
ARC / U-Net / shared STK,libero_goal,open_the_middle_drawer_of_the_cabinet,98.8,250,arc-cache-arc-20260923-shared-stk-goal,f657e90bcf75cae01ea58b12268c341b4e5dd0ae11a43fa398983cb19cd58a96,True,False
ARC / U-Net / shared STK,libero_goal,open_the_top_drawer_and_put_the_bowl_inside,70.39999999999999,250,arc-cache-arc-20260923-shared-stk-goal,f657e90bcf75cae01ea58b12268c341b4e5dd0ae11a43fa398983cb19cd58a96,True,False
ARC / U-Net / shared STK,libero_goal,push_the_plate_to_the_front_of_the_stove,79.2,250,arc-cache-arc-20260923-shared-stk-goal,f657e90bcf75cae01ea58b12268c341b4e5dd0ae11a43fa398983cb19cd58a96,True,False
ARC / U-Net / shared STK,libero_goal,put_the_bowl_on_the_plate,84.8,250,arc-cache-arc-20260923-shared-stk-goal,f657e90bcf75cae01ea58b12268c341b4e5dd0ae11a43fa398983cb19cd58a96,True,False
ARC / U-Net / shared STK,libero_goal,put_the_bowl_on_the_stove,91.60000000000001,250,arc-cache-arc-20260923-shared-stk-goal,f657e90bcf75cae01ea58b12268c341b4e5dd0ae11a43fa398983cb19cd58a96,True,False
ARC / U-Net / shared STK,libero_goal,put_the_bowl_on_top_of_the_cabinet,92.4,250,arc-cache-arc-20260923-shared-stk-goal,f657e90bcf75cae01ea58b12268c341b4e5dd0ae11a43fa398983cb19cd58a96,True,False
ARC / U-Net / shared STK,libero_goal,put_the_cream_cheese_in_the_bowl,78.4,250,arc-cache-arc-20260923-shared-stk-goal,f657e90bcf75cae01ea58b12268c341b4e5dd0ae11a43fa398983cb19cd58a96,True,False
ARC / U-Net / shared STK,libero_goal,put_the_wine_bottle_on_the_rack,69.19999999999999,250,arc-cache-arc-20260923-shared-stk-goal,f657e90bcf75cae01ea58b12268c341b4e5dd0ae11a43fa398983cb19cd58a96,True,False
ARC / U-Net / shared STK,libero_goal,put_the_wine_bottle_on_top_of_the_cabinet,84.0,250,arc-cache-arc-20260923-shared-stk-goal,f657e90bcf75cae01ea58b12268c341b4e5dd0ae11a43fa398983cb19cd58a96,True,False
ARC / U-Net / shared STK,libero_goal,turn_on_the_stove,99.6,250,arc-cache-arc-20260923-shared-stk-goal,f657e90bcf75cae01ea58b12268c341b4e5dd0ae11a43fa398983cb19cd58a96,True,False
ARC / U-Net / shared STK,libero_10,KITCHEN_SCENE3_turn_on_the_stove_and_put_the_moka_pot_on_it,89.2,250,arc-paired-s03-20260925-shared-stk-10,d99a236bab0c1316a4878f1b63dc270fdab5b3137239eed7f5149c67fb997168,True,False
ARC / U-Net / shared STK,libero_10,KITCHEN_SCENE4_put_the_black_bowl_in_the_bottom_drawer_of_the_cabinet_and_close_it,79.2,250,arc-paired-s03-20260925-shared-stk-10,d99a236bab0c1316a4878f1b63dc270fdab5b3137239eed7f5149c67fb997168,True,False
ARC / U-Net / shared STK,libero_10,KITCHEN_SCENE6_put_the_yellow_and_white_mug_in_the_microwave_and_close_it,65.2,250,arc-paired-s03-20260925-shared-stk-10,d99a236bab0c1316a4878f1b63dc270fdab5b3137239eed7f5149c67fb997168,True,False
ARC / U-Net / shared STK,libero_10,KITCHEN_SCENE8_put_both_moka_pots_on_the_stove,38.4,250,arc-paired-s03-20260925-shared-stk-10,d99a236bab0c1316a4878f1b63dc270fdab5b3137239eed7f5149c67fb997168,True,False
ARC / U-Net / shared STK,libero_10,LIVING_ROOM_SCENE1_put_both_the_alphabet_soup_and_the_cream_cheese_box_in_the_basket,38.0,250,arc-paired-s03-20260925-shared-stk-10,d99a236bab0c1316a4878f1b63dc270fdab5b3137239eed7f5149c67fb997168,True,False
ARC / U-Net / shared STK,libero_10,LIVING_ROOM_SCENE2_put_both_the_alphabet_soup_and_the_tomato_sauce_in_the_basket,50.8,250,arc-paired-s03-20260925-shared-stk-10,d99a236bab0c1316a4878f1b63dc270fdab5b3137239eed7f5149c67fb997168,True,False
ARC / U-Net / shared STK,libero_10,LIVING_ROOM_SCENE2_put_both_the_cream_cheese_box_and_the_butter_in_the_basket,46.400000000000006,250,arc-paired-s03-20260925-shared-stk-10,d99a236bab0c1316a4878f1b63dc270fdab5b3137239eed7f5149c67fb997168,True,False
ARC / U-Net / shared STK,libero_10,LIVING_ROOM_SCENE5_put_the_white_mug_on_the_left_plate_and_put_the_yellow_and_white_mug_on_the_right_plate,40.0,250,arc-paired-s03-20260925-shared-stk-10,d99a236bab0c1316a4878f1b63dc270fdab5b3137239eed7f5149c67fb997168,True,False
ARC / U-Net / shared STK,libero_10,LIVING_ROOM_SCENE6_put_the_white_mug_on_the_plate_and_put_the_chocolate_pudding_to_the_right_of_the_plate,37.6,250,arc-paired-s03-20260925-shared-stk-10,d99a236bab0c1316a4878f1b63dc270fdab5b3137239eed7f5149c67fb997168,True,False
ARC / U-Net / shared STK,libero_10,STUDY_SCENE1_pick_up_the_book_and_place_it_in_the_back_compartment_of_the_caddy,86.8,250,arc-paired-s03-20260925-shared-stk-10,d99a236bab0c1316a4878f1b63dc270fdab5b3137239eed7f5149c67fb997168,True,False
ARC / U-Net / shared DUR,libero_spatial,pick_up_the_black_bowl_between_the_plate_and_the_ramekin_and_place_it_on_the_plate,64.4,250,arc-paired-s03-20260925-shared-dur-spatial,c2c00e0d46b723f3ec2e48b406a41e04e478d08aec935bfb3615ce3bba52e2ba,True,False
ARC / U-Net / shared DUR,libero_spatial,pick_up_the_black_bowl_from_table_center_and_place_it_on_the_plate,89.2,250,arc-paired-s03-20260925-shared-dur-spatial,c2c00e0d46b723f3ec2e48b406a41e04e478d08aec935bfb3615ce3bba52e2ba,True,False
ARC / U-Net / shared DUR,libero_spatial,pick_up_the_black_bowl_in_the_top_drawer_of_the_wooden_cabinet_and_place_it_on_the_plate,62.0,250,arc-paired-s03-20260925-shared-dur-spatial,c2c00e0d46b723f3ec2e48b406a41e04e478d08aec935bfb3615ce3bba52e2ba,True,False
ARC / U-Net / shared DUR,libero_spatial,pick_up_the_black_bowl_next_to_the_cookie_box_and_place_it_on_the_plate,77.2,250,arc-paired-s03-20260925-shared-dur-spatial,c2c00e0d46b723f3ec2e48b406a41e04e478d08aec935bfb3615ce3bba52e2ba,True,False
ARC / U-Net / shared DUR,libero_spatial,pick_up_the_black_bowl_next_to_the_plate_and_place_it_on_the_plate,52.400000000000006,250,arc-paired-s03-20260925-shared-dur-spatial,c2c00e0d46b723f3ec2e48b406a41e04e478d08aec935bfb3615ce3bba52e2ba,True,False
ARC / U-Net / shared DUR,libero_spatial,pick_up_the_black_bowl_next_to_the_ramekin_and_place_it_on_the_plate,77.60000000000001,250,arc-paired-s03-20260925-shared-dur-spatial,c2c00e0d46b723f3ec2e48b406a41e04e478d08aec935bfb3615ce3bba52e2ba,True,False
ARC / U-Net / shared DUR,libero_spatial,pick_up_the_black_bowl_on_the_cookie_box_and_place_it_on_the_plate,94.0,250,arc-paired-s03-20260925-shared-dur-spatial,c2c00e0d46b723f3ec2e48b406a41e04e478d08aec935bfb3615ce3bba52e2ba,True,False
ARC / U-Net / shared DUR,libero_spatial,pick_up_the_black_bowl_on_the_ramekin_and_place_it_on_the_plate,1.2,250,arc-paired-s03-20260925-shared-dur-spatial,c2c00e0d46b723f3ec2e48b406a41e04e478d08aec935bfb3615ce3bba52e2ba,True,False
ARC / U-Net / shared DUR,libero_spatial,pick_up_the_black_bowl_on_the_stove_and_place_it_on_the_plate,96.8,250,arc-paired-s03-20260925-shared-dur-spatial,c2c00e0d46b723f3ec2e48b406a41e04e478d08aec935bfb3615ce3bba52e2ba,True,False
ARC / U-Net / shared DUR,libero_spatial,pick_up_the_black_bowl_on_the_wooden_cabinet_and_place_it_on_the_plate,66.0,250,arc-paired-s03-20260925-shared-dur-spatial,c2c00e0d46b723f3ec2e48b406a41e04e478d08aec935bfb3615ce3bba52e2ba,True,False
ARC / U-Net / shared DUR,libero_object,pick_up_the_alphabet_soup_and_place_it_in_the_basket,87.2,250,arc-cache-arc-20260923-shared-dur-object,f1e8cecb681da6a947b08a8d5869d7f99f6c880b7017ee64b9d03d9cdb870c24,True,False
ARC / U-Net / shared DUR,libero_object,pick_up_the_bbq_sauce_and_place_it_in_the_basket,94.39999999999999,250,arc-cache-arc-20260923-shared-dur-object,f1e8cecb681da6a947b08a8d5869d7f99f6c880b7017ee64b9d03d9cdb870c24,True,False
ARC / U-Net / shared DUR,libero_object,pick_up_the_butter_and_place_it_in_the_basket,0.0,250,arc-cache-arc-20260923-shared-dur-object,f1e8cecb681da6a947b08a8d5869d7f99f6c880b7017ee64b9d03d9cdb870c24,True,False
ARC / U-Net / shared DUR,libero_object,pick_up_the_chocolate_pudding_and_place_it_in_the_basket,0.0,250,arc-cache-arc-20260923-shared-dur-object,f1e8cecb681da6a947b08a8d5869d7f99f6c880b7017ee64b9d03d9cdb870c24,True,False
ARC / U-Net / shared DUR,libero_object,pick_up_the_cream_cheese_and_place_it_in_the_basket,16.400000000000002,250,arc-cache-arc-20260923-shared-dur-object,f1e8cecb681da6a947b08a8d5869d7f99f6c880b7017ee64b9d03d9cdb870c24,True,False
ARC / U-Net / shared DUR,libero_object,pick_up_the_ketchup_and_place_it_in_the_basket,86.4,250,arc-cache-arc-20260923-shared-dur-object,f1e8cecb681da6a947b08a8d5869d7f99f6c880b7017ee64b9d03d9cdb870c24,True,False
ARC / U-Net / shared DUR,libero_object,pick_up_the_milk_and_place_it_in_the_basket,100.0,250,arc-cache-arc-20260923-shared-dur-object,f1e8cecb681da6a947b08a8d5869d7f99f6c880b7017ee64b9d03d9cdb870c24,True,False
ARC / U-Net / shared DUR,libero_object,pick_up_the_orange_juice_and_place_it_in_the_basket,90.4,250,arc-cache-arc-20260923-shared-dur-object,f1e8cecb681da6a947b08a8d5869d7f99f6c880b7017ee64b9d03d9cdb870c24,True,False
ARC / U-Net / shared DUR,libero_object,pick_up_the_salad_dressing_and_place_it_in_the_basket,100.0,250,arc-cache-arc-20260923-shared-dur-object,f1e8cecb681da6a947b08a8d5869d7f99f6c880b7017ee64b9d03d9cdb870c24,True,False
ARC / U-Net / shared DUR,libero_object,pick_up_the_tomato_sauce_and_place_it_in_the_basket,21.6,250,arc-cache-arc-20260923-shared-dur-object,f1e8cecb681da6a947b08a8d5869d7f99f6c880b7017ee64b9d03d9cdb870c24,True,False
ARC / U-Net / shared DUR,libero_goal,open_the_middle_drawer_of_the_cabinet,98.8,250,arc-cache-arc-20260923-shared-dur-goal,e07e4bf367ee153efe613c138b9ebf8208bd6b5a5350f8b73a5c9f6356ba1bd8,True,False
ARC / U-Net / shared DUR,libero_goal,open_the_top_drawer_and_put_the_bowl_inside,75.6,250,arc-cache-arc-20260923-shared-dur-goal,e07e4bf367ee153efe613c138b9ebf8208bd6b5a5350f8b73a5c9f6356ba1bd8,True,False
ARC / U-Net / shared DUR,libero_goal,push_the_plate_to_the_front_of_the_stove,74.8,250,arc-cache-arc-20260923-shared-dur-goal,e07e4bf367ee153efe613c138b9ebf8208bd6b5a5350f8b73a5c9f6356ba1bd8,True,False
ARC / U-Net / shared DUR,libero_goal,put_the_bowl_on_the_plate,92.4,250,arc-cache-arc-20260923-shared-dur-goal,e07e4bf367ee153efe613c138b9ebf8208bd6b5a5350f8b73a5c9f6356ba1bd8,True,False
ARC / U-Net / shared DUR,libero_goal,put_the_bowl_on_the_stove,98.4,250,arc-cache-arc-20260923-shared-dur-goal,e07e4bf367ee153efe613c138b9ebf8208bd6b5a5350f8b73a5c9f6356ba1bd8,True,False
ARC / U-Net / shared DUR,libero_goal,put_the_bowl_on_top_of_the_cabinet,99.6,250,arc-cache-arc-20260923-shared-dur-goal,e07e4bf367ee153efe613c138b9ebf8208bd6b5a5350f8b73a5c9f6356ba1bd8,True,False
ARC / U-Net / shared DUR,libero_goal,put_the_cream_cheese_in_the_bowl,78.8,250,arc-cache-arc-20260923-shared-dur-goal,e07e4bf367ee153efe613c138b9ebf8208bd6b5a5350f8b73a5c9f6356ba1bd8,True,False
ARC / U-Net / shared DUR,libero_goal,put_the_wine_bottle_on_the_rack,85.2,250,arc-cache-arc-20260923-shared-dur-goal,e07e4bf367ee153efe613c138b9ebf8208bd6b5a5350f8b73a5c9f6356ba1bd8,True,False
ARC / U-Net / shared DUR,libero_goal,put_the_wine_bottle_on_top_of_the_cabinet,86.0,250,arc-cache-arc-20260923-shared-dur-goal,e07e4bf367ee153efe613c138b9ebf8208bd6b5a5350f8b73a5c9f6356ba1bd8,True,False
ARC / U-Net / shared DUR,libero_goal,turn_on_the_stove,100.0,250,arc-cache-arc-20260923-shared-dur-goal,e07e4bf367ee153efe613c138b9ebf8208bd6b5a5350f8b73a5c9f6356ba1bd8,True,False
ARC / U-Net / shared DUR,libero_10,KITCHEN_SCENE3_turn_on_the_stove_and_put_the_moka_pot_on_it,88.0,250,arc-paired-s03-20260925-shared-dur-10,6870f74e903d8acdf823a783dbf1531eebefbdcdb3746a0263db2666ef229d9b,True,False
ARC / U-Net / shared DUR,libero_10,KITCHEN_SCENE4_put_the_black_bowl_in_the_bottom_drawer_of_the_cabinet_and_close_it,83.2,250,arc-paired-s03-20260925-shared-dur-10,6870f74e903d8acdf823a783dbf1531eebefbdcdb3746a0263db2666ef229d9b,True,False
ARC / U-Net / shared DUR,libero_10,KITCHEN_SCENE6_put_the_yellow_and_white_mug_in_the_microwave_and_close_it,61.6,250,arc-paired-s03-20260925-shared-dur-10,6870f74e903d8acdf823a783dbf1531eebefbdcdb3746a0263db2666ef229d9b,True,False
ARC / U-Net / shared DUR,libero_10,KITCHEN_SCENE8_put_both_moka_pots_on_the_stove,24.4,250,arc-paired-s03-20260925-shared-dur-10,6870f74e903d8acdf823a783dbf1531eebefbdcdb3746a0263db2666ef229d9b,True,False
ARC / U-Net / shared DUR,libero_10,LIVING_ROOM_SCENE1_put_both_the_alphabet_soup_and_the_cream_cheese_box_in_the_basket,35.6,250,arc-paired-s03-20260925-shared-dur-10,6870f74e903d8acdf823a783dbf1531eebefbdcdb3746a0263db2666ef229d9b,True,False
ARC / U-Net / shared DUR,libero_10,LIVING_ROOM_SCENE2_put_both_the_alphabet_soup_and_the_tomato_sauce_in_the_basket,43.2,250,arc-paired-s03-20260925-shared-dur-10,6870f74e903d8acdf823a783dbf1531eebefbdcdb3746a0263db2666ef229d9b,True,False
ARC / U-Net / shared DUR,libero_10,LIVING_ROOM_SCENE2_put_both_the_cream_cheese_box_and_the_butter_in_the_basket,50.0,250,arc-paired-s03-20260925-shared-dur-10,6870f74e903d8acdf823a783dbf1531eebefbdcdb3746a0263db2666ef229d9b,True,False
ARC / U-Net / shared DUR,libero_10,LIVING_ROOM_SCENE5_put_the_white_mug_on_the_left_plate_and_put_the_yellow_and_white_mug_on_the_right_plate,35.199999999999996,250,arc-paired-s03-20260925-shared-dur-10,6870f74e903d8acdf823a783dbf1531eebefbdcdb3746a0263db2666ef229d9b,True,False
ARC / U-Net / shared DUR,libero_10,LIVING_ROOM_SCENE6_put_the_white_mug_on_the_plate_and_put_the_chocolate_pudding_to_the_right_of_the_plate,30.4,250,arc-paired-s03-20260925-shared-dur-10,6870f74e903d8acdf823a783dbf1531eebefbdcdb3746a0263db2666ef229d9b,True,False
ARC / U-Net / shared DUR,libero_10,STUDY_SCENE1_pick_up_the_book_and_place_it_in_the_back_compartment_of_the_caddy,83.6,250,arc-paired-s03-20260925-shared-dur-10,6870f74e903d8acdf823a783dbf1531eebefbdcdb3746a0263db2666ef229d9b,True,False
Plain DP / OAT-DP,libero_spatial,pick_up_the_black_bowl_between_the_plate_and_the_ramekin_and_place_it_on_the_plate,62.8,250,dp-eval-r4-20260926-oat-spatial,da15c49fad7850e8a752221ee3318ebc261fd45fb8d6d6be6237ab1f2348a121,True,False
Plain DP / OAT-DP,libero_spatial,pick_up_the_black_bowl_from_table_center_and_place_it_on_the_plate,87.6,250,dp-eval-r4-20260926-oat-spatial,da15c49fad7850e8a752221ee3318ebc261fd45fb8d6d6be6237ab1f2348a121,True,False
Plain DP / OAT-DP,libero_spatial,pick_up_the_black_bowl_in_the_top_drawer_of_the_wooden_cabinet_and_place_it_on_the_plate,70.39999999999999,250,dp-eval-r4-20260926-oat-spatial,da15c49fad7850e8a752221ee3318ebc261fd45fb8d6d6be6237ab1f2348a121,True,False
Plain DP / OAT-DP,libero_spatial,pick_up_the_black_bowl_next_to_the_cookie_box_and_place_it_on_the_plate,92.0,250,dp-eval-r4-20260926-oat-spatial,da15c49fad7850e8a752221ee3318ebc261fd45fb8d6d6be6237ab1f2348a121,True,False
Plain DP / OAT-DP,libero_spatial,pick_up_the_black_bowl_next_to_the_plate_and_place_it_on_the_plate,50.8,250,dp-eval-r4-20260926-oat-spatial,da15c49fad7850e8a752221ee3318ebc261fd45fb8d6d6be6237ab1f2348a121,True,False
Plain DP / OAT-DP,libero_spatial,pick_up_the_black_bowl_next_to_the_ramekin_and_place_it_on_the_plate,63.6,250,dp-eval-r4-20260926-oat-spatial,da15c49fad7850e8a752221ee3318ebc261fd45fb8d6d6be6237ab1f2348a121,True,False
Plain DP / OAT-DP,libero_spatial,pick_up_the_black_bowl_on_the_cookie_box_and_place_it_on_the_plate,90.0,250,dp-eval-r4-20260926-oat-spatial,da15c49fad7850e8a752221ee3318ebc261fd45fb8d6d6be6237ab1f2348a121,True,False
Plain DP / OAT-DP,libero_spatial,pick_up_the_black_bowl_on_the_ramekin_and_place_it_on_the_plate,10.0,250,dp-eval-r4-20260926-oat-spatial,da15c49fad7850e8a752221ee3318ebc261fd45fb8d6d6be6237ab1f2348a121,True,False
Plain DP / OAT-DP,libero_spatial,pick_up_the_black_bowl_on_the_stove_and_place_it_on_the_plate,80.4,250,dp-eval-r4-20260926-oat-spatial,da15c49fad7850e8a752221ee3318ebc261fd45fb8d6d6be6237ab1f2348a121,True,False
Plain DP / OAT-DP,libero_spatial,pick_up_the_black_bowl_on_the_wooden_cabinet_and_place_it_on_the_plate,37.6,250,dp-eval-r4-20260926-oat-spatial,da15c49fad7850e8a752221ee3318ebc261fd45fb8d6d6be6237ab1f2348a121,True,False
Plain DP / OAT-DP,libero_object,pick_up_the_alphabet_soup_and_place_it_in_the_basket,0.0,250,dp-eval-r4-20260926-oat-object,36b95626356ef8b9d3fe4858d0247e96fe1c9fdc9d23c41e786e221ff97d5372,True,True
Plain DP / OAT-DP,libero_object,pick_up_the_bbq_sauce_and_place_it_in_the_basket,0.0,250,dp-eval-r4-20260926-oat-object,36b95626356ef8b9d3fe4858d0247e96fe1c9fdc9d23c41e786e221ff97d5372,True,True
Plain DP / OAT-DP,libero_object,pick_up_the_butter_and_place_it_in_the_basket,0.0,250,dp-eval-r4-20260926-oat-object,36b95626356ef8b9d3fe4858d0247e96fe1c9fdc9d23c41e786e221ff97d5372,True,True
Plain DP / OAT-DP,libero_object,pick_up_the_chocolate_pudding_and_place_it_in_the_basket,0.0,250,dp-eval-r4-20260926-oat-object,36b95626356ef8b9d3fe4858d0247e96fe1c9fdc9d23c41e786e221ff97d5372,True,True
Plain DP / OAT-DP,libero_object,pick_up_the_cream_cheese_and_place_it_in_the_basket,0.0,250,dp-eval-r4-20260926-oat-object,36b95626356ef8b9d3fe4858d0247e96fe1c9fdc9d23c41e786e221ff97d5372,True,True
Plain DP / OAT-DP,libero_object,pick_up_the_ketchup_and_place_it_in_the_basket,0.0,250,dp-eval-r4-20260926-oat-object,36b95626356ef8b9d3fe4858d0247e96fe1c9fdc9d23c41e786e221ff97d5372,True,True
Plain DP / OAT-DP,libero_object,pick_up_the_milk_and_place_it_in_the_basket,0.0,250,dp-eval-r4-20260926-oat-object,36b95626356ef8b9d3fe4858d0247e96fe1c9fdc9d23c41e786e221ff97d5372,True,True
Plain DP / OAT-DP,libero_object,pick_up_the_orange_juice_and_place_it_in_the_basket,0.0,250,dp-eval-r4-20260926-oat-object,36b95626356ef8b9d3fe4858d0247e96fe1c9fdc9d23c41e786e221ff97d5372,True,True
Plain DP / OAT-DP,libero_object,pick_up_the_salad_dressing_and_place_it_in_the_basket,0.0,250,dp-eval-r4-20260926-oat-object,36b95626356ef8b9d3fe4858d0247e96fe1c9fdc9d23c41e786e221ff97d5372,True,True
Plain DP / OAT-DP,libero_object,pick_up_the_tomato_sauce_and_place_it_in_the_basket,0.0,250,dp-eval-r4-20260926-oat-object,36b95626356ef8b9d3fe4858d0247e96fe1c9fdc9d23c41e786e221ff97d5372,True,True
Plain DP / OAT-DP,libero_goal,open_the_middle_drawer_of_the_cabinet,98.8,250,dp-eval-r4-20260926-oat-goal,91f3deca364f03abeeed4331985726631fee05f0c86e8933efae6bab32d39938,True,False
Plain DP / OAT-DP,libero_goal,open_the_top_drawer_and_put_the_bowl_inside,62.4,250,dp-eval-r4-20260926-oat-goal,91f3deca364f03abeeed4331985726631fee05f0c86e8933efae6bab32d39938,True,False
Plain DP / OAT-DP,libero_goal,push_the_plate_to_the_front_of_the_stove,86.8,250,dp-eval-r4-20260926-oat-goal,91f3deca364f03abeeed4331985726631fee05f0c86e8933efae6bab32d39938,True,False
Plain DP / OAT-DP,libero_goal,put_the_bowl_on_the_plate,88.0,250,dp-eval-r4-20260926-oat-goal,91f3deca364f03abeeed4331985726631fee05f0c86e8933efae6bab32d39938,True,False
Plain DP / OAT-DP,libero_goal,put_the_bowl_on_the_stove,91.2,250,dp-eval-r4-20260926-oat-goal,91f3deca364f03abeeed4331985726631fee05f0c86e8933efae6bab32d39938,True,False
Plain DP / OAT-DP,libero_goal,put_the_bowl_on_top_of_the_cabinet,83.6,250,dp-eval-r4-20260926-oat-goal,91f3deca364f03abeeed4331985726631fee05f0c86e8933efae6bab32d39938,True,False
Plain DP / OAT-DP,libero_goal,put_the_cream_cheese_in_the_bowl,59.199999999999996,250,dp-eval-r4-20260926-oat-goal,91f3deca364f03abeeed4331985726631fee05f0c86e8933efae6bab32d39938,True,False
Plain DP / OAT-DP,libero_goal,put_the_wine_bottle_on_the_rack,89.2,250,dp-eval-r4-20260926-oat-goal,91f3deca364f03abeeed4331985726631fee05f0c86e8933efae6bab32d39938,True,False
Plain DP / OAT-DP,libero_goal,put_the_wine_bottle_on_top_of_the_cabinet,82.39999999999999,250,dp-eval-r4-20260926-oat-goal,91f3deca364f03abeeed4331985726631fee05f0c86e8933efae6bab32d39938,True,False
Plain DP / OAT-DP,libero_goal,turn_on_the_stove,89.60000000000001,250,dp-eval-r4-20260926-oat-goal,91f3deca364f03abeeed4331985726631fee05f0c86e8933efae6bab32d39938,True,False
Plain DP / OAT-DP,libero_10,KITCHEN_SCENE3_turn_on_the_stove_and_put_the_moka_pot_on_it,79.60000000000001,250,dp-eval-r4-20260926-oat-10,ae04e5966c0169e162bb91244f8768eea396c4599c3d22cb465965202959f679,True,False
Plain DP / OAT-DP,libero_10,KITCHEN_SCENE4_put_the_black_bowl_in_the_bottom_drawer_of_the_cabinet_and_close_it,98.4,250,dp-eval-r4-20260926-oat-10,ae04e5966c0169e162bb91244f8768eea396c4599c3d22cb465965202959f679,True,False
Plain DP / OAT-DP,libero_10,KITCHEN_SCENE6_put_the_yellow_and_white_mug_in_the_microwave_and_close_it,82.0,250,dp-eval-r4-20260926-oat-10,ae04e5966c0169e162bb91244f8768eea396c4599c3d22cb465965202959f679,True,False
Plain DP / OAT-DP,libero_10,KITCHEN_SCENE8_put_both_moka_pots_on_the_stove,53.2,250,dp-eval-r4-20260926-oat-10,ae04e5966c0169e162bb91244f8768eea396c4599c3d22cb465965202959f679,True,False
Plain DP / OAT-DP,libero_10,LIVING_ROOM_SCENE1_put_both_the_alphabet_soup_and_the_cream_cheese_box_in_the_basket,72.0,250,dp-eval-r4-20260926-oat-10,ae04e5966c0169e162bb91244f8768eea396c4599c3d22cb465965202959f679,True,False
Plain DP / OAT-DP,libero_10,LIVING_ROOM_SCENE2_put_both_the_alphabet_soup_and_the_tomato_sauce_in_the_basket,36.4,250,dp-eval-r4-20260926-oat-10,ae04e5966c0169e162bb91244f8768eea396c4599c3d22cb465965202959f679,True,False
Plain DP / OAT-DP,libero_10,LIVING_ROOM_SCENE2_put_both_the_cream_cheese_box_and_the_butter_in_the_basket,10.8,250,dp-eval-r4-20260926-oat-10,ae04e5966c0169e162bb91244f8768eea396c4599c3d22cb465965202959f679,True,False
Plain DP / OAT-DP,libero_10,LIVING_ROOM_SCENE5_put_the_white_mug_on_the_left_plate_and_put_the_yellow_and_white_mug_on_the_right_plate,45.2,250,dp-eval-r4-20260926-oat-10,ae04e5966c0169e162bb91244f8768eea396c4599c3d22cb465965202959f679,True,False
Plain DP / OAT-DP,libero_10,LIVING_ROOM_SCENE6_put_the_white_mug_on_the_plate_and_put_the_chocolate_pudding_to_the_right_of_the_plate,33.2,250,dp-eval-r4-20260926-oat-10,ae04e5966c0169e162bb91244f8768eea396c4599c3d22cb465965202959f679,True,False
Plain DP / OAT-DP,libero_10,STUDY_SCENE1_pick_up_the_book_and_place_it_in_the_back_compartment_of_the_caddy,94.39999999999999,250,dp-eval-r4-20260926-oat-10,ae04e5966c0169e162bb91244f8768eea396c4599c3d22cb465965202959f679,True,False
ARC / OAT-DP / STK1,libero_spatial,pick_up_the_black_bowl_between_the_plate_and_the_ramekin_and_place_it_on_the_plate,75.6,250,arc-dpr-20260925-stk1-spatial,7a94e901cc426bda14265f4e0fb1434039a5866f1d71f99dafb4f2df446ff3ac,True,False
ARC / OAT-DP / STK1,libero_spatial,pick_up_the_black_bowl_from_table_center_and_place_it_on_the_plate,93.60000000000001,250,arc-dpr-20260925-stk1-spatial,7a94e901cc426bda14265f4e0fb1434039a5866f1d71f99dafb4f2df446ff3ac,True,False
ARC / OAT-DP / STK1,libero_spatial,pick_up_the_black_bowl_in_the_top_drawer_of_the_wooden_cabinet_and_place_it_on_the_plate,92.4,250,arc-dpr-20260925-stk1-spatial,7a94e901cc426bda14265f4e0fb1434039a5866f1d71f99dafb4f2df446ff3ac,True,False
ARC / OAT-DP / STK1,libero_spatial,pick_up_the_black_bowl_next_to_the_cookie_box_and_place_it_on_the_plate,87.6,250,arc-dpr-20260925-stk1-spatial,7a94e901cc426bda14265f4e0fb1434039a5866f1d71f99dafb4f2df446ff3ac,True,False
ARC / OAT-DP / STK1,libero_spatial,pick_up_the_black_bowl_next_to_the_plate_and_place_it_on_the_plate,65.60000000000001,250,arc-dpr-20260925-stk1-spatial,7a94e901cc426bda14265f4e0fb1434039a5866f1d71f99dafb4f2df446ff3ac,True,False
ARC / OAT-DP / STK1,libero_spatial,pick_up_the_black_bowl_next_to_the_ramekin_and_place_it_on_the_plate,87.6,250,arc-dpr-20260925-stk1-spatial,7a94e901cc426bda14265f4e0fb1434039a5866f1d71f99dafb4f2df446ff3ac,True,False
ARC / OAT-DP / STK1,libero_spatial,pick_up_the_black_bowl_on_the_cookie_box_and_place_it_on_the_plate,84.39999999999999,250,arc-dpr-20260925-stk1-spatial,7a94e901cc426bda14265f4e0fb1434039a5866f1d71f99dafb4f2df446ff3ac,True,False
ARC / OAT-DP / STK1,libero_spatial,pick_up_the_black_bowl_on_the_ramekin_and_place_it_on_the_plate,17.2,250,arc-dpr-20260925-stk1-spatial,7a94e901cc426bda14265f4e0fb1434039a5866f1d71f99dafb4f2df446ff3ac,True,False
ARC / OAT-DP / STK1,libero_spatial,pick_up_the_black_bowl_on_the_stove_and_place_it_on_the_plate,83.6,250,arc-dpr-20260925-stk1-spatial,7a94e901cc426bda14265f4e0fb1434039a5866f1d71f99dafb4f2df446ff3ac,True,False
ARC / OAT-DP / STK1,libero_spatial,pick_up_the_black_bowl_on_the_wooden_cabinet_and_place_it_on_the_plate,74.0,250,arc-dpr-20260925-stk1-spatial,7a94e901cc426bda14265f4e0fb1434039a5866f1d71f99dafb4f2df446ff3ac,True,False
ARC / OAT-DP / STK1,libero_goal,open_the_middle_drawer_of_the_cabinet,98.0,250,arc-dp-20260924-stk1-goal,dc21a019da685e023970e773e910b9827585651aa86bd3d6e49f4941a711b659,True,False
ARC / OAT-DP / STK1,libero_goal,open_the_top_drawer_and_put_the_bowl_inside,74.0,250,arc-dp-20260924-stk1-goal,dc21a019da685e023970e773e910b9827585651aa86bd3d6e49f4941a711b659,True,False
ARC / OAT-DP / STK1,libero_goal,push_the_plate_to_the_front_of_the_stove,90.4,250,arc-dp-20260924-stk1-goal,dc21a019da685e023970e773e910b9827585651aa86bd3d6e49f4941a711b659,True,False
ARC / OAT-DP / STK1,libero_goal,put_the_bowl_on_the_plate,86.0,250,arc-dp-20260924-stk1-goal,dc21a019da685e023970e773e910b9827585651aa86bd3d6e49f4941a711b659,True,False
ARC / OAT-DP / STK1,libero_goal,put_the_bowl_on_the_stove,88.4,250,arc-dp-20260924-stk1-goal,dc21a019da685e023970e773e910b9827585651aa86bd3d6e49f4941a711b659,True,False
ARC / OAT-DP / STK1,libero_goal,put_the_bowl_on_top_of_the_cabinet,98.4,250,arc-dp-20260924-stk1-goal,dc21a019da685e023970e773e910b9827585651aa86bd3d6e49f4941a711b659,True,False
ARC / OAT-DP / STK1,libero_goal,put_the_cream_cheese_in_the_bowl,68.0,250,arc-dp-20260924-stk1-goal,dc21a019da685e023970e773e910b9827585651aa86bd3d6e49f4941a711b659,True,False
ARC / OAT-DP / STK1,libero_goal,put_the_wine_bottle_on_the_rack,81.6,250,arc-dp-20260924-stk1-goal,dc21a019da685e023970e773e910b9827585651aa86bd3d6e49f4941a711b659,True,False
ARC / OAT-DP / STK1,libero_goal,put_the_wine_bottle_on_top_of_the_cabinet,87.6,250,arc-dp-20260924-stk1-goal,dc21a019da685e023970e773e910b9827585651aa86bd3d6e49f4941a711b659,True,False
ARC / OAT-DP / STK1,libero_goal,turn_on_the_stove,97.6,250,arc-dp-20260924-stk1-goal,dc21a019da685e023970e773e910b9827585651aa86bd3d6e49f4941a711b659,True,False
ARC / OAT-DP / STK1,libero_10,KITCHEN_SCENE3_turn_on_the_stove_and_put_the_moka_pot_on_it,92.4,250,arc-dp-l40s-20260924-stk1-10,b555b6d4038bf44364ea730e3fc51c04428704416f45d402c3d068c8ae5cfb86,True,False
ARC / OAT-DP / STK1,libero_10,KITCHEN_SCENE4_put_the_black_bowl_in_the_bottom_drawer_of_the_cabinet_and_close_it,97.6,250,arc-dp-l40s-20260924-stk1-10,b555b6d4038bf44364ea730e3fc51c04428704416f45d402c3d068c8ae5cfb86,True,False
ARC / OAT-DP / STK1,libero_10,KITCHEN_SCENE6_put_the_yellow_and_white_mug_in_the_microwave_and_close_it,82.0,250,arc-dp-l40s-20260924-stk1-10,b555b6d4038bf44364ea730e3fc51c04428704416f45d402c3d068c8ae5cfb86,True,False
ARC / OAT-DP / STK1,libero_10,KITCHEN_SCENE8_put_both_moka_pots_on_the_stove,71.2,250,arc-dp-l40s-20260924-stk1-10,b555b6d4038bf44364ea730e3fc51c04428704416f45d402c3d068c8ae5cfb86,True,False
ARC / OAT-DP / STK1,libero_10,LIVING_ROOM_SCENE1_put_both_the_alphabet_soup_and_the_cream_cheese_box_in_the_basket,62.4,250,arc-dp-l40s-20260924-stk1-10,b555b6d4038bf44364ea730e3fc51c04428704416f45d402c3d068c8ae5cfb86,True,False
ARC / OAT-DP / STK1,libero_10,LIVING_ROOM_SCENE2_put_both_the_alphabet_soup_and_the_tomato_sauce_in_the_basket,21.6,250,arc-dp-l40s-20260924-stk1-10,b555b6d4038bf44364ea730e3fc51c04428704416f45d402c3d068c8ae5cfb86,True,False
ARC / OAT-DP / STK1,libero_10,LIVING_ROOM_SCENE2_put_both_the_cream_cheese_box_and_the_butter_in_the_basket,13.600000000000001,250,arc-dp-l40s-20260924-stk1-10,b555b6d4038bf44364ea730e3fc51c04428704416f45d402c3d068c8ae5cfb86,True,False
ARC / OAT-DP / STK1,libero_10,LIVING_ROOM_SCENE5_put_the_white_mug_on_the_left_plate_and_put_the_yellow_and_white_mug_on_the_right_plate,70.8,250,arc-dp-l40s-20260924-stk1-10,b555b6d4038bf44364ea730e3fc51c04428704416f45d402c3d068c8ae5cfb86,True,False
ARC / OAT-DP / STK1,libero_10,LIVING_ROOM_SCENE6_put_the_white_mug_on_the_plate_and_put_the_chocolate_pudding_to_the_right_of_the_plate,70.0,250,arc-dp-l40s-20260924-stk1-10,b555b6d4038bf44364ea730e3fc51c04428704416f45d402c3d068c8ae5cfb86,True,False
ARC / OAT-DP / STK1,libero_10,STUDY_SCENE1_pick_up_the_book_and_place_it_in_the_back_compartment_of_the_caddy,97.2,250,arc-dp-l40s-20260924-stk1-10,b555b6d4038bf44364ea730e3fc51c04428704416f45d402c3d068c8ae5cfb86,True,False
ARC / OAT-DP / STK2,libero_spatial,pick_up_the_black_bowl_between_the_plate_and_the_ramekin_and_place_it_on_the_plate,74.0,250,arc-dpr-20260925-stk2-spatial,57bd8c96d93de388380767edb18e5a43308a1b4fbdd6cf37b5be6542c86a7df4,True,False
ARC / OAT-DP / STK2,libero_spatial,pick_up_the_black_bowl_from_table_center_and_place_it_on_the_plate,94.0,250,arc-dpr-20260925-stk2-spatial,57bd8c96d93de388380767edb18e5a43308a1b4fbdd6cf37b5be6542c86a7df4,True,False
ARC / OAT-DP / STK2,libero_spatial,pick_up_the_black_bowl_in_the_top_drawer_of_the_wooden_cabinet_and_place_it_on_the_plate,88.8,250,arc-dpr-20260925-stk2-spatial,57bd8c96d93de388380767edb18e5a43308a1b4fbdd6cf37b5be6542c86a7df4,True,False
ARC / OAT-DP / STK2,libero_spatial,pick_up_the_black_bowl_next_to_the_cookie_box_and_place_it_on_the_plate,92.4,250,arc-dpr-20260925-stk2-spatial,57bd8c96d93de388380767edb18e5a43308a1b4fbdd6cf37b5be6542c86a7df4,True,False
ARC / OAT-DP / STK2,libero_spatial,pick_up_the_black_bowl_next_to_the_plate_and_place_it_on_the_plate,64.8,250,arc-dpr-20260925-stk2-spatial,57bd8c96d93de388380767edb18e5a43308a1b4fbdd6cf37b5be6542c86a7df4,True,False
ARC / OAT-DP / STK2,libero_spatial,pick_up_the_black_bowl_next_to_the_ramekin_and_place_it_on_the_plate,91.2,250,arc-dpr-20260925-stk2-spatial,57bd8c96d93de388380767edb18e5a43308a1b4fbdd6cf37b5be6542c86a7df4,True,False
ARC / OAT-DP / STK2,libero_spatial,pick_up_the_black_bowl_on_the_cookie_box_and_place_it_on_the_plate,83.6,250,arc-dpr-20260925-stk2-spatial,57bd8c96d93de388380767edb18e5a43308a1b4fbdd6cf37b5be6542c86a7df4,True,False
ARC / OAT-DP / STK2,libero_spatial,pick_up_the_black_bowl_on_the_ramekin_and_place_it_on_the_plate,11.200000000000001,250,arc-dpr-20260925-stk2-spatial,57bd8c96d93de388380767edb18e5a43308a1b4fbdd6cf37b5be6542c86a7df4,True,False
ARC / OAT-DP / STK2,libero_spatial,pick_up_the_black_bowl_on_the_stove_and_place_it_on_the_plate,82.39999999999999,250,arc-dpr-20260925-stk2-spatial,57bd8c96d93de388380767edb18e5a43308a1b4fbdd6cf37b5be6542c86a7df4,True,False
ARC / OAT-DP / STK2,libero_spatial,pick_up_the_black_bowl_on_the_wooden_cabinet_and_place_it_on_the_plate,79.2,250,arc-dpr-20260925-stk2-spatial,57bd8c96d93de388380767edb18e5a43308a1b4fbdd6cf37b5be6542c86a7df4,True,False
ARC / OAT-DP / STK2,libero_object,pick_up_the_alphabet_soup_and_place_it_in_the_basket,0.0,250,arc-dpr-20260925-stk2-object,c77858150ad45ad622e464985d46534a55996067bbeb91b0064398d6682cfb5f,True,True
ARC / OAT-DP / STK2,libero_object,pick_up_the_bbq_sauce_and_place_it_in_the_basket,0.0,250,arc-dpr-20260925-stk2-object,c77858150ad45ad622e464985d46534a55996067bbeb91b0064398d6682cfb5f,True,True
ARC / OAT-DP / STK2,libero_object,pick_up_the_butter_and_place_it_in_the_basket,0.0,250,arc-dpr-20260925-stk2-object,c77858150ad45ad622e464985d46534a55996067bbeb91b0064398d6682cfb5f,True,True
ARC / OAT-DP / STK2,libero_object,pick_up_the_chocolate_pudding_and_place_it_in_the_basket,0.0,250,arc-dpr-20260925-stk2-object,c77858150ad45ad622e464985d46534a55996067bbeb91b0064398d6682cfb5f,True,True
ARC / OAT-DP / STK2,libero_object,pick_up_the_cream_cheese_and_place_it_in_the_basket,0.0,250,arc-dpr-20260925-stk2-object,c77858150ad45ad622e464985d46534a55996067bbeb91b0064398d6682cfb5f,True,True
ARC / OAT-DP / STK2,libero_object,pick_up_the_ketchup_and_place_it_in_the_basket,0.0,250,arc-dpr-20260925-stk2-object,c77858150ad45ad622e464985d46534a55996067bbeb91b0064398d6682cfb5f,True,True
ARC / OAT-DP / STK2,libero_object,pick_up_the_milk_and_place_it_in_the_basket,0.0,250,arc-dpr-20260925-stk2-object,c77858150ad45ad622e464985d46534a55996067bbeb91b0064398d6682cfb5f,True,True
ARC / OAT-DP / STK2,libero_object,pick_up_the_orange_juice_and_place_it_in_the_basket,0.0,250,arc-dpr-20260925-stk2-object,c77858150ad45ad622e464985d46534a55996067bbeb91b0064398d6682cfb5f,True,True
ARC / OAT-DP / STK2,libero_object,pick_up_the_salad_dressing_and_place_it_in_the_basket,0.0,250,arc-dpr-20260925-stk2-object,c77858150ad45ad622e464985d46534a55996067bbeb91b0064398d6682cfb5f,True,True
ARC / OAT-DP / STK2,libero_object,pick_up_the_tomato_sauce_and_place_it_in_the_basket,0.0,250,arc-dpr-20260925-stk2-object,c77858150ad45ad622e464985d46534a55996067bbeb91b0064398d6682cfb5f,True,True
ARC / OAT-DP / STK2,libero_goal,open_the_middle_drawer_of_the_cabinet,98.0,250,arc-dp-20260924-stk2-goal,6907abe74216040cee17417a21be5f20255203d4ddfd51ba4ba25887e3abcae4,True,False
ARC / OAT-DP / STK2,libero_goal,open_the_top_drawer_and_put_the_bowl_inside,62.0,250,arc-dp-20260924-stk2-goal,6907abe74216040cee17417a21be5f20255203d4ddfd51ba4ba25887e3abcae4,True,False
ARC / OAT-DP / STK2,libero_goal,push_the_plate_to_the_front_of_the_stove,83.2,250,arc-dp-20260924-stk2-goal,6907abe74216040cee17417a21be5f20255203d4ddfd51ba4ba25887e3abcae4,True,False
ARC / OAT-DP / STK2,libero_goal,put_the_bowl_on_the_plate,88.4,250,arc-dp-20260924-stk2-goal,6907abe74216040cee17417a21be5f20255203d4ddfd51ba4ba25887e3abcae4,True,False
ARC / OAT-DP / STK2,libero_goal,put_the_bowl_on_the_stove,92.4,250,arc-dp-20260924-stk2-goal,6907abe74216040cee17417a21be5f20255203d4ddfd51ba4ba25887e3abcae4,True,False
ARC / OAT-DP / STK2,libero_goal,put_the_bowl_on_top_of_the_cabinet,90.4,250,arc-dp-20260924-stk2-goal,6907abe74216040cee17417a21be5f20255203d4ddfd51ba4ba25887e3abcae4,True,False
ARC / OAT-DP / STK2,libero_goal,put_the_cream_cheese_in_the_bowl,51.6,250,arc-dp-20260924-stk2-goal,6907abe74216040cee17417a21be5f20255203d4ddfd51ba4ba25887e3abcae4,True,False
ARC / OAT-DP / STK2,libero_goal,put_the_wine_bottle_on_the_rack,62.8,250,arc-dp-20260924-stk2-goal,6907abe74216040cee17417a21be5f20255203d4ddfd51ba4ba25887e3abcae4,True,False
ARC / OAT-DP / STK2,libero_goal,put_the_wine_bottle_on_top_of_the_cabinet,84.8,250,arc-dp-20260924-stk2-goal,6907abe74216040cee17417a21be5f20255203d4ddfd51ba4ba25887e3abcae4,True,False
ARC / OAT-DP / STK2,libero_goal,turn_on_the_stove,99.6,250,arc-dp-20260924-stk2-goal,6907abe74216040cee17417a21be5f20255203d4ddfd51ba4ba25887e3abcae4,True,False
ARC / OAT-DP / STK2,libero_10,KITCHEN_SCENE3_turn_on_the_stove_and_put_the_moka_pot_on_it,94.0,250,arc-dp-l40s-20260924-stk2-10,c30bdd73b8dcb4806b9f446ae24fce1ad5eff744e8b090add7c270a41e7ab978,True,False
ARC / OAT-DP / STK2,libero_10,KITCHEN_SCENE4_put_the_black_bowl_in_the_bottom_drawer_of_the_cabinet_and_close_it,96.39999999999999,250,arc-dp-l40s-20260924-stk2-10,c30bdd73b8dcb4806b9f446ae24fce1ad5eff744e8b090add7c270a41e7ab978,True,False
ARC / OAT-DP / STK2,libero_10,KITCHEN_SCENE6_put_the_yellow_and_white_mug_in_the_microwave_and_close_it,92.0,250,arc-dp-l40s-20260924-stk2-10,c30bdd73b8dcb4806b9f446ae24fce1ad5eff744e8b090add7c270a41e7ab978,True,False
ARC / OAT-DP / STK2,libero_10,KITCHEN_SCENE8_put_both_moka_pots_on_the_stove,67.60000000000001,250,arc-dp-l40s-20260924-stk2-10,c30bdd73b8dcb4806b9f446ae24fce1ad5eff744e8b090add7c270a41e7ab978,True,False
ARC / OAT-DP / STK2,libero_10,LIVING_ROOM_SCENE1_put_both_the_alphabet_soup_and_the_cream_cheese_box_in_the_basket,80.0,250,arc-dp-l40s-20260924-stk2-10,c30bdd73b8dcb4806b9f446ae24fce1ad5eff744e8b090add7c270a41e7ab978,True,False
ARC / OAT-DP / STK2,libero_10,LIVING_ROOM_SCENE2_put_both_the_alphabet_soup_and_the_tomato_sauce_in_the_basket,39.6,250,arc-dp-l40s-20260924-stk2-10,c30bdd73b8dcb4806b9f446ae24fce1ad5eff744e8b090add7c270a41e7ab978,True,False
ARC / OAT-DP / STK2,libero_10,LIVING_ROOM_SCENE2_put_both_the_cream_cheese_box_and_the_butter_in_the_basket,6.0,250,arc-dp-l40s-20260924-stk2-10,c30bdd73b8dcb4806b9f446ae24fce1ad5eff744e8b090add7c270a41e7ab978,True,False
ARC / OAT-DP / STK2,libero_10,LIVING_ROOM_SCENE5_put_the_white_mug_on_the_left_plate_and_put_the_yellow_and_white_mug_on_the_right_plate,65.60000000000001,250,arc-dp-l40s-20260924-stk2-10,c30bdd73b8dcb4806b9f446ae24fce1ad5eff744e8b090add7c270a41e7ab978,True,False
ARC / OAT-DP / STK2,libero_10,LIVING_ROOM_SCENE6_put_the_white_mug_on_the_plate_and_put_the_chocolate_pudding_to_the_right_of_the_plate,60.4,250,arc-dp-l40s-20260924-stk2-10,c30bdd73b8dcb4806b9f446ae24fce1ad5eff744e8b090add7c270a41e7ab978,True,False
ARC / OAT-DP / STK2,libero_10,STUDY_SCENE1_pick_up_the_book_and_place_it_in_the_back_compartment_of_the_caddy,99.6,250,arc-dp-l40s-20260924-stk2-10,c30bdd73b8dcb4806b9f446ae24fce1ad5eff744e8b090add7c270a41e7ab978,True,False
ARC / OAT-DP / DUR1,libero_spatial,pick_up_the_black_bowl_between_the_plate_and_the_ramekin_and_place_it_on_the_plate,72.8,250,arc-dp-20260924-dur1-spatial,bd933cf50affc61dcb98e0bdc13a38f3c2215afce7567ef604b4181e3509291b,True,False
ARC / OAT-DP / DUR1,libero_spatial,pick_up_the_black_bowl_from_table_center_and_place_it_on_the_plate,90.8,250,arc-dp-20260924-dur1-spatial,bd933cf50affc61dcb98e0bdc13a38f3c2215afce7567ef604b4181e3509291b,True,False
ARC / OAT-DP / DUR1,libero_spatial,pick_up_the_black_bowl_in_the_top_drawer_of_the_wooden_cabinet_and_place_it_on_the_plate,85.2,250,arc-dp-20260924-dur1-spatial,bd933cf50affc61dcb98e0bdc13a38f3c2215afce7567ef604b4181e3509291b,True,False
ARC / OAT-DP / DUR1,libero_spatial,pick_up_the_black_bowl_next_to_the_cookie_box_and_place_it_on_the_plate,83.6,250,arc-dp-20260924-dur1-spatial,bd933cf50affc61dcb98e0bdc13a38f3c2215afce7567ef604b4181e3509291b,True,False
ARC / OAT-DP / DUR1,libero_spatial,pick_up_the_black_bowl_next_to_the_plate_and_place_it_on_the_plate,63.6,250,arc-dp-20260924-dur1-spatial,bd933cf50affc61dcb98e0bdc13a38f3c2215afce7567ef604b4181e3509291b,True,False
ARC / OAT-DP / DUR1,libero_spatial,pick_up_the_black_bowl_next_to_the_ramekin_and_place_it_on_the_plate,76.0,250,arc-dp-20260924-dur1-spatial,bd933cf50affc61dcb98e0bdc13a38f3c2215afce7567ef604b4181e3509291b,True,False
ARC / OAT-DP / DUR1,libero_spatial,pick_up_the_black_bowl_on_the_cookie_box_and_place_it_on_the_plate,90.0,250,arc-dp-20260924-dur1-spatial,bd933cf50affc61dcb98e0bdc13a38f3c2215afce7567ef604b4181e3509291b,True,False
ARC / OAT-DP / DUR1,libero_spatial,pick_up_the_black_bowl_on_the_ramekin_and_place_it_on_the_plate,22.0,250,arc-dp-20260924-dur1-spatial,bd933cf50affc61dcb98e0bdc13a38f3c2215afce7567ef604b4181e3509291b,True,False
ARC / OAT-DP / DUR1,libero_spatial,pick_up_the_black_bowl_on_the_stove_and_place_it_on_the_plate,86.8,250,arc-dp-20260924-dur1-spatial,bd933cf50affc61dcb98e0bdc13a38f3c2215afce7567ef604b4181e3509291b,True,False
ARC / OAT-DP / DUR1,libero_spatial,pick_up_the_black_bowl_on_the_wooden_cabinet_and_place_it_on_the_plate,66.8,250,arc-dp-20260924-dur1-spatial,bd933cf50affc61dcb98e0bdc13a38f3c2215afce7567ef604b4181e3509291b,True,False
ARC / OAT-DP / DUR1,libero_object,pick_up_the_alphabet_soup_and_place_it_in_the_basket,0.0,250,arc-dpr3-20260926-dur1-object,ab0763a88c35891ed2c930fcc0418820d3f48190ceb5dc19cba7d2f802258bfe,True,True
ARC / OAT-DP / DUR1,libero_object,pick_up_the_bbq_sauce_and_place_it_in_the_basket,0.0,250,arc-dpr3-20260926-dur1-object,ab0763a88c35891ed2c930fcc0418820d3f48190ceb5dc19cba7d2f802258bfe,True,True
ARC / OAT-DP / DUR1,libero_object,pick_up_the_butter_and_place_it_in_the_basket,0.0,250,arc-dpr3-20260926-dur1-object,ab0763a88c35891ed2c930fcc0418820d3f48190ceb5dc19cba7d2f802258bfe,True,True
ARC / OAT-DP / DUR1,libero_object,pick_up_the_chocolate_pudding_and_place_it_in_the_basket,0.0,250,arc-dpr3-20260926-dur1-object,ab0763a88c35891ed2c930fcc0418820d3f48190ceb5dc19cba7d2f802258bfe,True,True
ARC / OAT-DP / DUR1,libero_object,pick_up_the_cream_cheese_and_place_it_in_the_basket,0.0,250,arc-dpr3-20260926-dur1-object,ab0763a88c35891ed2c930fcc0418820d3f48190ceb5dc19cba7d2f802258bfe,True,True
ARC / OAT-DP / DUR1,libero_object,pick_up_the_ketchup_and_place_it_in_the_basket,0.0,250,arc-dpr3-20260926-dur1-object,ab0763a88c35891ed2c930fcc0418820d3f48190ceb5dc19cba7d2f802258bfe,True,True
ARC / OAT-DP / DUR1,libero_object,pick_up_the_milk_and_place_it_in_the_basket,0.0,250,arc-dpr3-20260926-dur1-object,ab0763a88c35891ed2c930fcc0418820d3f48190ceb5dc19cba7d2f802258bfe,True,True
ARC / OAT-DP / DUR1,libero_object,pick_up_the_orange_juice_and_place_it_in_the_basket,0.0,250,arc-dpr3-20260926-dur1-object,ab0763a88c35891ed2c930fcc0418820d3f48190ceb5dc19cba7d2f802258bfe,True,True
ARC / OAT-DP / DUR1,libero_object,pick_up_the_salad_dressing_and_place_it_in_the_basket,0.0,250,arc-dpr3-20260926-dur1-object,ab0763a88c35891ed2c930fcc0418820d3f48190ceb5dc19cba7d2f802258bfe,True,True
ARC / OAT-DP / DUR1,libero_object,pick_up_the_tomato_sauce_and_place_it_in_the_basket,0.0,250,arc-dpr3-20260926-dur1-object,ab0763a88c35891ed2c930fcc0418820d3f48190ceb5dc19cba7d2f802258bfe,True,True
ARC / OAT-DP / DUR1,libero_goal,open_the_middle_drawer_of_the_cabinet,96.8,250,arc-dpr3-20260926-dur1-goal,7053d962cf47ef068c8006adabfef31554cd8094f6d8480914e83451d72bd42d,True,False
ARC / OAT-DP / DUR1,libero_goal,open_the_top_drawer_and_put_the_bowl_inside,49.6,250,arc-dpr3-20260926-dur1-goal,7053d962cf47ef068c8006adabfef31554cd8094f6d8480914e83451d72bd42d,True,False
ARC / OAT-DP / DUR1,libero_goal,push_the_plate_to_the_front_of_the_stove,77.60000000000001,250,arc-dpr3-20260926-dur1-goal,7053d962cf47ef068c8006adabfef31554cd8094f6d8480914e83451d72bd42d,True,False
ARC / OAT-DP / DUR1,libero_goal,put_the_bowl_on_the_plate,79.60000000000001,250,arc-dpr3-20260926-dur1-goal,7053d962cf47ef068c8006adabfef31554cd8094f6d8480914e83451d72bd42d,True,False
ARC / OAT-DP / DUR1,libero_goal,put_the_bowl_on_the_stove,90.0,250,arc-dpr3-20260926-dur1-goal,7053d962cf47ef068c8006adabfef31554cd8094f6d8480914e83451d72bd42d,True,False
ARC / OAT-DP / DUR1,libero_goal,put_the_bowl_on_top_of_the_cabinet,95.6,250,arc-dpr3-20260926-dur1-goal,7053d962cf47ef068c8006adabfef31554cd8094f6d8480914e83451d72bd42d,True,False
ARC / OAT-DP / DUR1,libero_goal,put_the_cream_cheese_in_the_bowl,68.0,250,arc-dpr3-20260926-dur1-goal,7053d962cf47ef068c8006adabfef31554cd8094f6d8480914e83451d72bd42d,True,False
ARC / OAT-DP / DUR1,libero_goal,put_the_wine_bottle_on_the_rack,87.2,250,arc-dpr3-20260926-dur1-goal,7053d962cf47ef068c8006adabfef31554cd8094f6d8480914e83451d72bd42d,True,False
ARC / OAT-DP / DUR1,libero_goal,put_the_wine_bottle_on_top_of_the_cabinet,83.6,250,arc-dpr3-20260926-dur1-goal,7053d962cf47ef068c8006adabfef31554cd8094f6d8480914e83451d72bd42d,True,False
ARC / OAT-DP / DUR1,libero_goal,turn_on_the_stove,98.8,250,arc-dpr3-20260926-dur1-goal,7053d962cf47ef068c8006adabfef31554cd8094f6d8480914e83451d72bd42d,True,False
ARC / OAT-DP / DUR1,libero_10,KITCHEN_SCENE3_turn_on_the_stove_and_put_the_moka_pot_on_it,90.8,250,arc-dp-l40s-20260924-dur1-10,fd8bb7d8c5f62e96b7ce3c0f320eff4ec4b3fb84a169d5818e0f57dd30197e24,True,False
ARC / OAT-DP / DUR1,libero_10,KITCHEN_SCENE4_put_the_black_bowl_in_the_bottom_drawer_of_the_cabinet_and_close_it,96.0,250,arc-dp-l40s-20260924-dur1-10,fd8bb7d8c5f62e96b7ce3c0f320eff4ec4b3fb84a169d5818e0f57dd30197e24,True,False
ARC / OAT-DP / DUR1,libero_10,KITCHEN_SCENE6_put_the_yellow_and_white_mug_in_the_microwave_and_close_it,90.8,250,arc-dp-l40s-20260924-dur1-10,fd8bb7d8c5f62e96b7ce3c0f320eff4ec4b3fb84a169d5818e0f57dd30197e24,True,False
ARC / OAT-DP / DUR1,libero_10,KITCHEN_SCENE8_put_both_moka_pots_on_the_stove,77.2,250,arc-dp-l40s-20260924-dur1-10,fd8bb7d8c5f62e96b7ce3c0f320eff4ec4b3fb84a169d5818e0f57dd30197e24,True,False
ARC / OAT-DP / DUR1,libero_10,LIVING_ROOM_SCENE1_put_both_the_alphabet_soup_and_the_cream_cheese_box_in_the_basket,69.6,250,arc-dp-l40s-20260924-dur1-10,fd8bb7d8c5f62e96b7ce3c0f320eff4ec4b3fb84a169d5818e0f57dd30197e24,True,False
ARC / OAT-DP / DUR1,libero_10,LIVING_ROOM_SCENE2_put_both_the_alphabet_soup_and_the_tomato_sauce_in_the_basket,26.0,250,arc-dp-l40s-20260924-dur1-10,fd8bb7d8c5f62e96b7ce3c0f320eff4ec4b3fb84a169d5818e0f57dd30197e24,True,False
ARC / OAT-DP / DUR1,libero_10,LIVING_ROOM_SCENE2_put_both_the_cream_cheese_box_and_the_butter_in_the_basket,16.0,250,arc-dp-l40s-20260924-dur1-10,fd8bb7d8c5f62e96b7ce3c0f320eff4ec4b3fb84a169d5818e0f57dd30197e24,True,False
ARC / OAT-DP / DUR1,libero_10,LIVING_ROOM_SCENE5_put_the_white_mug_on_the_left_plate_and_put_the_yellow_and_white_mug_on_the_right_plate,64.0,250,arc-dp-l40s-20260924-dur1-10,fd8bb7d8c5f62e96b7ce3c0f320eff4ec4b3fb84a169d5818e0f57dd30197e24,True,False
ARC / OAT-DP / DUR1,libero_10,LIVING_ROOM_SCENE6_put_the_white_mug_on_the_plate_and_put_the_chocolate_pudding_to_the_right_of_the_plate,62.0,250,arc-dp-l40s-20260924-dur1-10,fd8bb7d8c5f62e96b7ce3c0f320eff4ec4b3fb84a169d5818e0f57dd30197e24,True,False
ARC / OAT-DP / DUR1,libero_10,STUDY_SCENE1_pick_up_the_book_and_place_it_in_the_back_compartment_of_the_caddy,95.19999999999999,250,arc-dp-l40s-20260924-dur1-10,fd8bb7d8c5f62e96b7ce3c0f320eff4ec4b3fb84a169d5818e0f57dd30197e24,True,False
ARC / OAT-DP / DUR2,libero_spatial,pick_up_the_black_bowl_between_the_plate_and_the_ramekin_and_place_it_on_the_plate,77.2,250,arc-dpr3-20260926-dur2-spatial,ed64a10db0b04b555668ee8699edc4bcd4281a204e60163fd19931e7a215277d,True,False
ARC / OAT-DP / DUR2,libero_spatial,pick_up_the_black_bowl_from_table_center_and_place_it_on_the_plate,90.4,250,arc-dpr3-20260926-dur2-spatial,ed64a10db0b04b555668ee8699edc4bcd4281a204e60163fd19931e7a215277d,True,False
ARC / OAT-DP / DUR2,libero_spatial,pick_up_the_black_bowl_in_the_top_drawer_of_the_wooden_cabinet_and_place_it_on_the_plate,90.4,250,arc-dpr3-20260926-dur2-spatial,ed64a10db0b04b555668ee8699edc4bcd4281a204e60163fd19931e7a215277d,True,False
ARC / OAT-DP / DUR2,libero_spatial,pick_up_the_black_bowl_next_to_the_cookie_box_and_place_it_on_the_plate,84.39999999999999,250,arc-dpr3-20260926-dur2-spatial,ed64a10db0b04b555668ee8699edc4bcd4281a204e60163fd19931e7a215277d,True,False
ARC / OAT-DP / DUR2,libero_spatial,pick_up_the_black_bowl_next_to_the_plate_and_place_it_on_the_plate,69.19999999999999,250,arc-dpr3-20260926-dur2-spatial,ed64a10db0b04b555668ee8699edc4bcd4281a204e60163fd19931e7a215277d,True,False
ARC / OAT-DP / DUR2,libero_spatial,pick_up_the_black_bowl_next_to_the_ramekin_and_place_it_on_the_plate,86.4,250,arc-dpr3-20260926-dur2-spatial,ed64a10db0b04b555668ee8699edc4bcd4281a204e60163fd19931e7a215277d,True,False
ARC / OAT-DP / DUR2,libero_spatial,pick_up_the_black_bowl_on_the_cookie_box_and_place_it_on_the_plate,85.2,250,arc-dpr3-20260926-dur2-spatial,ed64a10db0b04b555668ee8699edc4bcd4281a204e60163fd19931e7a215277d,True,False
ARC / OAT-DP / DUR2,libero_spatial,pick_up_the_black_bowl_on_the_ramekin_and_place_it_on_the_plate,20.8,250,arc-dpr3-20260926-dur2-spatial,ed64a10db0b04b555668ee8699edc4bcd4281a204e60163fd19931e7a215277d,True,False
ARC / OAT-DP / DUR2,libero_spatial,pick_up_the_black_bowl_on_the_stove_and_place_it_on_the_plate,80.80000000000001,250,arc-dpr3-20260926-dur2-spatial,ed64a10db0b04b555668ee8699edc4bcd4281a204e60163fd19931e7a215277d,True,False
ARC / OAT-DP / DUR2,libero_spatial,pick_up_the_black_bowl_on_the_wooden_cabinet_and_place_it_on_the_plate,73.6,250,arc-dpr3-20260926-dur2-spatial,ed64a10db0b04b555668ee8699edc4bcd4281a204e60163fd19931e7a215277d,True,False
ARC / OAT-DP / DUR2,libero_object,pick_up_the_alphabet_soup_and_place_it_in_the_basket,0.0,250,arc-dpr3-20260926-dur2-object,6e93e2ff2a86abea998de20aca882e3e9dfae9ac7fa6e1f871b0f1b2c401b0e8,True,True
ARC / OAT-DP / DUR2,libero_object,pick_up_the_bbq_sauce_and_place_it_in_the_basket,0.0,250,arc-dpr3-20260926-dur2-object,6e93e2ff2a86abea998de20aca882e3e9dfae9ac7fa6e1f871b0f1b2c401b0e8,True,True
ARC / OAT-DP / DUR2,libero_object,pick_up_the_butter_and_place_it_in_the_basket,0.0,250,arc-dpr3-20260926-dur2-object,6e93e2ff2a86abea998de20aca882e3e9dfae9ac7fa6e1f871b0f1b2c401b0e8,True,True
ARC / OAT-DP / DUR2,libero_object,pick_up_the_chocolate_pudding_and_place_it_in_the_basket,0.0,250,arc-dpr3-20260926-dur2-object,6e93e2ff2a86abea998de20aca882e3e9dfae9ac7fa6e1f871b0f1b2c401b0e8,True,True
ARC / OAT-DP / DUR2,libero_object,pick_up_the_cream_cheese_and_place_it_in_the_basket,0.0,250,arc-dpr3-20260926-dur2-object,6e93e2ff2a86abea998de20aca882e3e9dfae9ac7fa6e1f871b0f1b2c401b0e8,True,True
ARC / OAT-DP / DUR2,libero_object,pick_up_the_ketchup_and_place_it_in_the_basket,0.0,250,arc-dpr3-20260926-dur2-object,6e93e2ff2a86abea998de20aca882e3e9dfae9ac7fa6e1f871b0f1b2c401b0e8,True,True
ARC / OAT-DP / DUR2,libero_object,pick_up_the_milk_and_place_it_in_the_basket,0.0,250,arc-dpr3-20260926-dur2-object,6e93e2ff2a86abea998de20aca882e3e9dfae9ac7fa6e1f871b0f1b2c401b0e8,True,True
ARC / OAT-DP / DUR2,libero_object,pick_up_the_orange_juice_and_place_it_in_the_basket,0.0,250,arc-dpr3-20260926-dur2-object,6e93e2ff2a86abea998de20aca882e3e9dfae9ac7fa6e1f871b0f1b2c401b0e8,True,True
ARC / OAT-DP / DUR2,libero_object,pick_up_the_salad_dressing_and_place_it_in_the_basket,0.0,250,arc-dpr3-20260926-dur2-object,6e93e2ff2a86abea998de20aca882e3e9dfae9ac7fa6e1f871b0f1b2c401b0e8,True,True
ARC / OAT-DP / DUR2,libero_object,pick_up_the_tomato_sauce_and_place_it_in_the_basket,0.0,250,arc-dpr3-20260926-dur2-object,6e93e2ff2a86abea998de20aca882e3e9dfae9ac7fa6e1f871b0f1b2c401b0e8,True,True
ARC / OAT-DP / DUR2,libero_goal,open_the_middle_drawer_of_the_cabinet,96.8,250,arc-dpr-20260925-dur2-goal,f8bd19e15505531caf59f7769fc389e05112584303b017614e04535d91d00742,True,False
ARC / OAT-DP / DUR2,libero_goal,open_the_top_drawer_and_put_the_bowl_inside,59.199999999999996,250,arc-dpr-20260925-dur2-goal,f8bd19e15505531caf59f7769fc389e05112584303b017614e04535d91d00742,True,False
ARC / OAT-DP / DUR2,libero_goal,push_the_plate_to_the_front_of_the_stove,80.4,250,arc-dpr-20260925-dur2-goal,f8bd19e15505531caf59f7769fc389e05112584303b017614e04535d91d00742,True,False
ARC / OAT-DP / DUR2,libero_goal,put_the_bowl_on_the_plate,88.8,250,arc-dpr-20260925-dur2-goal,f8bd19e15505531caf59f7769fc389e05112584303b017614e04535d91d00742,True,False
ARC / OAT-DP / DUR2,libero_goal,put_the_bowl_on_the_stove,89.60000000000001,250,arc-dpr-20260925-dur2-goal,f8bd19e15505531caf59f7769fc389e05112584303b017614e04535d91d00742,True,False
ARC / OAT-DP / DUR2,libero_goal,put_the_bowl_on_top_of_the_cabinet,92.80000000000001,250,arc-dpr-20260925-dur2-goal,f8bd19e15505531caf59f7769fc389e05112584303b017614e04535d91d00742,True,False
ARC / OAT-DP / DUR2,libero_goal,put_the_cream_cheese_in_the_bowl,60.8,250,arc-dpr-20260925-dur2-goal,f8bd19e15505531caf59f7769fc389e05112584303b017614e04535d91d00742,True,False
ARC / OAT-DP / DUR2,libero_goal,put_the_wine_bottle_on_the_rack,83.2,250,arc-dpr-20260925-dur2-goal,f8bd19e15505531caf59f7769fc389e05112584303b017614e04535d91d00742,True,False
ARC / OAT-DP / DUR2,libero_goal,put_the_wine_bottle_on_top_of_the_cabinet,85.6,250,arc-dpr-20260925-dur2-goal,f8bd19e15505531caf59f7769fc389e05112584303b017614e04535d91d00742,True,False
ARC / OAT-DP / DUR2,libero_goal,turn_on_the_stove,97.6,250,arc-dpr-20260925-dur2-goal,f8bd19e15505531caf59f7769fc389e05112584303b017614e04535d91d00742,True,False
ARC / OAT-DP / DUR2,libero_10,KITCHEN_SCENE3_turn_on_the_stove_and_put_the_moka_pot_on_it,95.6,250,arc-dpr-20260925-dur2-10,3beb5cdd8da1109a75f084bbcb3a85b57b364794c65b02cda9646386616a0d2b,True,False
ARC / OAT-DP / DUR2,libero_10,KITCHEN_SCENE4_put_the_black_bowl_in_the_bottom_drawer_of_the_cabinet_and_close_it,98.8,250,arc-dpr-20260925-dur2-10,3beb5cdd8da1109a75f084bbcb3a85b57b364794c65b02cda9646386616a0d2b,True,False
ARC / OAT-DP / DUR2,libero_10,KITCHEN_SCENE6_put_the_yellow_and_white_mug_in_the_microwave_and_close_it,92.0,250,arc-dpr-20260925-dur2-10,3beb5cdd8da1109a75f084bbcb3a85b57b364794c65b02cda9646386616a0d2b,True,False
ARC / OAT-DP / DUR2,libero_10,KITCHEN_SCENE8_put_both_moka_pots_on_the_stove,71.2,250,arc-dpr-20260925-dur2-10,3beb5cdd8da1109a75f084bbcb3a85b57b364794c65b02cda9646386616a0d2b,True,False
ARC / OAT-DP / DUR2,libero_10,LIVING_ROOM_SCENE1_put_both_the_alphabet_soup_and_the_cream_cheese_box_in_the_basket,81.2,250,arc-dpr-20260925-dur2-10,3beb5cdd8da1109a75f084bbcb3a85b57b364794c65b02cda9646386616a0d2b,True,False
ARC / OAT-DP / DUR2,libero_10,LIVING_ROOM_SCENE2_put_both_the_alphabet_soup_and_the_tomato_sauce_in_the_basket,31.6,250,arc-dpr-20260925-dur2-10,3beb5cdd8da1109a75f084bbcb3a85b57b364794c65b02cda9646386616a0d2b,True,False
ARC / OAT-DP / DUR2,libero_10,LIVING_ROOM_SCENE2_put_both_the_cream_cheese_box_and_the_butter_in_the_basket,15.2,250,arc-dpr-20260925-dur2-10,3beb5cdd8da1109a75f084bbcb3a85b57b364794c65b02cda9646386616a0d2b,True,False
ARC / OAT-DP / DUR2,libero_10,LIVING_ROOM_SCENE5_put_the_white_mug_on_the_left_plate_and_put_the_yellow_and_white_mug_on_the_right_plate,74.8,250,arc-dpr-20260925-dur2-10,3beb5cdd8da1109a75f084bbcb3a85b57b364794c65b02cda9646386616a0d2b,True,False
ARC / OAT-DP / DUR2,libero_10,LIVING_ROOM_SCENE6_put_the_white_mug_on_the_plate_and_put_the_chocolate_pudding_to_the_right_of_the_plate,61.6,250,arc-dpr-20260925-dur2-10,3beb5cdd8da1109a75f084bbcb3a85b57b364794c65b02cda9646386616a0d2b,True,False
ARC / OAT-DP / DUR2,libero_10,STUDY_SCENE1_pick_up_the_book_and_place_it_in_the_back_compartment_of_the_caddy,94.8,250,arc-dpr-20260925-dur2-10,3beb5cdd8da1109a75f084bbcb3a85b57b364794c65b02cda9646386616a0d2b,True,False
ARC / OAT-DP / shared STK,libero_spatial,pick_up_the_black_bowl_between_the_plate_and_the_ramekin_and_place_it_on_the_plate,74.4,250,arc-dpr3-20260926-shared-stk-spatial,3ed9eedd547b95d72913baa11db4d492cb1014eeb4b7ac17e19935ed4a3006f8,True,False
ARC / OAT-DP / shared STK,libero_spatial,pick_up_the_black_bowl_from_table_center_and_place_it_on_the_plate,92.0,250,arc-dpr3-20260926-shared-stk-spatial,3ed9eedd547b95d72913baa11db4d492cb1014eeb4b7ac17e19935ed4a3006f8,True,False
ARC / OAT-DP / shared STK,libero_spatial,pick_up_the_black_bowl_in_the_top_drawer_of_the_wooden_cabinet_and_place_it_on_the_plate,91.2,250,arc-dpr3-20260926-shared-stk-spatial,3ed9eedd547b95d72913baa11db4d492cb1014eeb4b7ac17e19935ed4a3006f8,True,False
ARC / OAT-DP / shared STK,libero_spatial,pick_up_the_black_bowl_next_to_the_cookie_box_and_place_it_on_the_plate,87.2,250,arc-dpr3-20260926-shared-stk-spatial,3ed9eedd547b95d72913baa11db4d492cb1014eeb4b7ac17e19935ed4a3006f8,True,False
ARC / OAT-DP / shared STK,libero_spatial,pick_up_the_black_bowl_next_to_the_plate_and_place_it_on_the_plate,67.60000000000001,250,arc-dpr3-20260926-shared-stk-spatial,3ed9eedd547b95d72913baa11db4d492cb1014eeb4b7ac17e19935ed4a3006f8,True,False
ARC / OAT-DP / shared STK,libero_spatial,pick_up_the_black_bowl_next_to_the_ramekin_and_place_it_on_the_plate,86.8,250,arc-dpr3-20260926-shared-stk-spatial,3ed9eedd547b95d72913baa11db4d492cb1014eeb4b7ac17e19935ed4a3006f8,True,False
ARC / OAT-DP / shared STK,libero_spatial,pick_up_the_black_bowl_on_the_cookie_box_and_place_it_on_the_plate,79.60000000000001,250,arc-dpr3-20260926-shared-stk-spatial,3ed9eedd547b95d72913baa11db4d492cb1014eeb4b7ac17e19935ed4a3006f8,True,False
ARC / OAT-DP / shared STK,libero_spatial,pick_up_the_black_bowl_on_the_ramekin_and_place_it_on_the_plate,18.4,250,arc-dpr3-20260926-shared-stk-spatial,3ed9eedd547b95d72913baa11db4d492cb1014eeb4b7ac17e19935ed4a3006f8,True,False
ARC / OAT-DP / shared STK,libero_spatial,pick_up_the_black_bowl_on_the_stove_and_place_it_on_the_plate,77.2,250,arc-dpr3-20260926-shared-stk-spatial,3ed9eedd547b95d72913baa11db4d492cb1014eeb4b7ac17e19935ed4a3006f8,True,False
ARC / OAT-DP / shared STK,libero_spatial,pick_up_the_black_bowl_on_the_wooden_cabinet_and_place_it_on_the_plate,74.4,250,arc-dpr3-20260926-shared-stk-spatial,3ed9eedd547b95d72913baa11db4d492cb1014eeb4b7ac17e19935ed4a3006f8,True,False
ARC / OAT-DP / shared STK,libero_goal,open_the_middle_drawer_of_the_cabinet,99.6,250,arc-dpr3-20260926-shared-stk-goal,df89a11de3c7663c97f483c4e393a527c0d04cb46de891da725c4b8761259581,True,False
ARC / OAT-DP / shared STK,libero_goal,open_the_top_drawer_and_put_the_bowl_inside,68.0,250,arc-dpr3-20260926-shared-stk-goal,df89a11de3c7663c97f483c4e393a527c0d04cb46de891da725c4b8761259581,True,False
ARC / OAT-DP / shared STK,libero_goal,push_the_plate_to_the_front_of_the_stove,84.39999999999999,250,arc-dpr3-20260926-shared-stk-goal,df89a11de3c7663c97f483c4e393a527c0d04cb46de891da725c4b8761259581,True,False
ARC / OAT-DP / shared STK,libero_goal,put_the_bowl_on_the_plate,89.2,250,arc-dpr3-20260926-shared-stk-goal,df89a11de3c7663c97f483c4e393a527c0d04cb46de891da725c4b8761259581,True,False
ARC / OAT-DP / shared STK,libero_goal,put_the_bowl_on_the_stove,92.0,250,arc-dpr3-20260926-shared-stk-goal,df89a11de3c7663c97f483c4e393a527c0d04cb46de891da725c4b8761259581,True,False
ARC / OAT-DP / shared STK,libero_goal,put_the_bowl_on_top_of_the_cabinet,93.60000000000001,250,arc-dpr3-20260926-shared-stk-goal,df89a11de3c7663c97f483c4e393a527c0d04cb46de891da725c4b8761259581,True,False
ARC / OAT-DP / shared STK,libero_goal,put_the_cream_cheese_in_the_bowl,72.0,250,arc-dpr3-20260926-shared-stk-goal,df89a11de3c7663c97f483c4e393a527c0d04cb46de891da725c4b8761259581,True,False
ARC / OAT-DP / shared STK,libero_goal,put_the_wine_bottle_on_the_rack,72.39999999999999,250,arc-dpr3-20260926-shared-stk-goal,df89a11de3c7663c97f483c4e393a527c0d04cb46de891da725c4b8761259581,True,False
ARC / OAT-DP / shared STK,libero_goal,put_the_wine_bottle_on_top_of_the_cabinet,83.6,250,arc-dpr3-20260926-shared-stk-goal,df89a11de3c7663c97f483c4e393a527c0d04cb46de891da725c4b8761259581,True,False
ARC / OAT-DP / shared STK,libero_goal,turn_on_the_stove,95.19999999999999,250,arc-dpr3-20260926-shared-stk-goal,df89a11de3c7663c97f483c4e393a527c0d04cb46de891da725c4b8761259581,True,False
ARC / OAT-DP / shared STK,libero_10,KITCHEN_SCENE3_turn_on_the_stove_and_put_the_moka_pot_on_it,93.60000000000001,250,arc-eval-r1-20260926-shared-stk-10,59343ec2490d21f3ec5332158252a63a1649b5899c98daa8da2c73e86e2367cd,True,False
ARC / OAT-DP / shared STK,libero_10,KITCHEN_SCENE4_put_the_black_bowl_in_the_bottom_drawer_of_the_cabinet_and_close_it,97.2,250,arc-eval-r1-20260926-shared-stk-10,59343ec2490d21f3ec5332158252a63a1649b5899c98daa8da2c73e86e2367cd,True,False
ARC / OAT-DP / shared STK,libero_10,KITCHEN_SCENE6_put_the_yellow_and_white_mug_in_the_microwave_and_close_it,90.8,250,arc-eval-r1-20260926-shared-stk-10,59343ec2490d21f3ec5332158252a63a1649b5899c98daa8da2c73e86e2367cd,True,False
ARC / OAT-DP / shared STK,libero_10,KITCHEN_SCENE8_put_both_moka_pots_on_the_stove,74.4,250,arc-eval-r1-20260926-shared-stk-10,59343ec2490d21f3ec5332158252a63a1649b5899c98daa8da2c73e86e2367cd,True,False
ARC / OAT-DP / shared STK,libero_10,LIVING_ROOM_SCENE1_put_both_the_alphabet_soup_and_the_cream_cheese_box_in_the_basket,63.6,250,arc-eval-r1-20260926-shared-stk-10,59343ec2490d21f3ec5332158252a63a1649b5899c98daa8da2c73e86e2367cd,True,False
ARC / OAT-DP / shared STK,libero_10,LIVING_ROOM_SCENE2_put_both_the_alphabet_soup_and_the_tomato_sauce_in_the_basket,31.2,250,arc-eval-r1-20260926-shared-stk-10,59343ec2490d21f3ec5332158252a63a1649b5899c98daa8da2c73e86e2367cd,True,False
ARC / OAT-DP / shared STK,libero_10,LIVING_ROOM_SCENE2_put_both_the_cream_cheese_box_and_the_butter_in_the_basket,11.600000000000001,250,arc-eval-r1-20260926-shared-stk-10,59343ec2490d21f3ec5332158252a63a1649b5899c98daa8da2c73e86e2367cd,True,False
ARC / OAT-DP / shared STK,libero_10,LIVING_ROOM_SCENE5_put_the_white_mug_on_the_left_plate_and_put_the_yellow_and_white_mug_on_the_right_plate,61.6,250,arc-eval-r1-20260926-shared-stk-10,59343ec2490d21f3ec5332158252a63a1649b5899c98daa8da2c73e86e2367cd,True,False
ARC / OAT-DP / shared STK,libero_10,LIVING_ROOM_SCENE6_put_the_white_mug_on_the_plate_and_put_the_chocolate_pudding_to_the_right_of_the_plate,57.599999999999994,250,arc-eval-r1-20260926-shared-stk-10,59343ec2490d21f3ec5332158252a63a1649b5899c98daa8da2c73e86e2367cd,True,False
ARC / OAT-DP / shared STK,libero_10,STUDY_SCENE1_pick_up_the_book_and_place_it_in_the_back_compartment_of_the_caddy,94.8,250,arc-eval-r1-20260926-shared-stk-10,59343ec2490d21f3ec5332158252a63a1649b5899c98daa8da2c73e86e2367cd,True,False
ARC / OAT-DP / shared DUR,libero_spatial,pick_up_the_black_bowl_between_the_plate_and_the_ramekin_and_place_it_on_the_plate,80.4,250,arc-dpr3-20260926-shared-dur-spatial,745be023f35acd19cd1c347294b17c5984b922a3f41b47f1edbe88de5dcfc701,True,False
ARC / OAT-DP / shared DUR,libero_spatial,pick_up_the_black_bowl_from_table_center_and_place_it_on_the_plate,92.80000000000001,250,arc-dpr3-20260926-shared-dur-spatial,745be023f35acd19cd1c347294b17c5984b922a3f41b47f1edbe88de5dcfc701,True,False
ARC / OAT-DP / shared DUR,libero_spatial,pick_up_the_black_bowl_in_the_top_drawer_of_the_wooden_cabinet_and_place_it_on_the_plate,86.8,250,arc-dpr3-20260926-shared-dur-spatial,745be023f35acd19cd1c347294b17c5984b922a3f41b47f1edbe88de5dcfc701,True,False
ARC / OAT-DP / shared DUR,libero_spatial,pick_up_the_black_bowl_next_to_the_cookie_box_and_place_it_on_the_plate,86.8,250,arc-dpr3-20260926-shared-dur-spatial,745be023f35acd19cd1c347294b17c5984b922a3f41b47f1edbe88de5dcfc701,True,False
ARC / OAT-DP / shared DUR,libero_spatial,pick_up_the_black_bowl_next_to_the_plate_and_place_it_on_the_plate,66.8,250,arc-dpr3-20260926-shared-dur-spatial,745be023f35acd19cd1c347294b17c5984b922a3f41b47f1edbe88de5dcfc701,True,False
ARC / OAT-DP / shared DUR,libero_spatial,pick_up_the_black_bowl_next_to_the_ramekin_and_place_it_on_the_plate,84.0,250,arc-dpr3-20260926-shared-dur-spatial,745be023f35acd19cd1c347294b17c5984b922a3f41b47f1edbe88de5dcfc701,True,False
ARC / OAT-DP / shared DUR,libero_spatial,pick_up_the_black_bowl_on_the_cookie_box_and_place_it_on_the_plate,92.80000000000001,250,arc-dpr3-20260926-shared-dur-spatial,745be023f35acd19cd1c347294b17c5984b922a3f41b47f1edbe88de5dcfc701,True,False
ARC / OAT-DP / shared DUR,libero_spatial,pick_up_the_black_bowl_on_the_ramekin_and_place_it_on_the_plate,15.6,250,arc-dpr3-20260926-shared-dur-spatial,745be023f35acd19cd1c347294b17c5984b922a3f41b47f1edbe88de5dcfc701,True,False
ARC / OAT-DP / shared DUR,libero_spatial,pick_up_the_black_bowl_on_the_stove_and_place_it_on_the_plate,82.39999999999999,250,arc-dpr3-20260926-shared-dur-spatial,745be023f35acd19cd1c347294b17c5984b922a3f41b47f1edbe88de5dcfc701,True,False
ARC / OAT-DP / shared DUR,libero_spatial,pick_up_the_black_bowl_on_the_wooden_cabinet_and_place_it_on_the_plate,59.199999999999996,250,arc-dpr3-20260926-shared-dur-spatial,745be023f35acd19cd1c347294b17c5984b922a3f41b47f1edbe88de5dcfc701,True,False
ARC / OAT-DP / shared DUR,libero_goal,open_the_middle_drawer_of_the_cabinet,97.6,250,arc-dpr3-20260926-shared-dur-goal,8f836532f421e0b6075e1e78c2ef8f32d24303684fbdbb1dae175ab0d47d677d,True,False
ARC / OAT-DP / shared DUR,libero_goal,open_the_top_drawer_and_put_the_bowl_inside,64.0,250,arc-dpr3-20260926-shared-dur-goal,8f836532f421e0b6075e1e78c2ef8f32d24303684fbdbb1dae175ab0d47d677d,True,False
ARC / OAT-DP / shared DUR,libero_goal,push_the_plate_to_the_front_of_the_stove,83.2,250,arc-dpr3-20260926-shared-dur-goal,8f836532f421e0b6075e1e78c2ef8f32d24303684fbdbb1dae175ab0d47d677d,True,False
ARC / OAT-DP / shared DUR,libero_goal,put_the_bowl_on_the_plate,82.8,250,arc-dpr3-20260926-shared-dur-goal,8f836532f421e0b6075e1e78c2ef8f32d24303684fbdbb1dae175ab0d47d677d,True,False
ARC / OAT-DP / shared DUR,libero_goal,put_the_bowl_on_the_stove,91.2,250,arc-dpr3-20260926-shared-dur-goal,8f836532f421e0b6075e1e78c2ef8f32d24303684fbdbb1dae175ab0d47d677d,True,False
ARC / OAT-DP / shared DUR,libero_goal,put_the_bowl_on_top_of_the_cabinet,89.60000000000001,250,arc-dpr3-20260926-shared-dur-goal,8f836532f421e0b6075e1e78c2ef8f32d24303684fbdbb1dae175ab0d47d677d,True,False
ARC / OAT-DP / shared DUR,libero_goal,put_the_cream_cheese_in_the_bowl,64.8,250,arc-dpr3-20260926-shared-dur-goal,8f836532f421e0b6075e1e78c2ef8f32d24303684fbdbb1dae175ab0d47d677d,True,False
ARC / OAT-DP / shared DUR,libero_goal,put_the_wine_bottle_on_the_rack,73.6,250,arc-dpr3-20260926-shared-dur-goal,8f836532f421e0b6075e1e78c2ef8f32d24303684fbdbb1dae175ab0d47d677d,True,False
ARC / OAT-DP / shared DUR,libero_goal,put_the_wine_bottle_on_top_of_the_cabinet,86.4,250,arc-dpr3-20260926-shared-dur-goal,8f836532f421e0b6075e1e78c2ef8f32d24303684fbdbb1dae175ab0d47d677d,True,False
ARC / OAT-DP / shared DUR,libero_goal,turn_on_the_stove,99.6,250,arc-dpr3-20260926-shared-dur-goal,8f836532f421e0b6075e1e78c2ef8f32d24303684fbdbb1dae175ab0d47d677d,True,False
ARC / OAT-DP / shared DUR,libero_10,KITCHEN_SCENE3_turn_on_the_stove_and_put_the_moka_pot_on_it,88.8,250,arc-eval-paired-20260927-shared-dur-10,f4df8dd2f6e674b568b0d967405e84701359fe981e8ecb72478a294569a2b727,True,False
ARC / OAT-DP / shared DUR,libero_10,KITCHEN_SCENE4_put_the_black_bowl_in_the_bottom_drawer_of_the_cabinet_and_close_it,99.2,250,arc-eval-paired-20260927-shared-dur-10,f4df8dd2f6e674b568b0d967405e84701359fe981e8ecb72478a294569a2b727,True,False
ARC / OAT-DP / shared DUR,libero_10,KITCHEN_SCENE6_put_the_yellow_and_white_mug_in_the_microwave_and_close_it,92.4,250,arc-eval-paired-20260927-shared-dur-10,f4df8dd2f6e674b568b0d967405e84701359fe981e8ecb72478a294569a2b727,True,False
ARC / OAT-DP / shared DUR,libero_10,KITCHEN_SCENE8_put_both_moka_pots_on_the_stove,68.8,250,arc-eval-paired-20260927-shared-dur-10,f4df8dd2f6e674b568b0d967405e84701359fe981e8ecb72478a294569a2b727,True,False
ARC / OAT-DP / shared DUR,libero_10,LIVING_ROOM_SCENE1_put_both_the_alphabet_soup_and_the_cream_cheese_box_in_the_basket,75.6,250,arc-eval-paired-20260927-shared-dur-10,f4df8dd2f6e674b568b0d967405e84701359fe981e8ecb72478a294569a2b727,True,False
ARC / OAT-DP / shared DUR,libero_10,LIVING_ROOM_SCENE2_put_both_the_alphabet_soup_and_the_tomato_sauce_in_the_basket,24.4,250,arc-eval-paired-20260927-shared-dur-10,f4df8dd2f6e674b568b0d967405e84701359fe981e8ecb72478a294569a2b727,True,False
ARC / OAT-DP / shared DUR,libero_10,LIVING_ROOM_SCENE2_put_both_the_cream_cheese_box_and_the_butter_in_the_basket,19.2,250,arc-eval-paired-20260927-shared-dur-10,f4df8dd2f6e674b568b0d967405e84701359fe981e8ecb72478a294569a2b727,True,False
ARC / OAT-DP / shared DUR,libero_10,LIVING_ROOM_SCENE5_put_the_white_mug_on_the_left_plate_and_put_the_yellow_and_white_mug_on_the_right_plate,74.8,250,arc-eval-paired-20260927-shared-dur-10,f4df8dd2f6e674b568b0d967405e84701359fe981e8ecb72478a294569a2b727,True,False
ARC / OAT-DP / shared DUR,libero_10,LIVING_ROOM_SCENE6_put_the_white_mug_on_the_plate_and_put_the_chocolate_pudding_to_the_right_of_the_plate,49.6,250,arc-eval-paired-20260927-shared-dur-10,f4df8dd2f6e674b568b0d967405e84701359fe981e8ecb72478a294569a2b727,True,False
ARC / OAT-DP / shared DUR,libero_10,STUDY_SCENE1_pick_up_the_book_and_place_it_in_the_back_compartment_of_the_caddy,92.80000000000001,250,arc-eval-paired-20260927-shared-dur-10,f4df8dd2f6e674b568b0d967405e84701359fe981e8ecb72478a294569a2b727,True,False
